[debug] [2025-12-17T18:47:22.890Z] ----------------------------------------------------------------------
[debug] [2025-12-17T18:47:22.892Z] Command:       /opt/homebrew/Cellar/node/24.4.1/bin/node /opt/homebrew/bin/firebase deploy --only functions
[debug] [2025-12-17T18:47:22.892Z] CLI Version:   15.0.0
[debug] [2025-12-17T18:47:22.893Z] Platform:      darwin
[debug] [2025-12-17T18:47:22.893Z] Node Version:  v24.4.1
[debug] [2025-12-17T18:47:22.893Z] Time:          Wed Dec 17 2025 13:47:22 GMT-0500 (Eastern Standard Time)
[debug] [2025-12-17T18:47:22.893Z] ----------------------------------------------------------------------
[debug] 
[warn] ⚠  JSON error trying to load /Users/christopherhammers/Documents/GitHub/LicensePlateApp/LicensePlateAppiOS/.firebaserc 
[debug] [2025-12-17T18:47:23.421Z] > command requires scopes: ["email","openid","https://www.googleapis.com/auth/cloudplatformprojects.readonly","https://www.googleapis.com/auth/firebase","https://www.googleapis.com/auth/cloud-platform"]
[debug] [2025-12-17T18:47:23.421Z] > authorizing via signed-in user (hammerstechllc@gmail.com)
[debug] [2025-12-17T18:47:23.421Z] [iam] checking project roadtrip-royale-dev-d2652 for permissions ["cloudfunctions.functions.create","cloudfunctions.functions.delete","cloudfunctions.functions.get","cloudfunctions.functions.list","cloudfunctions.functions.update","cloudfunctions.operations.get","firebase.projects.get"]
[debug] [2025-12-17T18:47:23.422Z] Checked if tokens are valid: true, expires at: 1766000738358
[debug] [2025-12-17T18:47:23.422Z] Checked if tokens are valid: true, expires at: 1766000738358
[debug] [2025-12-17T18:47:23.423Z] >>> [apiv2][query] POST https://cloudresourcemanager.googleapis.com/v1/projects/roadtrip-royale-dev-d2652:testIamPermissions [none]
[debug] [2025-12-17T18:47:23.423Z] >>> [apiv2][(partial)header] POST https://cloudresourcemanager.googleapis.com/v1/projects/roadtrip-royale-dev-d2652:testIamPermissions x-goog-quota-user=projects/roadtrip-royale-dev-d2652
[debug] [2025-12-17T18:47:23.423Z] >>> [apiv2][body] POST https://cloudresourcemanager.googleapis.com/v1/projects/roadtrip-royale-dev-d2652:testIamPermissions {"permissions":["cloudfunctions.functions.create","cloudfunctions.functions.delete","cloudfunctions.functions.get","cloudfunctions.functions.list","cloudfunctions.functions.update","cloudfunctions.operations.get","firebase.projects.get"]}
[debug] [2025-12-17T18:47:23.623Z] <<< [apiv2][status] POST https://cloudresourcemanager.googleapis.com/v1/projects/roadtrip-royale-dev-d2652:testIamPermissions 200
[debug] [2025-12-17T18:47:23.623Z] <<< [apiv2][body] POST https://cloudresourcemanager.googleapis.com/v1/projects/roadtrip-royale-dev-d2652:testIamPermissions {"permissions":["cloudfunctions.functions.create","cloudfunctions.functions.delete","cloudfunctions.functions.get","cloudfunctions.functions.list","cloudfunctions.functions.update","cloudfunctions.operations.get","firebase.projects.get"]}
[debug] [2025-12-17T18:47:23.623Z] Checked if tokens are valid: true, expires at: 1766000738358
[debug] [2025-12-17T18:47:23.623Z] Checked if tokens are valid: true, expires at: 1766000738358
[debug] [2025-12-17T18:47:23.624Z] >>> [apiv2][query] POST https://iam.googleapis.com/v1/projects/roadtrip-royale-dev-d2652/serviceAccounts/roadtrip-royale-dev-d2652@appspot.gserviceaccount.com:testIamPermissions [none]
[debug] [2025-12-17T18:47:23.624Z] >>> [apiv2][body] POST https://iam.googleapis.com/v1/projects/roadtrip-royale-dev-d2652/serviceAccounts/roadtrip-royale-dev-d2652@appspot.gserviceaccount.com:testIamPermissions {"permissions":["iam.serviceAccounts.actAs"]}
[debug] [2025-12-17T18:47:23.841Z] <<< [apiv2][status] POST https://iam.googleapis.com/v1/projects/roadtrip-royale-dev-d2652/serviceAccounts/roadtrip-royale-dev-d2652@appspot.gserviceaccount.com:testIamPermissions 200
[debug] [2025-12-17T18:47:23.841Z] <<< [apiv2][body] POST https://iam.googleapis.com/v1/projects/roadtrip-royale-dev-d2652/serviceAccounts/roadtrip-royale-dev-d2652@appspot.gserviceaccount.com:testIamPermissions {"permissions":["iam.serviceAccounts.actAs"]}
[info] 
[info] === Deploying to 'roadtrip-royale-dev-d2652'...
[info] 
[info] i  deploying functions 
[info] Running command: npm --prefix "$RESOURCE_DIR" run build
[info] ✔  functions: Finished running predeploy script. 
[debug] [2025-12-17T18:47:24.876Z] Checked if tokens are valid: true, expires at: 1766000738358
[debug] [2025-12-17T18:47:24.876Z] Checked if tokens are valid: true, expires at: 1766000738358
[debug] [2025-12-17T18:47:24.876Z] >>> [apiv2][query] GET https://cloudresourcemanager.googleapis.com/v1/projects/roadtrip-royale-dev-d2652 [none]
[debug] [2025-12-17T18:47:25.039Z] <<< [apiv2][status] GET https://cloudresourcemanager.googleapis.com/v1/projects/roadtrip-royale-dev-d2652 200
[debug] [2025-12-17T18:47:25.039Z] <<< [apiv2][body] GET https://cloudresourcemanager.googleapis.com/v1/projects/roadtrip-royale-dev-d2652 {"projectNumber":"900272218936","projectId":"roadtrip-royale-dev-d2652","lifecycleState":"ACTIVE","name":"roadtrip-royale-dev","labels":{"firebase":"enabled","firebase-core":"disabled"},"createTime":"2025-11-20T08:52:23.871156Z"}
[info] i  functions: preparing codebase default for deployment 
[info] i  functions: ensuring required API cloudfunctions.googleapis.com is enabled... 
[info] i  functions: ensuring required API cloudbuild.googleapis.com is enabled... 
[info] i  artifactregistry: ensuring required API artifactregistry.googleapis.com is enabled... 
[debug] [2025-12-17T18:47:25.041Z] Checked if tokens are valid: true, expires at: 1766000738358
[debug] [2025-12-17T18:47:25.041Z] Checked if tokens are valid: true, expires at: 1766000738358
[debug] [2025-12-17T18:47:25.041Z] >>> [apiv2][query] GET https://firebase.googleapis.com/v1beta1/projects/roadtrip-royale-dev-d2652/adminSdkConfig [none]
[debug] [2025-12-17T18:47:25.252Z] <<< [apiv2][status] GET https://firebase.googleapis.com/v1beta1/projects/roadtrip-royale-dev-d2652/adminSdkConfig 200
[debug] [2025-12-17T18:47:25.252Z] <<< [apiv2][body] GET https://firebase.googleapis.com/v1beta1/projects/roadtrip-royale-dev-d2652/adminSdkConfig {"projectId":"roadtrip-royale-dev-d2652","storageBucket":"roadtrip-royale-dev-d2652.firebasestorage.app"}
[debug] [2025-12-17T18:47:25.253Z] Checked if tokens are valid: true, expires at: 1766000738358
[debug] [2025-12-17T18:47:25.253Z] Checked if tokens are valid: true, expires at: 1766000738358
[debug] [2025-12-17T18:47:25.253Z] >>> [apiv2][query] GET https://runtimeconfig.googleapis.com/v1beta1/projects/roadtrip-royale-dev-d2652/configs [none]
[debug] [2025-12-17T18:47:25.357Z] <<< [apiv2][status] GET https://runtimeconfig.googleapis.com/v1beta1/projects/roadtrip-royale-dev-d2652/configs 200
[debug] [2025-12-17T18:47:25.357Z] <<< [apiv2][body] GET https://runtimeconfig.googleapis.com/v1beta1/projects/roadtrip-royale-dev-d2652/configs {}
[debug] [2025-12-17T18:47:25.358Z] Validating nodejs source
[warn] ⚠  functions: package.json indicates an outdated version of firebase-functions. Please upgrade using npm install --save firebase-functions@latest in your functions directory. 
[warn] ⚠  functions: Please note that there will be breaking changes when you upgrade. 
[debug] [2025-12-17T18:47:25.835Z] > [functions] package.json contents: {
  "name": "functions",
  "scripts": {
    "build": "tsc",
    "serve": "npm run build && firebase emulators:start --only functions",
    "shell": "npm run build && firebase functions:shell",
    "start": "npm run shell",
    "deploy": "firebase deploy --only functions",
    "logs": "firebase functions:log"
  },
  "engines": {
    "node": "20"
  },
  "main": "lib/index.js",
  "dependencies": {
    "firebase-admin": "^12.0.0",
    "firebase-functions": "^4.5.0"
  },
  "devDependencies": {
    "@types/body-parser": "^1.19.6",
    "@types/express-serve-static-core": "^5.1.0",
    "@types/http-errors": "^2.0.5",
    "@types/ms": "^2.1.0",
    "@types/node": "^20.0.0",
    "@types/qs": "^6.14.0",
    "@types/range-parser": "^1.2.7",
    "@types/serve-static": "^2.2.0",
    "typescript": "^5.0.0"
  },
  "private": true
}
[debug] [2025-12-17T18:47:25.835Z] Building nodejs source
[info] i  functions: Loading and analyzing source code for codebase default to determine what to deploy 
[info] i  functions: You are using a version of firebase-functions SDK (4.9.0) that does not have support for the newest Firebase Extensions features. Please update firebase-functions SDK to >=5.1.0 to use them correctly 
[debug] [2025-12-17T18:47:25.835Z] Could not find functions.yaml. Must use http discovery
[debug] [2025-12-17T18:47:25.839Z] Found firebase-functions binary at '/Users/christopherhammers/Documents/GitHub/LicensePlateApp/LicensePlateAppiOS/functions/node_modules/.bin/firebase-functions'
[info] Serving at port 8708

[debug] [2025-12-17T18:47:26.127Z] Got response from /__/functions.yaml {"endpoints":{"createShareCode":{"platform":"gcfv1","labels":{},"availableMemoryMb":null,"timeoutSeconds":null,"minInstances":null,"maxInstances":null,"ingressSettings":null,"serviceAccountEmail":null,"vpc":null,"callableTrigger":{},"entryPoint":"createShareCode"},"redeemShareCode":{"platform":"gcfv1","labels":{},"availableMemoryMb":null,"timeoutSeconds":null,"minInstances":null,"maxInstances":null,"ingressSettings":null,"serviceAccountEmail":null,"vpc":null,"callableTrigger":{},"entryPoint":"redeemShareCode"},"sendFriendInvite":{"platform":"gcfv1","labels":{},"availableMemoryMb":null,"timeoutSeconds":null,"minInstances":null,"maxInstances":null,"ingressSettings":null,"serviceAccountEmail":null,"vpc":null,"callableTrigger":{},"entryPoint":"sendFriendInvite"},"respondToFriendInvite":{"platform":"gcfv1","labels":{},"availableMemoryMb":null,"timeoutSeconds":null,"minInstances":null,"maxInstances":null,"ingressSettings":null,"serviceAccountEmail":null,"vpc":null,"callableTrigger":{},"entryPoint":"respondToFriendInvite"},"createFamily":{"platform":"gcfv1","labels":{},"availableMemoryMb":null,"timeoutSeconds":null,"minInstances":null,"maxInstances":null,"ingressSettings":null,"serviceAccountEmail":null,"vpc":null,"callableTrigger":{},"entryPoint":"createFamily"},"sendFamilyInvite":{"platform":"gcfv1","labels":{},"availableMemoryMb":null,"timeoutSeconds":null,"minInstances":null,"maxInstances":null,"ingressSettings":null,"serviceAccountEmail":null,"vpc":null,"callableTrigger":{},"entryPoint":"sendFamilyInvite"},"respondToFamilyInvite_UserStep":{"platform":"gcfv1","labels":{},"availableMemoryMb":null,"timeoutSeconds":null,"minInstances":null,"maxInstances":null,"ingressSettings":null,"serviceAccountEmail":null,"vpc":null,"callableTrigger":{},"entryPoint":"respondToFamilyInvite_UserStep"},"approveFamilyJoinRequest_CaptainStep":{"platform":"gcfv1","labels":{},"availableMemoryMb":null,"timeoutSeconds":null,"minInstances":null,"maxInstances":null,"ingressSettings":null,"serviceAccountEmail":null,"vpc":null,"callableTrigger":{},"entryPoint":"approveFamilyJoinRequest_CaptainStep"},"removeFamilyMember":{"platform":"gcfv1","labels":{},"availableMemoryMb":null,"timeoutSeconds":null,"minInstances":null,"maxInstances":null,"ingressSettings":null,"serviceAccountEmail":null,"vpc":null,"callableTrigger":{},"entryPoint":"removeFamilyMember"},"changeFamilyMemberRole":{"platform":"gcfv1","labels":{},"availableMemoryMb":null,"timeoutSeconds":null,"minInstances":null,"maxInstances":null,"ingressSettings":null,"serviceAccountEmail":null,"vpc":null,"callableTrigger":{},"entryPoint":"changeFamilyMemberRole"},"expireInvitesAndCodes":{"platform":"gcfv1","availableMemoryMb":null,"timeoutSeconds":null,"minInstances":null,"maxInstances":null,"ingressSettings":null,"serviceAccountEmail":null,"vpc":null,"scheduleTrigger":{"schedule":"every 5 minutes","retryConfig":{"retryCount":null,"maxDoublings":null,"maxRetryDuration":null,"maxBackoffDuration":null,"minBackoffDuration":null},"timeZone":null},"labels":{},"entryPoint":"expireInvitesAndCodes"},"onAuthUserDeleted":{"platform":"gcfv1","availableMemoryMb":null,"timeoutSeconds":null,"minInstances":null,"maxInstances":null,"ingressSettings":null,"serviceAccountEmail":null,"vpc":null,"eventTrigger":{"eventType":"providers/firebase.auth/eventTypes/user.delete","eventFilters":{"resource":"projects/roadtrip-royale-dev-d2652"},"retry":false},"labels":{},"entryPoint":"onAuthUserDeleted"}},"specVersion":"v1alpha1","requiredAPIs":[{"api":"cloudscheduler.googleapis.com","reason":"Needed for scheduled functions."}]}
[info] i  functions: preparing functions directory for uploading... 
[info] i  functions: packaged /Users/christopherhammers/Documents/GitHub/LicensePlateApp/LicensePlateAppiOS/functions (68.38 KB) for uploading 
[debug] [2025-12-17T18:47:30.184Z] Checked if tokens are valid: true, expires at: 1766000738358
[debug] [2025-12-17T18:47:30.184Z] Checked if tokens are valid: true, expires at: 1766000738358
[debug] [2025-12-17T18:47:30.185Z] >>> [apiv2][query] GET https://cloudfunctions.googleapis.com/v1/projects/roadtrip-royale-dev-d2652/locations/-/functions [none]
[debug] [2025-12-17T18:47:30.639Z] <<< [apiv2][status] GET https://cloudfunctions.googleapis.com/v1/projects/roadtrip-royale-dev-d2652/locations/-/functions 200
[debug] [2025-12-17T18:47:30.639Z] <<< [apiv2][body] GET https://cloudfunctions.googleapis.com/v1/projects/roadtrip-royale-dev-d2652/locations/-/functions {}
[debug] [2025-12-17T18:47:30.640Z] Checked if tokens are valid: true, expires at: 1766000738358
[debug] [2025-12-17T18:47:30.640Z] Checked if tokens are valid: true, expires at: 1766000738358
[debug] [2025-12-17T18:47:30.640Z] >>> [apiv2][query] GET https://cloudfunctions.googleapis.com/v2/projects/roadtrip-royale-dev-d2652/locations/-/functions filter=environment%3D%22GEN_2%22
[debug] [2025-12-17T18:47:31.726Z] <<< [apiv2][status] GET https://cloudfunctions.googleapis.com/v2/projects/roadtrip-royale-dev-d2652/locations/-/functions 200
[debug] [2025-12-17T18:47:31.726Z] <<< [apiv2][body] GET https://cloudfunctions.googleapis.com/v2/projects/roadtrip-royale-dev-d2652/locations/-/functions {}
[info] i  functions: ensuring required API cloudscheduler.googleapis.com is enabled... 
[debug] [2025-12-17T18:47:31.730Z] Checked if tokens are valid: true, expires at: 1766000738358
[debug] [2025-12-17T18:47:31.730Z] Checked if tokens are valid: true, expires at: 1766000738358
[debug] [2025-12-17T18:47:31.730Z] >>> [apiv2][query] GET https://cloudresourcemanager.googleapis.com/v1/projects/roadtrip-royale-dev-d2652 [none]
[debug] [2025-12-17T18:47:31.878Z] <<< [apiv2][status] GET https://cloudresourcemanager.googleapis.com/v1/projects/roadtrip-royale-dev-d2652 200
[debug] [2025-12-17T18:47:31.878Z] <<< [apiv2][body] GET https://cloudresourcemanager.googleapis.com/v1/projects/roadtrip-royale-dev-d2652 {"projectNumber":"900272218936","projectId":"roadtrip-royale-dev-d2652","lifecycleState":"ACTIVE","name":"roadtrip-royale-dev","labels":{"firebase":"enabled","firebase-core":"disabled"},"createTime":"2025-11-20T08:52:23.871156Z"}
[debug] [2025-12-17T18:47:31.879Z] Checked if tokens are valid: true, expires at: 1766000738358
[debug] [2025-12-17T18:47:31.879Z] Checked if tokens are valid: true, expires at: 1766000738358
[debug] [2025-12-17T18:47:31.879Z] >>> [apiv2][query] POST https://cloudfunctions.googleapis.com/v1/projects/roadtrip-royale-dev-d2652/locations/us-central1/functions:generateUploadUrl [none]
[debug] [2025-12-17T18:47:31.879Z] >>> [apiv2][body] POST https://cloudfunctions.googleapis.com/v1/projects/roadtrip-royale-dev-d2652/locations/us-central1/functions:generateUploadUrl {}
[debug] [2025-12-17T18:47:32.370Z] <<< [apiv2][status] POST https://cloudfunctions.googleapis.com/v1/projects/roadtrip-royale-dev-d2652/locations/us-central1/functions:generateUploadUrl 200
[debug] [2025-12-17T18:47:32.370Z] <<< [apiv2][body] POST https://cloudfunctions.googleapis.com/v1/projects/roadtrip-royale-dev-d2652/locations/us-central1/functions:generateUploadUrl {"uploadUrl":"https://storage.googleapis.com/uploads-995950081560.us-central1.cloudfunctions.appspot.com/d3e4617f-c584-410e-b8fc-d9c3cfc0c12d.zip?GoogleAccessId=service-900272218936@gcf-admin-robot.iam.gserviceaccount.com&Expires=1765999052&Signature=ZVoB%2BvLwqtAEitcDaZMHjVFx971YfVOKBAJlNy57P5EBVNCAPUHzOu4gg6R3cBdkNT0mbkPjDkKJPYMkjY5v4iZ%2BRlnvdGEOqZiSD0sbJ20i0xElss5EV9c7eIoitrkLH5aDhuLwmVX3XLbEyiZpSzy5XK6sK7ikawv%2FxsV5w%2Fy8cfcCG6KSTUXPDvMvMADSzkP25FVuy3gXjrL14zPEd15fMHF5BsU%2F6YmBNTFNFaiR3PxBjbtqRFozdKJEFlyiONvqn3pusSuKEBv3O2uGeIce48wacKz8kvZVlkqv0smUXLO6dqAGsoHoN1zV3dzieFV76WfnPiP36F4UiKeD8w%3D%3D"}
[debug] [2025-12-17T18:47:32.370Z] >>> [apiv2][query] PUT https://storage.googleapis.com/uploads-995950081560.us-central1.cloudfunctions.appspot.com/d3e4617f-c584-410e-b8fc-d9c3cfc0c12d.zip GoogleAccessId=service-900272218936%40gcf-admin-robot.iam.gserviceaccount.com&Expires=1765999052&Signature=ZVoB%2BvLwqtAEitcDaZMHjVFx971YfVOKBAJlNy57P5EBVNCAPUHzOu4gg6R3cBdkNT0mbkPjDkKJPYMkjY5v4iZ%2BRlnvdGEOqZiSD0sbJ20i0xElss5EV9c7eIoitrkLH5aDhuLwmVX3XLbEyiZpSzy5XK6sK7ikawv%2FxsV5w%2Fy8cfcCG6KSTUXPDvMvMADSzkP25FVuy3gXjrL14zPEd15fMHF5BsU%2F6YmBNTFNFaiR3PxBjbtqRFozdKJEFlyiONvqn3pusSuKEBv3O2uGeIce48wacKz8kvZVlkqv0smUXLO6dqAGsoHoN1zV3dzieFV76WfnPiP36F4UiKeD8w%3D%3D
[debug] [2025-12-17T18:47:32.370Z] >>> [apiv2][body] PUT https://storage.googleapis.com/uploads-995950081560.us-central1.cloudfunctions.appspot.com/d3e4617f-c584-410e-b8fc-d9c3cfc0c12d.zip [stream]
[debug] [2025-12-17T18:47:32.566Z] <<< [apiv2][status] PUT https://storage.googleapis.com/uploads-995950081560.us-central1.cloudfunctions.appspot.com/d3e4617f-c584-410e-b8fc-d9c3cfc0c12d.zip 200
[debug] [2025-12-17T18:47:32.566Z] <<< [apiv2][body] PUT https://storage.googleapis.com/uploads-995950081560.us-central1.cloudfunctions.appspot.com/d3e4617f-c584-410e-b8fc-d9c3cfc0c12d.zip [omitted]
[info] ✔  functions: functions source uploaded successfully 
[info] i  functions: creating Node.js 20 (1st Gen) function createShareCode(us-central1)... 
[info] i  functions: creating Node.js 20 (1st Gen) function redeemShareCode(us-central1)... 
[info] i  functions: creating Node.js 20 (1st Gen) function sendFriendInvite(us-central1)... 
[info] i  functions: creating Node.js 20 (1st Gen) function respondToFriendInvite(us-central1)... 
[info] i  functions: creating Node.js 20 (1st Gen) function createFamily(us-central1)... 
[info] i  functions: creating Node.js 20 (1st Gen) function sendFamilyInvite(us-central1)... 
[info] i  functions: creating Node.js 20 (1st Gen) function respondToFamilyInvite_UserStep(us-central1)... 
[info] i  functions: creating Node.js 20 (1st Gen) function approveFamilyJoinRequest_CaptainStep(us-central1)... 
[info] i  functions: creating Node.js 20 (1st Gen) function removeFamilyMember(us-central1)... 
[info] i  functions: creating Node.js 20 (1st Gen) function changeFamilyMemberRole(us-central1)... 
[info] i  functions: creating Node.js 20 (1st Gen) function expireInvitesAndCodes(us-central1)... 
[info] i  functions: creating Node.js 20 (1st Gen) function onAuthUserDeleted(us-central1)... 
[debug] [2025-12-17T18:47:32.569Z] Checked if tokens are valid: true, expires at: 1766000738358
[debug] [2025-12-17T18:47:32.569Z] Checked if tokens are valid: true, expires at: 1766000738358
[debug] [2025-12-17T18:47:32.569Z] >>> [apiv2][query] POST https://cloudfunctions.googleapis.com/v1/projects/roadtrip-royale-dev-d2652/locations/us-central1/functions [none]
[debug] [2025-12-17T18:47:32.569Z] >>> [apiv2][body] POST https://cloudfunctions.googleapis.com/v1/projects/roadtrip-royale-dev-d2652/locations/us-central1/functions {"name":"projects/roadtrip-royale-dev-d2652/locations/us-central1/functions/createShareCode","sourceUploadUrl":"https://storage.googleapis.com/uploads-995950081560.us-central1.cloudfunctions.appspot.com/d3e4617f-c584-410e-b8fc-d9c3cfc0c12d.zip?GoogleAccessId=service-900272218936@gcf-admin-robot.iam.gserviceaccount.com&Expires=1765999052&Signature=ZVoB%2BvLwqtAEitcDaZMHjVFx971YfVOKBAJlNy57P5EBVNCAPUHzOu4gg6R3cBdkNT0mbkPjDkKJPYMkjY5v4iZ%2BRlnvdGEOqZiSD0sbJ20i0xElss5EV9c7eIoitrkLH5aDhuLwmVX3XLbEyiZpSzy5XK6sK7ikawv%2FxsV5w%2Fy8cfcCG6KSTUXPDvMvMADSzkP25FVuy3gXjrL14zPEd15fMHF5BsU%2F6YmBNTFNFaiR3PxBjbtqRFozdKJEFlyiONvqn3pusSuKEBv3O2uGeIce48wacKz8kvZVlkqv0smUXLO6dqAGsoHoN1zV3dzieFV76WfnPiP36F4UiKeD8w%3D%3D","entryPoint":"createShareCode","runtime":"nodejs20","dockerRegistry":"ARTIFACT_REGISTRY","labels":{"deployment-tool":"cli-firebase","deployment-callable":"true","firebase-functions-hash":"7ed776848df965fd162ccf2b17e5157713773c4d"},"httpsTrigger":{"securityLevel":"SECURE_ALWAYS"},"minInstances":null,"maxInstances":null,"ingressSettings":null,"environmentVariables":{"FIREBASE_CONFIG":"{\"projectId\":\"roadtrip-royale-dev-d2652\",\"storageBucket\":\"roadtrip-royale-dev-d2652.firebasestorage.app\"}","GCLOUD_PROJECT":"roadtrip-royale-dev-d2652","EVENTARC_CLOUD_EVENT_SOURCE":"projects/roadtrip-royale-dev-d2652/locations/us-central1/functions/createShareCode"},"serviceAccountEmail":null,"availableMemoryMb":null,"timeout":null,"vpcConnector":null,"vpcConnectorEgressSettings":null,"buildEnvironmentVariables":{"GOOGLE_NODE_RUN_SCRIPTS":""}}
[debug] [2025-12-17T18:47:33.144Z] <<< [apiv2][status] POST https://cloudfunctions.googleapis.com/v1/projects/roadtrip-royale-dev-d2652/locations/us-central1/functions 200
[debug] [2025-12-17T18:47:33.145Z] <<< [apiv2][body] POST https://cloudfunctions.googleapis.com/v1/projects/roadtrip-royale-dev-d2652/locations/us-central1/functions {"name":"operations/cHJvamVjdHMvcm9hZHRyaXAtcm95YWxlLWRldi1kMjY1Mi9sb2NhdGlvbnMvdXMtY2VudHJhbDEvb3BlcmF0aW9ucy9vcGVyYXRpb24tMTc2NTk5NzI1MjY4MC02NDYyYTQ2ZWI5YTkxLTRiNDZjNjczLTNlMjliZWY3","metadata":{"@type":"type.googleapis.com/google.cloud.functions.v1.OperationMetadataV1","target":"projects/roadtrip-royale-dev-d2652/locations/us-central1/functions/createShareCode","updateTime":"2025-12-17T18:47:33.092101895Z"}}
[debug] [2025-12-17T18:47:33.145Z] Checked if tokens are valid: true, expires at: 1766000738358
[debug] [2025-12-17T18:47:33.145Z] Checked if tokens are valid: true, expires at: 1766000738358
[debug] [2025-12-17T18:47:33.145Z] >>> [apiv2][query] GET https://cloudfunctions.googleapis.com/v1/operations/cHJvamVjdHMvcm9hZHRyaXAtcm95YWxlLWRldi1kMjY1Mi9sb2NhdGlvbnMvdXMtY2VudHJhbDEvb3BlcmF0aW9ucy9vcGVyYXRpb24tMTc2NTk5NzI1MjY4MC02NDYyYTQ2ZWI5YTkxLTRiNDZjNjczLTNlMjliZWY3 [none]
[debug] [2025-12-17T18:47:33.299Z] <<< [apiv2][status] GET https://cloudfunctions.googleapis.com/v1/operations/cHJvamVjdHMvcm9hZHRyaXAtcm95YWxlLWRldi1kMjY1Mi9sb2NhdGlvbnMvdXMtY2VudHJhbDEvb3BlcmF0aW9ucy9vcGVyYXRpb24tMTc2NTk5NzI1MjY4MC02NDYyYTQ2ZWI5YTkxLTRiNDZjNjczLTNlMjliZWY3 200
[debug] [2025-12-17T18:47:33.299Z] <<< [apiv2][body] GET https://cloudfunctions.googleapis.com/v1/operations/cHJvamVjdHMvcm9hZHRyaXAtcm95YWxlLWRldi1kMjY1Mi9sb2NhdGlvbnMvdXMtY2VudHJhbDEvb3BlcmF0aW9ucy9vcGVyYXRpb24tMTc2NTk5NzI1MjY4MC02NDYyYTQ2ZWI5YTkxLTRiNDZjNjczLTNlMjliZWY3 {"name":"operations/cHJvamVjdHMvcm9hZHRyaXAtcm95YWxlLWRldi1kMjY1Mi9sb2NhdGlvbnMvdXMtY2VudHJhbDEvb3BlcmF0aW9ucy9vcGVyYXRpb24tMTc2NTk5NzI1MjY4MC02NDYyYTQ2ZWI5YTkxLTRiNDZjNjczLTNlMjliZWY3","metadata":{"@type":"type.googleapis.com/google.cloud.functions.v1.OperationMetadataV1","target":"projects/roadtrip-royale-dev-d2652/locations/us-central1/functions/createShareCode","updateTime":"2025-12-17T18:47:33.092101895Z"}}
[debug] [2025-12-17T18:47:33.800Z] [create-default-us-central1-createShareCode] Retrying task index 0
[debug] [2025-12-17T18:47:33.800Z] Checked if tokens are valid: true, expires at: 1766000738358
[debug] [2025-12-17T18:47:33.800Z] Checked if tokens are valid: true, expires at: 1766000738358
[debug] [2025-12-17T18:47:33.800Z] >>> [apiv2][query] GET https://cloudfunctions.googleapis.com/v1/operations/cHJvamVjdHMvcm9hZHRyaXAtcm95YWxlLWRldi1kMjY1Mi9sb2NhdGlvbnMvdXMtY2VudHJhbDEvb3BlcmF0aW9ucy9vcGVyYXRpb24tMTc2NTk5NzI1MjY4MC02NDYyYTQ2ZWI5YTkxLTRiNDZjNjczLTNlMjliZWY3 [none]
[debug] [2025-12-17T18:47:33.935Z] <<< [apiv2][status] GET https://cloudfunctions.googleapis.com/v1/operations/cHJvamVjdHMvcm9hZHRyaXAtcm95YWxlLWRldi1kMjY1Mi9sb2NhdGlvbnMvdXMtY2VudHJhbDEvb3BlcmF0aW9ucy9vcGVyYXRpb24tMTc2NTk5NzI1MjY4MC02NDYyYTQ2ZWI5YTkxLTRiNDZjNjczLTNlMjliZWY3 200
[debug] [2025-12-17T18:47:33.935Z] <<< [apiv2][body] GET https://cloudfunctions.googleapis.com/v1/operations/cHJvamVjdHMvcm9hZHRyaXAtcm95YWxlLWRldi1kMjY1Mi9sb2NhdGlvbnMvdXMtY2VudHJhbDEvb3BlcmF0aW9ucy9vcGVyYXRpb24tMTc2NTk5NzI1MjY4MC02NDYyYTQ2ZWI5YTkxLTRiNDZjNjczLTNlMjliZWY3 {"name":"operations/cHJvamVjdHMvcm9hZHRyaXAtcm95YWxlLWRldi1kMjY1Mi9sb2NhdGlvbnMvdXMtY2VudHJhbDEvb3BlcmF0aW9ucy9vcGVyYXRpb24tMTc2NTk5NzI1MjY4MC02NDYyYTQ2ZWI5YTkxLTRiNDZjNjczLTNlMjliZWY3","metadata":{"@type":"type.googleapis.com/google.cloud.functions.v1.OperationMetadataV1","target":"projects/roadtrip-royale-dev-d2652/locations/us-central1/functions/createShareCode","type":"CREATE_FUNCTION","request":{"@type":"type.googleapis.com/google.cloud.functions.v1.CloudFunction","name":"projects/roadtrip-royale-dev-d2652/locations/us-central1/functions/createShareCode","httpsTrigger":{"securityLevel":"SECURE_ALWAYS"},"entryPoint":"createShareCode","updateTime":"1970-01-01T00:00:00Z","labels":{"deployment-tool":"cli-firebase","deployment-callable":"true","firebase-functions-hash":"7ed776848df965fd162ccf2b17e5157713773c4d"},"sourceUploadUrl":"https://storage.googleapis.com/uploads-995950081560.us-central1.cloudfunctions.appspot.com/d3e4617f-c584-410e-b8fc-d9c3cfc0c12d.zip?GoogleAccessId=service-900272218936@gcf-admin-robot.iam.gserviceaccount.com&Expires=1765999052&Signature=ZVoB%2BvLwqtAEitcDaZMHjVFx971YfVOKBAJlNy57P5EBVNCAPUHzOu4gg6R3cBdkNT0mbkPjDkKJPYMkjY5v4iZ%2BRlnvdGEOqZiSD0sbJ20i0xElss5EV9c7eIoitrkLH5aDhuLwmVX3XLbEyiZpSzy5XK6sK7ikawv%2FxsV5w%2Fy8cfcCG6KSTUXPDvMvMADSzkP25FVuy3gXjrL14zPEd15fMHF5BsU%2F6YmBNTFNFaiR3PxBjbtqRFozdKJEFlyiONvqn3pusSuKEBv3O2uGeIce48wacKz8kvZVlkqv0smUXLO6dqAGsoHoN1zV3dzieFV76WfnPiP36F4UiKeD8w%3D%3D","environmentVariables":{"FIREBASE_CONFIG":"{\"projectId\":\"roadtrip-royale-dev-d2652\",\"storageBucket\":\"roadtrip-royale-dev-d2652.firebasestorage.app\"}","GCLOUD_PROJECT":"roadtrip-royale-dev-d2652","EVENTARC_CLOUD_EVENT_SOURCE":"projects/roadtrip-royale-dev-d2652/locations/us-central1/functions/createShareCode"},"runtime":"nodejs20","buildEnvironmentVariables":{"GOOGLE_NODE_RUN_SCRIPTS":""},"dockerRegistry":"ARTIFACT_REGISTRY"},"versionId":"1","updateTime":"2025-12-17T18:47:33.092101895Z"}}
[debug] [2025-12-17T18:47:34.940Z] [create-default-us-central1-createShareCode] Retrying task index 0
[debug] [2025-12-17T18:47:34.940Z] Checked if tokens are valid: true, expires at: 1766000738358
[debug] [2025-12-17T18:47:34.940Z] Checked if tokens are valid: true, expires at: 1766000738358
[debug] [2025-12-17T18:47:34.940Z] >>> [apiv2][query] GET https://cloudfunctions.googleapis.com/v1/operations/cHJvamVjdHMvcm9hZHRyaXAtcm95YWxlLWRldi1kMjY1Mi9sb2NhdGlvbnMvdXMtY2VudHJhbDEvb3BlcmF0aW9ucy9vcGVyYXRpb24tMTc2NTk5NzI1MjY4MC02NDYyYTQ2ZWI5YTkxLTRiNDZjNjczLTNlMjliZWY3 [none]
[debug] [2025-12-17T18:47:35.077Z] <<< [apiv2][status] GET https://cloudfunctions.googleapis.com/v1/operations/cHJvamVjdHMvcm9hZHRyaXAtcm95YWxlLWRldi1kMjY1Mi9sb2NhdGlvbnMvdXMtY2VudHJhbDEvb3BlcmF0aW9ucy9vcGVyYXRpb24tMTc2NTk5NzI1MjY4MC02NDYyYTQ2ZWI5YTkxLTRiNDZjNjczLTNlMjliZWY3 200
[debug] [2025-12-17T18:47:35.077Z] <<< [apiv2][body] GET https://cloudfunctions.googleapis.com/v1/operations/cHJvamVjdHMvcm9hZHRyaXAtcm95YWxlLWRldi1kMjY1Mi9sb2NhdGlvbnMvdXMtY2VudHJhbDEvb3BlcmF0aW9ucy9vcGVyYXRpb24tMTc2NTk5NzI1MjY4MC02NDYyYTQ2ZWI5YTkxLTRiNDZjNjczLTNlMjliZWY3 {"name":"operations/cHJvamVjdHMvcm9hZHRyaXAtcm95YWxlLWRldi1kMjY1Mi9sb2NhdGlvbnMvdXMtY2VudHJhbDEvb3BlcmF0aW9ucy9vcGVyYXRpb24tMTc2NTk5NzI1MjY4MC02NDYyYTQ2ZWI5YTkxLTRiNDZjNjczLTNlMjliZWY3","metadata":{"@type":"type.googleapis.com/google.cloud.functions.v1.OperationMetadataV1","target":"projects/roadtrip-royale-dev-d2652/locations/us-central1/functions/createShareCode","type":"CREATE_FUNCTION","request":{"@type":"type.googleapis.com/google.cloud.functions.v1.CloudFunction","name":"projects/roadtrip-royale-dev-d2652/locations/us-central1/functions/createShareCode","httpsTrigger":{"securityLevel":"SECURE_ALWAYS"},"entryPoint":"createShareCode","updateTime":"1970-01-01T00:00:00Z","labels":{"deployment-tool":"cli-firebase","deployment-callable":"true","firebase-functions-hash":"7ed776848df965fd162ccf2b17e5157713773c4d"},"sourceUploadUrl":"https://storage.googleapis.com/uploads-995950081560.us-central1.cloudfunctions.appspot.com/d3e4617f-c584-410e-b8fc-d9c3cfc0c12d.zip?GoogleAccessId=service-900272218936@gcf-admin-robot.iam.gserviceaccount.com&Expires=1765999052&Signature=ZVoB%2BvLwqtAEitcDaZMHjVFx971YfVOKBAJlNy57P5EBVNCAPUHzOu4gg6R3cBdkNT0mbkPjDkKJPYMkjY5v4iZ%2BRlnvdGEOqZiSD0sbJ20i0xElss5EV9c7eIoitrkLH5aDhuLwmVX3XLbEyiZpSzy5XK6sK7ikawv%2FxsV5w%2Fy8cfcCG6KSTUXPDvMvMADSzkP25FVuy3gXjrL14zPEd15fMHF5BsU%2F6YmBNTFNFaiR3PxBjbtqRFozdKJEFlyiONvqn3pusSuKEBv3O2uGeIce48wacKz8kvZVlkqv0smUXLO6dqAGsoHoN1zV3dzieFV76WfnPiP36F4UiKeD8w%3D%3D","environmentVariables":{"FIREBASE_CONFIG":"{\"projectId\":\"roadtrip-royale-dev-d2652\",\"storageBucket\":\"roadtrip-royale-dev-d2652.firebasestorage.app\"}","GCLOUD_PROJECT":"roadtrip-royale-dev-d2652","EVENTARC_CLOUD_EVENT_SOURCE":"projects/roadtrip-royale-dev-d2652/locations/us-central1/functions/createShareCode"},"runtime":"nodejs20","buildEnvironmentVariables":{"GOOGLE_NODE_RUN_SCRIPTS":""},"dockerRegistry":"ARTIFACT_REGISTRY"},"versionId":"1","updateTime":"2025-12-17T18:47:33.092101895Z"}}
[debug] [2025-12-17T18:47:37.079Z] [create-default-us-central1-createShareCode] Retrying task index 0
[debug] [2025-12-17T18:47:37.079Z] Checked if tokens are valid: true, expires at: 1766000738358
[debug] [2025-12-17T18:47:37.079Z] Checked if tokens are valid: true, expires at: 1766000738358
[debug] [2025-12-17T18:47:37.082Z] >>> [apiv2][query] GET https://cloudfunctions.googleapis.com/v1/operations/cHJvamVjdHMvcm9hZHRyaXAtcm95YWxlLWRldi1kMjY1Mi9sb2NhdGlvbnMvdXMtY2VudHJhbDEvb3BlcmF0aW9ucy9vcGVyYXRpb24tMTc2NTk5NzI1MjY4MC02NDYyYTQ2ZWI5YTkxLTRiNDZjNjczLTNlMjliZWY3 [none]
[debug] [2025-12-17T18:47:37.233Z] <<< [apiv2][status] GET https://cloudfunctions.googleapis.com/v1/operations/cHJvamVjdHMvcm9hZHRyaXAtcm95YWxlLWRldi1kMjY1Mi9sb2NhdGlvbnMvdXMtY2VudHJhbDEvb3BlcmF0aW9ucy9vcGVyYXRpb24tMTc2NTk5NzI1MjY4MC02NDYyYTQ2ZWI5YTkxLTRiNDZjNjczLTNlMjliZWY3 200
[debug] [2025-12-17T18:47:37.234Z] <<< [apiv2][body] GET https://cloudfunctions.googleapis.com/v1/operations/cHJvamVjdHMvcm9hZHRyaXAtcm95YWxlLWRldi1kMjY1Mi9sb2NhdGlvbnMvdXMtY2VudHJhbDEvb3BlcmF0aW9ucy9vcGVyYXRpb24tMTc2NTk5NzI1MjY4MC02NDYyYTQ2ZWI5YTkxLTRiNDZjNjczLTNlMjliZWY3 {"name":"operations/cHJvamVjdHMvcm9hZHRyaXAtcm95YWxlLWRldi1kMjY1Mi9sb2NhdGlvbnMvdXMtY2VudHJhbDEvb3BlcmF0aW9ucy9vcGVyYXRpb24tMTc2NTk5NzI1MjY4MC02NDYyYTQ2ZWI5YTkxLTRiNDZjNjczLTNlMjliZWY3","metadata":{"@type":"type.googleapis.com/google.cloud.functions.v1.OperationMetadataV1","target":"projects/roadtrip-royale-dev-d2652/locations/us-central1/functions/createShareCode","type":"CREATE_FUNCTION","request":{"@type":"type.googleapis.com/google.cloud.functions.v1.CloudFunction","name":"projects/roadtrip-royale-dev-d2652/locations/us-central1/functions/createShareCode","httpsTrigger":{"securityLevel":"SECURE_ALWAYS"},"entryPoint":"createShareCode","updateTime":"1970-01-01T00:00:00Z","labels":{"deployment-tool":"cli-firebase","deployment-callable":"true","firebase-functions-hash":"7ed776848df965fd162ccf2b17e5157713773c4d"},"sourceUploadUrl":"https://storage.googleapis.com/uploads-995950081560.us-central1.cloudfunctions.appspot.com/d3e4617f-c584-410e-b8fc-d9c3cfc0c12d.zip?GoogleAccessId=service-900272218936@gcf-admin-robot.iam.gserviceaccount.com&Expires=1765999052&Signature=ZVoB%2BvLwqtAEitcDaZMHjVFx971YfVOKBAJlNy57P5EBVNCAPUHzOu4gg6R3cBdkNT0mbkPjDkKJPYMkjY5v4iZ%2BRlnvdGEOqZiSD0sbJ20i0xElss5EV9c7eIoitrkLH5aDhuLwmVX3XLbEyiZpSzy5XK6sK7ikawv%2FxsV5w%2Fy8cfcCG6KSTUXPDvMvMADSzkP25FVuy3gXjrL14zPEd15fMHF5BsU%2F6YmBNTFNFaiR3PxBjbtqRFozdKJEFlyiONvqn3pusSuKEBv3O2uGeIce48wacKz8kvZVlkqv0smUXLO6dqAGsoHoN1zV3dzieFV76WfnPiP36F4UiKeD8w%3D%3D","environmentVariables":{"FIREBASE_CONFIG":"{\"projectId\":\"roadtrip-royale-dev-d2652\",\"storageBucket\":\"roadtrip-royale-dev-d2652.firebasestorage.app\"}","GCLOUD_PROJECT":"roadtrip-royale-dev-d2652","EVENTARC_CLOUD_EVENT_SOURCE":"projects/roadtrip-royale-dev-d2652/locations/us-central1/functions/createShareCode"},"runtime":"nodejs20","buildEnvironmentVariables":{"GOOGLE_NODE_RUN_SCRIPTS":""},"dockerRegistry":"ARTIFACT_REGISTRY"},"versionId":"1","updateTime":"2025-12-17T18:47:33.092101895Z","buildId":"742e9056-7596-40d8-aebb-03a385eb9042","buildName":"projects/900272218936/locations/us-central1/builds/742e9056-7596-40d8-aebb-03a385eb9042"}}
[debug] [2025-12-17T18:47:41.234Z] [create-default-us-central1-createShareCode] Retrying task index 0
[debug] [2025-12-17T18:47:41.235Z] Checked if tokens are valid: true, expires at: 1766000738358
[debug] [2025-12-17T18:47:41.235Z] Checked if tokens are valid: true, expires at: 1766000738358
[debug] [2025-12-17T18:47:41.235Z] >>> [apiv2][query] GET https://cloudfunctions.googleapis.com/v1/operations/cHJvamVjdHMvcm9hZHRyaXAtcm95YWxlLWRldi1kMjY1Mi9sb2NhdGlvbnMvdXMtY2VudHJhbDEvb3BlcmF0aW9ucy9vcGVyYXRpb24tMTc2NTk5NzI1MjY4MC02NDYyYTQ2ZWI5YTkxLTRiNDZjNjczLTNlMjliZWY3 [none]
[debug] [2025-12-17T18:47:41.362Z] <<< [apiv2][status] GET https://cloudfunctions.googleapis.com/v1/operations/cHJvamVjdHMvcm9hZHRyaXAtcm95YWxlLWRldi1kMjY1Mi9sb2NhdGlvbnMvdXMtY2VudHJhbDEvb3BlcmF0aW9ucy9vcGVyYXRpb24tMTc2NTk5NzI1MjY4MC02NDYyYTQ2ZWI5YTkxLTRiNDZjNjczLTNlMjliZWY3 200
[debug] [2025-12-17T18:47:41.362Z] <<< [apiv2][body] GET https://cloudfunctions.googleapis.com/v1/operations/cHJvamVjdHMvcm9hZHRyaXAtcm95YWxlLWRldi1kMjY1Mi9sb2NhdGlvbnMvdXMtY2VudHJhbDEvb3BlcmF0aW9ucy9vcGVyYXRpb24tMTc2NTk5NzI1MjY4MC02NDYyYTQ2ZWI5YTkxLTRiNDZjNjczLTNlMjliZWY3 {"name":"operations/cHJvamVjdHMvcm9hZHRyaXAtcm95YWxlLWRldi1kMjY1Mi9sb2NhdGlvbnMvdXMtY2VudHJhbDEvb3BlcmF0aW9ucy9vcGVyYXRpb24tMTc2NTk5NzI1MjY4MC02NDYyYTQ2ZWI5YTkxLTRiNDZjNjczLTNlMjliZWY3","metadata":{"@type":"type.googleapis.com/google.cloud.functions.v1.OperationMetadataV1","target":"projects/roadtrip-royale-dev-d2652/locations/us-central1/functions/createShareCode","type":"CREATE_FUNCTION","request":{"@type":"type.googleapis.com/google.cloud.functions.v1.CloudFunction","name":"projects/roadtrip-royale-dev-d2652/locations/us-central1/functions/createShareCode","httpsTrigger":{"securityLevel":"SECURE_ALWAYS"},"entryPoint":"createShareCode","updateTime":"1970-01-01T00:00:00Z","labels":{"deployment-tool":"cli-firebase","deployment-callable":"true","firebase-functions-hash":"7ed776848df965fd162ccf2b17e5157713773c4d"},"sourceUploadUrl":"https://storage.googleapis.com/uploads-995950081560.us-central1.cloudfunctions.appspot.com/d3e4617f-c584-410e-b8fc-d9c3cfc0c12d.zip?GoogleAccessId=service-900272218936@gcf-admin-robot.iam.gserviceaccount.com&Expires=1765999052&Signature=ZVoB%2BvLwqtAEitcDaZMHjVFx971YfVOKBAJlNy57P5EBVNCAPUHzOu4gg6R3cBdkNT0mbkPjDkKJPYMkjY5v4iZ%2BRlnvdGEOqZiSD0sbJ20i0xElss5EV9c7eIoitrkLH5aDhuLwmVX3XLbEyiZpSzy5XK6sK7ikawv%2FxsV5w%2Fy8cfcCG6KSTUXPDvMvMADSzkP25FVuy3gXjrL14zPEd15fMHF5BsU%2F6YmBNTFNFaiR3PxBjbtqRFozdKJEFlyiONvqn3pusSuKEBv3O2uGeIce48wacKz8kvZVlkqv0smUXLO6dqAGsoHoN1zV3dzieFV76WfnPiP36F4UiKeD8w%3D%3D","environmentVariables":{"FIREBASE_CONFIG":"{\"projectId\":\"roadtrip-royale-dev-d2652\",\"storageBucket\":\"roadtrip-royale-dev-d2652.firebasestorage.app\"}","GCLOUD_PROJECT":"roadtrip-royale-dev-d2652","EVENTARC_CLOUD_EVENT_SOURCE":"projects/roadtrip-royale-dev-d2652/locations/us-central1/functions/createShareCode"},"runtime":"nodejs20","buildEnvironmentVariables":{"GOOGLE_NODE_RUN_SCRIPTS":""},"dockerRegistry":"ARTIFACT_REGISTRY"},"versionId":"1","updateTime":"2025-12-17T18:47:33.092101895Z","buildId":"742e9056-7596-40d8-aebb-03a385eb9042","buildName":"projects/900272218936/locations/us-central1/builds/742e9056-7596-40d8-aebb-03a385eb9042"}}
[debug] [2025-12-17T18:47:49.364Z] [create-default-us-central1-createShareCode] Retrying task index 0
[debug] [2025-12-17T18:47:49.364Z] Checked if tokens are valid: true, expires at: 1766000738358
[debug] [2025-12-17T18:47:49.364Z] Checked if tokens are valid: true, expires at: 1766000738358
[debug] [2025-12-17T18:47:49.364Z] >>> [apiv2][query] GET https://cloudfunctions.googleapis.com/v1/operations/cHJvamVjdHMvcm9hZHRyaXAtcm95YWxlLWRldi1kMjY1Mi9sb2NhdGlvbnMvdXMtY2VudHJhbDEvb3BlcmF0aW9ucy9vcGVyYXRpb24tMTc2NTk5NzI1MjY4MC02NDYyYTQ2ZWI5YTkxLTRiNDZjNjczLTNlMjliZWY3 [none]
[debug] [2025-12-17T18:47:49.565Z] <<< [apiv2][status] GET https://cloudfunctions.googleapis.com/v1/operations/cHJvamVjdHMvcm9hZHRyaXAtcm95YWxlLWRldi1kMjY1Mi9sb2NhdGlvbnMvdXMtY2VudHJhbDEvb3BlcmF0aW9ucy9vcGVyYXRpb24tMTc2NTk5NzI1MjY4MC02NDYyYTQ2ZWI5YTkxLTRiNDZjNjczLTNlMjliZWY3 200
[debug] [2025-12-17T18:47:49.565Z] <<< [apiv2][body] GET https://cloudfunctions.googleapis.com/v1/operations/cHJvamVjdHMvcm9hZHRyaXAtcm95YWxlLWRldi1kMjY1Mi9sb2NhdGlvbnMvdXMtY2VudHJhbDEvb3BlcmF0aW9ucy9vcGVyYXRpb24tMTc2NTk5NzI1MjY4MC02NDYyYTQ2ZWI5YTkxLTRiNDZjNjczLTNlMjliZWY3 {"name":"operations/cHJvamVjdHMvcm9hZHRyaXAtcm95YWxlLWRldi1kMjY1Mi9sb2NhdGlvbnMvdXMtY2VudHJhbDEvb3BlcmF0aW9ucy9vcGVyYXRpb24tMTc2NTk5NzI1MjY4MC02NDYyYTQ2ZWI5YTkxLTRiNDZjNjczLTNlMjliZWY3","metadata":{"@type":"type.googleapis.com/google.cloud.functions.v1.OperationMetadataV1","target":"projects/roadtrip-royale-dev-d2652/locations/us-central1/functions/createShareCode","type":"CREATE_FUNCTION","request":{"@type":"type.googleapis.com/google.cloud.functions.v1.CloudFunction","name":"projects/roadtrip-royale-dev-d2652/locations/us-central1/functions/createShareCode","httpsTrigger":{"securityLevel":"SECURE_ALWAYS"},"entryPoint":"createShareCode","updateTime":"1970-01-01T00:00:00Z","labels":{"deployment-tool":"cli-firebase","deployment-callable":"true","firebase-functions-hash":"7ed776848df965fd162ccf2b17e5157713773c4d"},"sourceUploadUrl":"https://storage.googleapis.com/uploads-995950081560.us-central1.cloudfunctions.appspot.com/d3e4617f-c584-410e-b8fc-d9c3cfc0c12d.zip?GoogleAccessId=service-900272218936@gcf-admin-robot.iam.gserviceaccount.com&Expires=1765999052&Signature=ZVoB%2BvLwqtAEitcDaZMHjVFx971YfVOKBAJlNy57P5EBVNCAPUHzOu4gg6R3cBdkNT0mbkPjDkKJPYMkjY5v4iZ%2BRlnvdGEOqZiSD0sbJ20i0xElss5EV9c7eIoitrkLH5aDhuLwmVX3XLbEyiZpSzy5XK6sK7ikawv%2FxsV5w%2Fy8cfcCG6KSTUXPDvMvMADSzkP25FVuy3gXjrL14zPEd15fMHF5BsU%2F6YmBNTFNFaiR3PxBjbtqRFozdKJEFlyiONvqn3pusSuKEBv3O2uGeIce48wacKz8kvZVlkqv0smUXLO6dqAGsoHoN1zV3dzieFV76WfnPiP36F4UiKeD8w%3D%3D","environmentVariables":{"FIREBASE_CONFIG":"{\"projectId\":\"roadtrip-royale-dev-d2652\",\"storageBucket\":\"roadtrip-royale-dev-d2652.firebasestorage.app\"}","GCLOUD_PROJECT":"roadtrip-royale-dev-d2652","EVENTARC_CLOUD_EVENT_SOURCE":"projects/roadtrip-royale-dev-d2652/locations/us-central1/functions/createShareCode"},"runtime":"nodejs20","buildEnvironmentVariables":{"GOOGLE_NODE_RUN_SCRIPTS":""},"dockerRegistry":"ARTIFACT_REGISTRY"},"versionId":"1","updateTime":"2025-12-17T18:47:33.092101895Z","buildId":"742e9056-7596-40d8-aebb-03a385eb9042","buildName":"projects/900272218936/locations/us-central1/builds/742e9056-7596-40d8-aebb-03a385eb9042"}}
[debug] [2025-12-17T18:47:59.567Z] [create-default-us-central1-createShareCode] Retrying task index 0
[debug] [2025-12-17T18:47:59.567Z] Checked if tokens are valid: true, expires at: 1766000738358
[debug] [2025-12-17T18:47:59.567Z] Checked if tokens are valid: true, expires at: 1766000738358
[debug] [2025-12-17T18:47:59.568Z] >>> [apiv2][query] GET https://cloudfunctions.googleapis.com/v1/operations/cHJvamVjdHMvcm9hZHRyaXAtcm95YWxlLWRldi1kMjY1Mi9sb2NhdGlvbnMvdXMtY2VudHJhbDEvb3BlcmF0aW9ucy9vcGVyYXRpb24tMTc2NTk5NzI1MjY4MC02NDYyYTQ2ZWI5YTkxLTRiNDZjNjczLTNlMjliZWY3 [none]
[debug] [2025-12-17T18:47:59.691Z] <<< [apiv2][status] GET https://cloudfunctions.googleapis.com/v1/operations/cHJvamVjdHMvcm9hZHRyaXAtcm95YWxlLWRldi1kMjY1Mi9sb2NhdGlvbnMvdXMtY2VudHJhbDEvb3BlcmF0aW9ucy9vcGVyYXRpb24tMTc2NTk5NzI1MjY4MC02NDYyYTQ2ZWI5YTkxLTRiNDZjNjczLTNlMjliZWY3 200
[debug] [2025-12-17T18:47:59.691Z] <<< [apiv2][body] GET https://cloudfunctions.googleapis.com/v1/operations/cHJvamVjdHMvcm9hZHRyaXAtcm95YWxlLWRldi1kMjY1Mi9sb2NhdGlvbnMvdXMtY2VudHJhbDEvb3BlcmF0aW9ucy9vcGVyYXRpb24tMTc2NTk5NzI1MjY4MC02NDYyYTQ2ZWI5YTkxLTRiNDZjNjczLTNlMjliZWY3 {"name":"operations/cHJvamVjdHMvcm9hZHRyaXAtcm95YWxlLWRldi1kMjY1Mi9sb2NhdGlvbnMvdXMtY2VudHJhbDEvb3BlcmF0aW9ucy9vcGVyYXRpb24tMTc2NTk5NzI1MjY4MC02NDYyYTQ2ZWI5YTkxLTRiNDZjNjczLTNlMjliZWY3","metadata":{"@type":"type.googleapis.com/google.cloud.functions.v1.OperationMetadataV1","target":"projects/roadtrip-royale-dev-d2652/locations/us-central1/functions/createShareCode","type":"CREATE_FUNCTION","request":{"@type":"type.googleapis.com/google.cloud.functions.v1.CloudFunction","name":"projects/roadtrip-royale-dev-d2652/locations/us-central1/functions/createShareCode","httpsTrigger":{"securityLevel":"SECURE_ALWAYS"},"entryPoint":"createShareCode","updateTime":"1970-01-01T00:00:00Z","labels":{"deployment-tool":"cli-firebase","deployment-callable":"true","firebase-functions-hash":"7ed776848df965fd162ccf2b17e5157713773c4d"},"sourceUploadUrl":"https://storage.googleapis.com/uploads-995950081560.us-central1.cloudfunctions.appspot.com/d3e4617f-c584-410e-b8fc-d9c3cfc0c12d.zip?GoogleAccessId=service-900272218936@gcf-admin-robot.iam.gserviceaccount.com&Expires=1765999052&Signature=ZVoB%2BvLwqtAEitcDaZMHjVFx971YfVOKBAJlNy57P5EBVNCAPUHzOu4gg6R3cBdkNT0mbkPjDkKJPYMkjY5v4iZ%2BRlnvdGEOqZiSD0sbJ20i0xElss5EV9c7eIoitrkLH5aDhuLwmVX3XLbEyiZpSzy5XK6sK7ikawv%2FxsV5w%2Fy8cfcCG6KSTUXPDvMvMADSzkP25FVuy3gXjrL14zPEd15fMHF5BsU%2F6YmBNTFNFaiR3PxBjbtqRFozdKJEFlyiONvqn3pusSuKEBv3O2uGeIce48wacKz8kvZVlkqv0smUXLO6dqAGsoHoN1zV3dzieFV76WfnPiP36F4UiKeD8w%3D%3D","environmentVariables":{"FIREBASE_CONFIG":"{\"projectId\":\"roadtrip-royale-dev-d2652\",\"storageBucket\":\"roadtrip-royale-dev-d2652.firebasestorage.app\"}","GCLOUD_PROJECT":"roadtrip-royale-dev-d2652","EVENTARC_CLOUD_EVENT_SOURCE":"projects/roadtrip-royale-dev-d2652/locations/us-central1/functions/createShareCode"},"runtime":"nodejs20","buildEnvironmentVariables":{"GOOGLE_NODE_RUN_SCRIPTS":""},"dockerRegistry":"ARTIFACT_REGISTRY"},"versionId":"1","updateTime":"2025-12-17T18:47:33.092101895Z","buildId":"742e9056-7596-40d8-aebb-03a385eb9042","buildName":"projects/900272218936/locations/us-central1/builds/742e9056-7596-40d8-aebb-03a385eb9042"}}
[debug] [2025-12-17T18:48:09.691Z] [create-default-us-central1-createShareCode] Retrying task index 0
[debug] [2025-12-17T18:48:09.692Z] Checked if tokens are valid: true, expires at: 1766000738358
[debug] [2025-12-17T18:48:09.692Z] Checked if tokens are valid: true, expires at: 1766000738358
[debug] [2025-12-17T18:48:09.692Z] >>> [apiv2][query] GET https://cloudfunctions.googleapis.com/v1/operations/cHJvamVjdHMvcm9hZHRyaXAtcm95YWxlLWRldi1kMjY1Mi9sb2NhdGlvbnMvdXMtY2VudHJhbDEvb3BlcmF0aW9ucy9vcGVyYXRpb24tMTc2NTk5NzI1MjY4MC02NDYyYTQ2ZWI5YTkxLTRiNDZjNjczLTNlMjliZWY3 [none]
[debug] [2025-12-17T18:48:10.068Z] <<< [apiv2][status] GET https://cloudfunctions.googleapis.com/v1/operations/cHJvamVjdHMvcm9hZHRyaXAtcm95YWxlLWRldi1kMjY1Mi9sb2NhdGlvbnMvdXMtY2VudHJhbDEvb3BlcmF0aW9ucy9vcGVyYXRpb24tMTc2NTk5NzI1MjY4MC02NDYyYTQ2ZWI5YTkxLTRiNDZjNjczLTNlMjliZWY3 200
[debug] [2025-12-17T18:48:10.068Z] <<< [apiv2][body] GET https://cloudfunctions.googleapis.com/v1/operations/cHJvamVjdHMvcm9hZHRyaXAtcm95YWxlLWRldi1kMjY1Mi9sb2NhdGlvbnMvdXMtY2VudHJhbDEvb3BlcmF0aW9ucy9vcGVyYXRpb24tMTc2NTk5NzI1MjY4MC02NDYyYTQ2ZWI5YTkxLTRiNDZjNjczLTNlMjliZWY3 {"name":"operations/cHJvamVjdHMvcm9hZHRyaXAtcm95YWxlLWRldi1kMjY1Mi9sb2NhdGlvbnMvdXMtY2VudHJhbDEvb3BlcmF0aW9ucy9vcGVyYXRpb24tMTc2NTk5NzI1MjY4MC02NDYyYTQ2ZWI5YTkxLTRiNDZjNjczLTNlMjliZWY3","metadata":{"@type":"type.googleapis.com/google.cloud.functions.v1.OperationMetadataV1","target":"projects/roadtrip-royale-dev-d2652/locations/us-central1/functions/createShareCode","type":"CREATE_FUNCTION","request":{"@type":"type.googleapis.com/google.cloud.functions.v1.CloudFunction","name":"projects/roadtrip-royale-dev-d2652/locations/us-central1/functions/createShareCode","httpsTrigger":{"securityLevel":"SECURE_ALWAYS"},"entryPoint":"createShareCode","updateTime":"1970-01-01T00:00:00Z","labels":{"deployment-tool":"cli-firebase","deployment-callable":"true","firebase-functions-hash":"7ed776848df965fd162ccf2b17e5157713773c4d"},"sourceUploadUrl":"https://storage.googleapis.com/uploads-995950081560.us-central1.cloudfunctions.appspot.com/d3e4617f-c584-410e-b8fc-d9c3cfc0c12d.zip?GoogleAccessId=service-900272218936@gcf-admin-robot.iam.gserviceaccount.com&Expires=1765999052&Signature=ZVoB%2BvLwqtAEitcDaZMHjVFx971YfVOKBAJlNy57P5EBVNCAPUHzOu4gg6R3cBdkNT0mbkPjDkKJPYMkjY5v4iZ%2BRlnvdGEOqZiSD0sbJ20i0xElss5EV9c7eIoitrkLH5aDhuLwmVX3XLbEyiZpSzy5XK6sK7ikawv%2FxsV5w%2Fy8cfcCG6KSTUXPDvMvMADSzkP25FVuy3gXjrL14zPEd15fMHF5BsU%2F6YmBNTFNFaiR3PxBjbtqRFozdKJEFlyiONvqn3pusSuKEBv3O2uGeIce48wacKz8kvZVlkqv0smUXLO6dqAGsoHoN1zV3dzieFV76WfnPiP36F4UiKeD8w%3D%3D","environmentVariables":{"FIREBASE_CONFIG":"{\"projectId\":\"roadtrip-royale-dev-d2652\",\"storageBucket\":\"roadtrip-royale-dev-d2652.firebasestorage.app\"}","GCLOUD_PROJECT":"roadtrip-royale-dev-d2652","EVENTARC_CLOUD_EVENT_SOURCE":"projects/roadtrip-royale-dev-d2652/locations/us-central1/functions/createShareCode"},"runtime":"nodejs20","buildEnvironmentVariables":{"GOOGLE_NODE_RUN_SCRIPTS":""},"dockerRegistry":"ARTIFACT_REGISTRY"},"versionId":"1","updateTime":"2025-12-17T18:47:33.092101895Z","buildId":"742e9056-7596-40d8-aebb-03a385eb9042","buildName":"projects/900272218936/locations/us-central1/builds/742e9056-7596-40d8-aebb-03a385eb9042"}}
[debug] [2025-12-17T18:48:20.070Z] [create-default-us-central1-createShareCode] Retrying task index 0
[debug] [2025-12-17T18:48:20.070Z] Checked if tokens are valid: true, expires at: 1766000738358
[debug] [2025-12-17T18:48:20.070Z] Checked if tokens are valid: true, expires at: 1766000738358
[debug] [2025-12-17T18:48:20.070Z] >>> [apiv2][query] GET https://cloudfunctions.googleapis.com/v1/operations/cHJvamVjdHMvcm9hZHRyaXAtcm95YWxlLWRldi1kMjY1Mi9sb2NhdGlvbnMvdXMtY2VudHJhbDEvb3BlcmF0aW9ucy9vcGVyYXRpb24tMTc2NTk5NzI1MjY4MC02NDYyYTQ2ZWI5YTkxLTRiNDZjNjczLTNlMjliZWY3 [none]
[debug] [2025-12-17T18:48:20.230Z] <<< [apiv2][status] GET https://cloudfunctions.googleapis.com/v1/operations/cHJvamVjdHMvcm9hZHRyaXAtcm95YWxlLWRldi1kMjY1Mi9sb2NhdGlvbnMvdXMtY2VudHJhbDEvb3BlcmF0aW9ucy9vcGVyYXRpb24tMTc2NTk5NzI1MjY4MC02NDYyYTQ2ZWI5YTkxLTRiNDZjNjczLTNlMjliZWY3 200
[debug] [2025-12-17T18:48:20.230Z] <<< [apiv2][body] GET https://cloudfunctions.googleapis.com/v1/operations/cHJvamVjdHMvcm9hZHRyaXAtcm95YWxlLWRldi1kMjY1Mi9sb2NhdGlvbnMvdXMtY2VudHJhbDEvb3BlcmF0aW9ucy9vcGVyYXRpb24tMTc2NTk5NzI1MjY4MC02NDYyYTQ2ZWI5YTkxLTRiNDZjNjczLTNlMjliZWY3 {"name":"operations/cHJvamVjdHMvcm9hZHRyaXAtcm95YWxlLWRldi1kMjY1Mi9sb2NhdGlvbnMvdXMtY2VudHJhbDEvb3BlcmF0aW9ucy9vcGVyYXRpb24tMTc2NTk5NzI1MjY4MC02NDYyYTQ2ZWI5YTkxLTRiNDZjNjczLTNlMjliZWY3","metadata":{"@type":"type.googleapis.com/google.cloud.functions.v1.OperationMetadataV1","target":"projects/roadtrip-royale-dev-d2652/locations/us-central1/functions/createShareCode","type":"CREATE_FUNCTION","request":{"@type":"type.googleapis.com/google.cloud.functions.v1.CloudFunction","name":"projects/roadtrip-royale-dev-d2652/locations/us-central1/functions/createShareCode","httpsTrigger":{"securityLevel":"SECURE_ALWAYS"},"entryPoint":"createShareCode","updateTime":"1970-01-01T00:00:00Z","labels":{"deployment-tool":"cli-firebase","deployment-callable":"true","firebase-functions-hash":"7ed776848df965fd162ccf2b17e5157713773c4d"},"sourceUploadUrl":"https://storage.googleapis.com/uploads-995950081560.us-central1.cloudfunctions.appspot.com/d3e4617f-c584-410e-b8fc-d9c3cfc0c12d.zip?GoogleAccessId=service-900272218936@gcf-admin-robot.iam.gserviceaccount.com&Expires=1765999052&Signature=ZVoB%2BvLwqtAEitcDaZMHjVFx971YfVOKBAJlNy57P5EBVNCAPUHzOu4gg6R3cBdkNT0mbkPjDkKJPYMkjY5v4iZ%2BRlnvdGEOqZiSD0sbJ20i0xElss5EV9c7eIoitrkLH5aDhuLwmVX3XLbEyiZpSzy5XK6sK7ikawv%2FxsV5w%2Fy8cfcCG6KSTUXPDvMvMADSzkP25FVuy3gXjrL14zPEd15fMHF5BsU%2F6YmBNTFNFaiR3PxBjbtqRFozdKJEFlyiONvqn3pusSuKEBv3O2uGeIce48wacKz8kvZVlkqv0smUXLO6dqAGsoHoN1zV3dzieFV76WfnPiP36F4UiKeD8w%3D%3D","environmentVariables":{"FIREBASE_CONFIG":"{\"projectId\":\"roadtrip-royale-dev-d2652\",\"storageBucket\":\"roadtrip-royale-dev-d2652.firebasestorage.app\"}","GCLOUD_PROJECT":"roadtrip-royale-dev-d2652","EVENTARC_CLOUD_EVENT_SOURCE":"projects/roadtrip-royale-dev-d2652/locations/us-central1/functions/createShareCode"},"runtime":"nodejs20","buildEnvironmentVariables":{"GOOGLE_NODE_RUN_SCRIPTS":""},"dockerRegistry":"ARTIFACT_REGISTRY"},"versionId":"1","updateTime":"2025-12-17T18:47:33.092101895Z","buildId":"742e9056-7596-40d8-aebb-03a385eb9042","buildName":"projects/900272218936/locations/us-central1/builds/742e9056-7596-40d8-aebb-03a385eb9042"}}
[debug] [2025-12-17T18:48:30.230Z] [create-default-us-central1-createShareCode] Retrying task index 0
[debug] [2025-12-17T18:48:30.230Z] Checked if tokens are valid: true, expires at: 1766000738358
[debug] [2025-12-17T18:48:30.231Z] Checked if tokens are valid: true, expires at: 1766000738358
[debug] [2025-12-17T18:48:30.231Z] >>> [apiv2][query] GET https://cloudfunctions.googleapis.com/v1/operations/cHJvamVjdHMvcm9hZHRyaXAtcm95YWxlLWRldi1kMjY1Mi9sb2NhdGlvbnMvdXMtY2VudHJhbDEvb3BlcmF0aW9ucy9vcGVyYXRpb24tMTc2NTk5NzI1MjY4MC02NDYyYTQ2ZWI5YTkxLTRiNDZjNjczLTNlMjliZWY3 [none]
[debug] [2025-12-17T18:48:30.432Z] <<< [apiv2][status] GET https://cloudfunctions.googleapis.com/v1/operations/cHJvamVjdHMvcm9hZHRyaXAtcm95YWxlLWRldi1kMjY1Mi9sb2NhdGlvbnMvdXMtY2VudHJhbDEvb3BlcmF0aW9ucy9vcGVyYXRpb24tMTc2NTk5NzI1MjY4MC02NDYyYTQ2ZWI5YTkxLTRiNDZjNjczLTNlMjliZWY3 200
[debug] [2025-12-17T18:48:30.432Z] <<< [apiv2][body] GET https://cloudfunctions.googleapis.com/v1/operations/cHJvamVjdHMvcm9hZHRyaXAtcm95YWxlLWRldi1kMjY1Mi9sb2NhdGlvbnMvdXMtY2VudHJhbDEvb3BlcmF0aW9ucy9vcGVyYXRpb24tMTc2NTk5NzI1MjY4MC02NDYyYTQ2ZWI5YTkxLTRiNDZjNjczLTNlMjliZWY3 {"name":"operations/cHJvamVjdHMvcm9hZHRyaXAtcm95YWxlLWRldi1kMjY1Mi9sb2NhdGlvbnMvdXMtY2VudHJhbDEvb3BlcmF0aW9ucy9vcGVyYXRpb24tMTc2NTk5NzI1MjY4MC02NDYyYTQ2ZWI5YTkxLTRiNDZjNjczLTNlMjliZWY3","metadata":{"@type":"type.googleapis.com/google.cloud.functions.v1.OperationMetadataV1","target":"projects/roadtrip-royale-dev-d2652/locations/us-central1/functions/createShareCode","type":"CREATE_FUNCTION","request":{"@type":"type.googleapis.com/google.cloud.functions.v1.CloudFunction","name":"projects/roadtrip-royale-dev-d2652/locations/us-central1/functions/createShareCode","httpsTrigger":{"securityLevel":"SECURE_ALWAYS"},"entryPoint":"createShareCode","updateTime":"1970-01-01T00:00:00Z","labels":{"deployment-tool":"cli-firebase","deployment-callable":"true","firebase-functions-hash":"7ed776848df965fd162ccf2b17e5157713773c4d"},"sourceUploadUrl":"https://storage.googleapis.com/uploads-995950081560.us-central1.cloudfunctions.appspot.com/d3e4617f-c584-410e-b8fc-d9c3cfc0c12d.zip?GoogleAccessId=service-900272218936@gcf-admin-robot.iam.gserviceaccount.com&Expires=1765999052&Signature=ZVoB%2BvLwqtAEitcDaZMHjVFx971YfVOKBAJlNy57P5EBVNCAPUHzOu4gg6R3cBdkNT0mbkPjDkKJPYMkjY5v4iZ%2BRlnvdGEOqZiSD0sbJ20i0xElss5EV9c7eIoitrkLH5aDhuLwmVX3XLbEyiZpSzy5XK6sK7ikawv%2FxsV5w%2Fy8cfcCG6KSTUXPDvMvMADSzkP25FVuy3gXjrL14zPEd15fMHF5BsU%2F6YmBNTFNFaiR3PxBjbtqRFozdKJEFlyiONvqn3pusSuKEBv3O2uGeIce48wacKz8kvZVlkqv0smUXLO6dqAGsoHoN1zV3dzieFV76WfnPiP36F4UiKeD8w%3D%3D","environmentVariables":{"FIREBASE_CONFIG":"{\"projectId\":\"roadtrip-royale-dev-d2652\",\"storageBucket\":\"roadtrip-royale-dev-d2652.firebasestorage.app\"}","GCLOUD_PROJECT":"roadtrip-royale-dev-d2652","EVENTARC_CLOUD_EVENT_SOURCE":"projects/roadtrip-royale-dev-d2652/locations/us-central1/functions/createShareCode"},"runtime":"nodejs20","buildEnvironmentVariables":{"GOOGLE_NODE_RUN_SCRIPTS":""},"dockerRegistry":"ARTIFACT_REGISTRY"},"versionId":"1","updateTime":"2025-12-17T18:47:33.092101895Z","buildId":"742e9056-7596-40d8-aebb-03a385eb9042","buildName":"projects/900272218936/locations/us-central1/builds/742e9056-7596-40d8-aebb-03a385eb9042"}}
[debug] [2025-12-17T18:48:40.433Z] [create-default-us-central1-createShareCode] Retrying task index 0
[debug] [2025-12-17T18:48:40.434Z] Checked if tokens are valid: true, expires at: 1766000738358
[debug] [2025-12-17T18:48:40.434Z] Checked if tokens are valid: true, expires at: 1766000738358
[debug] [2025-12-17T18:48:40.434Z] >>> [apiv2][query] GET https://cloudfunctions.googleapis.com/v1/operations/cHJvamVjdHMvcm9hZHRyaXAtcm95YWxlLWRldi1kMjY1Mi9sb2NhdGlvbnMvdXMtY2VudHJhbDEvb3BlcmF0aW9ucy9vcGVyYXRpb24tMTc2NTk5NzI1MjY4MC02NDYyYTQ2ZWI5YTkxLTRiNDZjNjczLTNlMjliZWY3 [none]
[debug] [2025-12-17T18:48:40.614Z] <<< [apiv2][status] GET https://cloudfunctions.googleapis.com/v1/operations/cHJvamVjdHMvcm9hZHRyaXAtcm95YWxlLWRldi1kMjY1Mi9sb2NhdGlvbnMvdXMtY2VudHJhbDEvb3BlcmF0aW9ucy9vcGVyYXRpb24tMTc2NTk5NzI1MjY4MC02NDYyYTQ2ZWI5YTkxLTRiNDZjNjczLTNlMjliZWY3 200
[debug] [2025-12-17T18:48:40.615Z] <<< [apiv2][body] GET https://cloudfunctions.googleapis.com/v1/operations/cHJvamVjdHMvcm9hZHRyaXAtcm95YWxlLWRldi1kMjY1Mi9sb2NhdGlvbnMvdXMtY2VudHJhbDEvb3BlcmF0aW9ucy9vcGVyYXRpb24tMTc2NTk5NzI1MjY4MC02NDYyYTQ2ZWI5YTkxLTRiNDZjNjczLTNlMjliZWY3 {"name":"operations/cHJvamVjdHMvcm9hZHRyaXAtcm95YWxlLWRldi1kMjY1Mi9sb2NhdGlvbnMvdXMtY2VudHJhbDEvb3BlcmF0aW9ucy9vcGVyYXRpb24tMTc2NTk5NzI1MjY4MC02NDYyYTQ2ZWI5YTkxLTRiNDZjNjczLTNlMjliZWY3","metadata":{"@type":"type.googleapis.com/google.cloud.functions.v1.OperationMetadataV1","target":"projects/roadtrip-royale-dev-d2652/locations/us-central1/functions/createShareCode","type":"CREATE_FUNCTION","request":{"@type":"type.googleapis.com/google.cloud.functions.v1.CloudFunction","name":"projects/roadtrip-royale-dev-d2652/locations/us-central1/functions/createShareCode","httpsTrigger":{"securityLevel":"SECURE_ALWAYS"},"entryPoint":"createShareCode","updateTime":"1970-01-01T00:00:00Z","labels":{"deployment-tool":"cli-firebase","deployment-callable":"true","firebase-functions-hash":"7ed776848df965fd162ccf2b17e5157713773c4d"},"sourceUploadUrl":"https://storage.googleapis.com/uploads-995950081560.us-central1.cloudfunctions.appspot.com/d3e4617f-c584-410e-b8fc-d9c3cfc0c12d.zip?GoogleAccessId=service-900272218936@gcf-admin-robot.iam.gserviceaccount.com&Expires=1765999052&Signature=ZVoB%2BvLwqtAEitcDaZMHjVFx971YfVOKBAJlNy57P5EBVNCAPUHzOu4gg6R3cBdkNT0mbkPjDkKJPYMkjY5v4iZ%2BRlnvdGEOqZiSD0sbJ20i0xElss5EV9c7eIoitrkLH5aDhuLwmVX3XLbEyiZpSzy5XK6sK7ikawv%2FxsV5w%2Fy8cfcCG6KSTUXPDvMvMADSzkP25FVuy3gXjrL14zPEd15fMHF5BsU%2F6YmBNTFNFaiR3PxBjbtqRFozdKJEFlyiONvqn3pusSuKEBv3O2uGeIce48wacKz8kvZVlkqv0smUXLO6dqAGsoHoN1zV3dzieFV76WfnPiP36F4UiKeD8w%3D%3D","environmentVariables":{"FIREBASE_CONFIG":"{\"projectId\":\"roadtrip-royale-dev-d2652\",\"storageBucket\":\"roadtrip-royale-dev-d2652.firebasestorage.app\"}","GCLOUD_PROJECT":"roadtrip-royale-dev-d2652","EVENTARC_CLOUD_EVENT_SOURCE":"projects/roadtrip-royale-dev-d2652/locations/us-central1/functions/createShareCode"},"runtime":"nodejs20","buildEnvironmentVariables":{"GOOGLE_NODE_RUN_SCRIPTS":""},"dockerRegistry":"ARTIFACT_REGISTRY"},"versionId":"1","updateTime":"2025-12-17T18:47:33.092101895Z","buildId":"742e9056-7596-40d8-aebb-03a385eb9042","buildName":"projects/900272218936/locations/us-central1/builds/742e9056-7596-40d8-aebb-03a385eb9042"}}
[debug] [2025-12-17T18:48:50.617Z] [create-default-us-central1-createShareCode] Retrying task index 0
[debug] [2025-12-17T18:48:50.617Z] Checked if tokens are valid: true, expires at: 1766000738358
[debug] [2025-12-17T18:48:50.618Z] Checked if tokens are valid: true, expires at: 1766000738358
[debug] [2025-12-17T18:48:50.618Z] >>> [apiv2][query] GET https://cloudfunctions.googleapis.com/v1/operations/cHJvamVjdHMvcm9hZHRyaXAtcm95YWxlLWRldi1kMjY1Mi9sb2NhdGlvbnMvdXMtY2VudHJhbDEvb3BlcmF0aW9ucy9vcGVyYXRpb24tMTc2NTk5NzI1MjY4MC02NDYyYTQ2ZWI5YTkxLTRiNDZjNjczLTNlMjliZWY3 [none]
[debug] [2025-12-17T18:48:50.858Z] <<< [apiv2][status] GET https://cloudfunctions.googleapis.com/v1/operations/cHJvamVjdHMvcm9hZHRyaXAtcm95YWxlLWRldi1kMjY1Mi9sb2NhdGlvbnMvdXMtY2VudHJhbDEvb3BlcmF0aW9ucy9vcGVyYXRpb24tMTc2NTk5NzI1MjY4MC02NDYyYTQ2ZWI5YTkxLTRiNDZjNjczLTNlMjliZWY3 200
[debug] [2025-12-17T18:48:50.858Z] <<< [apiv2][body] GET https://cloudfunctions.googleapis.com/v1/operations/cHJvamVjdHMvcm9hZHRyaXAtcm95YWxlLWRldi1kMjY1Mi9sb2NhdGlvbnMvdXMtY2VudHJhbDEvb3BlcmF0aW9ucy9vcGVyYXRpb24tMTc2NTk5NzI1MjY4MC02NDYyYTQ2ZWI5YTkxLTRiNDZjNjczLTNlMjliZWY3 {"name":"operations/cHJvamVjdHMvcm9hZHRyaXAtcm95YWxlLWRldi1kMjY1Mi9sb2NhdGlvbnMvdXMtY2VudHJhbDEvb3BlcmF0aW9ucy9vcGVyYXRpb24tMTc2NTk5NzI1MjY4MC02NDYyYTQ2ZWI5YTkxLTRiNDZjNjczLTNlMjliZWY3","metadata":{"@type":"type.googleapis.com/google.cloud.functions.v1.OperationMetadataV1","target":"projects/roadtrip-royale-dev-d2652/locations/us-central1/functions/createShareCode","type":"CREATE_FUNCTION","request":{"@type":"type.googleapis.com/google.cloud.functions.v1.CloudFunction","name":"projects/roadtrip-royale-dev-d2652/locations/us-central1/functions/createShareCode","httpsTrigger":{"securityLevel":"SECURE_ALWAYS"},"entryPoint":"createShareCode","updateTime":"1970-01-01T00:00:00Z","labels":{"deployment-tool":"cli-firebase","deployment-callable":"true","firebase-functions-hash":"7ed776848df965fd162ccf2b17e5157713773c4d"},"sourceUploadUrl":"https://storage.googleapis.com/uploads-995950081560.us-central1.cloudfunctions.appspot.com/d3e4617f-c584-410e-b8fc-d9c3cfc0c12d.zip?GoogleAccessId=service-900272218936@gcf-admin-robot.iam.gserviceaccount.com&Expires=1765999052&Signature=ZVoB%2BvLwqtAEitcDaZMHjVFx971YfVOKBAJlNy57P5EBVNCAPUHzOu4gg6R3cBdkNT0mbkPjDkKJPYMkjY5v4iZ%2BRlnvdGEOqZiSD0sbJ20i0xElss5EV9c7eIoitrkLH5aDhuLwmVX3XLbEyiZpSzy5XK6sK7ikawv%2FxsV5w%2Fy8cfcCG6KSTUXPDvMvMADSzkP25FVuy3gXjrL14zPEd15fMHF5BsU%2F6YmBNTFNFaiR3PxBjbtqRFozdKJEFlyiONvqn3pusSuKEBv3O2uGeIce48wacKz8kvZVlkqv0smUXLO6dqAGsoHoN1zV3dzieFV76WfnPiP36F4UiKeD8w%3D%3D","environmentVariables":{"FIREBASE_CONFIG":"{\"projectId\":\"roadtrip-royale-dev-d2652\",\"storageBucket\":\"roadtrip-royale-dev-d2652.firebasestorage.app\"}","GCLOUD_PROJECT":"roadtrip-royale-dev-d2652","EVENTARC_CLOUD_EVENT_SOURCE":"projects/roadtrip-royale-dev-d2652/locations/us-central1/functions/createShareCode"},"runtime":"nodejs20","buildEnvironmentVariables":{"GOOGLE_NODE_RUN_SCRIPTS":""},"dockerRegistry":"ARTIFACT_REGISTRY"},"versionId":"1","updateTime":"2025-12-17T18:47:33.092101895Z","buildId":"742e9056-7596-40d8-aebb-03a385eb9042","sourceToken":"eac1cfcc-da93-458f-9960-d8d7778c4fbb","buildName":"projects/900272218936/locations/us-central1/builds/742e9056-7596-40d8-aebb-03a385eb9042"}}
[debug] [2025-12-17T18:48:50.858Z] Got source token eac1cfcc-da93-458f-9960-d8d7778c4fbb for region us-central1
[debug] [2025-12-17T18:48:50.860Z] Checked if tokens are valid: true, expires at: 1766000738358
[debug] [2025-12-17T18:48:50.860Z] Checked if tokens are valid: true, expires at: 1766000738358
[debug] [2025-12-17T18:48:50.860Z] Checked if tokens are valid: true, expires at: 1766000738358
[debug] [2025-12-17T18:48:50.861Z] Checked if tokens are valid: true, expires at: 1766000738358
[debug] [2025-12-17T18:48:50.861Z] Checked if tokens are valid: true, expires at: 1766000738358
[debug] [2025-12-17T18:48:50.861Z] Checked if tokens are valid: true, expires at: 1766000738358
[debug] [2025-12-17T18:48:50.861Z] Checked if tokens are valid: true, expires at: 1766000738358
[debug] [2025-12-17T18:48:50.861Z] Checked if tokens are valid: true, expires at: 1766000738358
[debug] [2025-12-17T18:48:50.861Z] Checked if tokens are valid: true, expires at: 1766000738358
[debug] [2025-12-17T18:48:50.861Z] Checked if tokens are valid: true, expires at: 1766000738358
[debug] [2025-12-17T18:48:50.861Z] Checked if tokens are valid: true, expires at: 1766000738358
[debug] [2025-12-17T18:48:50.861Z] Checked if tokens are valid: true, expires at: 1766000738358
[debug] [2025-12-17T18:48:50.861Z] Checked if tokens are valid: true, expires at: 1766000738358
[debug] [2025-12-17T18:48:50.861Z] Checked if tokens are valid: true, expires at: 1766000738358
[debug] [2025-12-17T18:48:50.861Z] Checked if tokens are valid: true, expires at: 1766000738358
[debug] [2025-12-17T18:48:50.861Z] Checked if tokens are valid: true, expires at: 1766000738358
[debug] [2025-12-17T18:48:50.861Z] Checked if tokens are valid: true, expires at: 1766000738358
[debug] [2025-12-17T18:48:50.861Z] Checked if tokens are valid: true, expires at: 1766000738358
[debug] [2025-12-17T18:48:50.861Z] Checked if tokens are valid: true, expires at: 1766000738358
[debug] [2025-12-17T18:48:50.861Z] Checked if tokens are valid: true, expires at: 1766000738358
[debug] [2025-12-17T18:48:50.861Z] Checked if tokens are valid: true, expires at: 1766000738358
[debug] [2025-12-17T18:48:50.861Z] Checked if tokens are valid: true, expires at: 1766000738358
[debug] [2025-12-17T18:48:50.861Z] >>> [apiv2][query] POST https://cloudfunctions.googleapis.com/v1/projects/roadtrip-royale-dev-d2652/locations/us-central1/functions [none]
[debug] [2025-12-17T18:48:50.861Z] >>> [apiv2][body] POST https://cloudfunctions.googleapis.com/v1/projects/roadtrip-royale-dev-d2652/locations/us-central1/functions {"name":"projects/roadtrip-royale-dev-d2652/locations/us-central1/functions/redeemShareCode","sourceUploadUrl":"https://storage.googleapis.com/uploads-995950081560.us-central1.cloudfunctions.appspot.com/d3e4617f-c584-410e-b8fc-d9c3cfc0c12d.zip?GoogleAccessId=service-900272218936@gcf-admin-robot.iam.gserviceaccount.com&Expires=1765999052&Signature=ZVoB%2BvLwqtAEitcDaZMHjVFx971YfVOKBAJlNy57P5EBVNCAPUHzOu4gg6R3cBdkNT0mbkPjDkKJPYMkjY5v4iZ%2BRlnvdGEOqZiSD0sbJ20i0xElss5EV9c7eIoitrkLH5aDhuLwmVX3XLbEyiZpSzy5XK6sK7ikawv%2FxsV5w%2Fy8cfcCG6KSTUXPDvMvMADSzkP25FVuy3gXjrL14zPEd15fMHF5BsU%2F6YmBNTFNFaiR3PxBjbtqRFozdKJEFlyiONvqn3pusSuKEBv3O2uGeIce48wacKz8kvZVlkqv0smUXLO6dqAGsoHoN1zV3dzieFV76WfnPiP36F4UiKeD8w%3D%3D","entryPoint":"redeemShareCode","runtime":"nodejs20","dockerRegistry":"ARTIFACT_REGISTRY","labels":{"deployment-tool":"cli-firebase","deployment-callable":"true","firebase-functions-hash":"7ed776848df965fd162ccf2b17e5157713773c4d"},"httpsTrigger":{"securityLevel":"SECURE_ALWAYS"},"minInstances":null,"maxInstances":null,"ingressSettings":null,"environmentVariables":{"FIREBASE_CONFIG":"{\"projectId\":\"roadtrip-royale-dev-d2652\",\"storageBucket\":\"roadtrip-royale-dev-d2652.firebasestorage.app\"}","GCLOUD_PROJECT":"roadtrip-royale-dev-d2652","EVENTARC_CLOUD_EVENT_SOURCE":"projects/roadtrip-royale-dev-d2652/locations/us-central1/functions/redeemShareCode"},"serviceAccountEmail":null,"availableMemoryMb":null,"timeout":null,"vpcConnector":null,"vpcConnectorEgressSettings":null,"sourceToken":"eac1cfcc-da93-458f-9960-d8d7778c4fbb","buildEnvironmentVariables":{"GOOGLE_NODE_RUN_SCRIPTS":""}}
[debug] [2025-12-17T18:48:50.861Z] >>> [apiv2][query] POST https://cloudfunctions.googleapis.com/v1/projects/roadtrip-royale-dev-d2652/locations/us-central1/functions [none]
[debug] [2025-12-17T18:48:50.861Z] >>> [apiv2][body] POST https://cloudfunctions.googleapis.com/v1/projects/roadtrip-royale-dev-d2652/locations/us-central1/functions {"name":"projects/roadtrip-royale-dev-d2652/locations/us-central1/functions/sendFriendInvite","sourceUploadUrl":"https://storage.googleapis.com/uploads-995950081560.us-central1.cloudfunctions.appspot.com/d3e4617f-c584-410e-b8fc-d9c3cfc0c12d.zip?GoogleAccessId=service-900272218936@gcf-admin-robot.iam.gserviceaccount.com&Expires=1765999052&Signature=ZVoB%2BvLwqtAEitcDaZMHjVFx971YfVOKBAJlNy57P5EBVNCAPUHzOu4gg6R3cBdkNT0mbkPjDkKJPYMkjY5v4iZ%2BRlnvdGEOqZiSD0sbJ20i0xElss5EV9c7eIoitrkLH5aDhuLwmVX3XLbEyiZpSzy5XK6sK7ikawv%2FxsV5w%2Fy8cfcCG6KSTUXPDvMvMADSzkP25FVuy3gXjrL14zPEd15fMHF5BsU%2F6YmBNTFNFaiR3PxBjbtqRFozdKJEFlyiONvqn3pusSuKEBv3O2uGeIce48wacKz8kvZVlkqv0smUXLO6dqAGsoHoN1zV3dzieFV76WfnPiP36F4UiKeD8w%3D%3D","entryPoint":"sendFriendInvite","runtime":"nodejs20","dockerRegistry":"ARTIFACT_REGISTRY","labels":{"deployment-tool":"cli-firebase","deployment-callable":"true","firebase-functions-hash":"7ed776848df965fd162ccf2b17e5157713773c4d"},"httpsTrigger":{"securityLevel":"SECURE_ALWAYS"},"minInstances":null,"maxInstances":null,"ingressSettings":null,"environmentVariables":{"FIREBASE_CONFIG":"{\"projectId\":\"roadtrip-royale-dev-d2652\",\"storageBucket\":\"roadtrip-royale-dev-d2652.firebasestorage.app\"}","GCLOUD_PROJECT":"roadtrip-royale-dev-d2652","EVENTARC_CLOUD_EVENT_SOURCE":"projects/roadtrip-royale-dev-d2652/locations/us-central1/functions/sendFriendInvite"},"serviceAccountEmail":null,"availableMemoryMb":null,"timeout":null,"vpcConnector":null,"vpcConnectorEgressSettings":null,"sourceToken":"eac1cfcc-da93-458f-9960-d8d7778c4fbb","buildEnvironmentVariables":{"GOOGLE_NODE_RUN_SCRIPTS":""}}
[debug] [2025-12-17T18:48:50.862Z] >>> [apiv2][query] POST https://cloudfunctions.googleapis.com/v1/projects/roadtrip-royale-dev-d2652/locations/us-central1/functions [none]
[debug] [2025-12-17T18:48:50.862Z] >>> [apiv2][body] POST https://cloudfunctions.googleapis.com/v1/projects/roadtrip-royale-dev-d2652/locations/us-central1/functions {"name":"projects/roadtrip-royale-dev-d2652/locations/us-central1/functions/respondToFriendInvite","sourceUploadUrl":"https://storage.googleapis.com/uploads-995950081560.us-central1.cloudfunctions.appspot.com/d3e4617f-c584-410e-b8fc-d9c3cfc0c12d.zip?GoogleAccessId=service-900272218936@gcf-admin-robot.iam.gserviceaccount.com&Expires=1765999052&Signature=ZVoB%2BvLwqtAEitcDaZMHjVFx971YfVOKBAJlNy57P5EBVNCAPUHzOu4gg6R3cBdkNT0mbkPjDkKJPYMkjY5v4iZ%2BRlnvdGEOqZiSD0sbJ20i0xElss5EV9c7eIoitrkLH5aDhuLwmVX3XLbEyiZpSzy5XK6sK7ikawv%2FxsV5w%2Fy8cfcCG6KSTUXPDvMvMADSzkP25FVuy3gXjrL14zPEd15fMHF5BsU%2F6YmBNTFNFaiR3PxBjbtqRFozdKJEFlyiONvqn3pusSuKEBv3O2uGeIce48wacKz8kvZVlkqv0smUXLO6dqAGsoHoN1zV3dzieFV76WfnPiP36F4UiKeD8w%3D%3D","entryPoint":"respondToFriendInvite","runtime":"nodejs20","dockerRegistry":"ARTIFACT_REGISTRY","labels":{"deployment-tool":"cli-firebase","deployment-callable":"true","firebase-functions-hash":"7ed776848df965fd162ccf2b17e5157713773c4d"},"httpsTrigger":{"securityLevel":"SECURE_ALWAYS"},"minInstances":null,"maxInstances":null,"ingressSettings":null,"environmentVariables":{"FIREBASE_CONFIG":"{\"projectId\":\"roadtrip-royale-dev-d2652\",\"storageBucket\":\"roadtrip-royale-dev-d2652.firebasestorage.app\"}","GCLOUD_PROJECT":"roadtrip-royale-dev-d2652","EVENTARC_CLOUD_EVENT_SOURCE":"projects/roadtrip-royale-dev-d2652/locations/us-central1/functions/respondToFriendInvite"},"serviceAccountEmail":null,"availableMemoryMb":null,"timeout":null,"vpcConnector":null,"vpcConnectorEgressSettings":null,"sourceToken":"eac1cfcc-da93-458f-9960-d8d7778c4fbb","buildEnvironmentVariables":{"GOOGLE_NODE_RUN_SCRIPTS":""}}
[debug] [2025-12-17T18:48:50.862Z] >>> [apiv2][query] POST https://cloudfunctions.googleapis.com/v1/projects/roadtrip-royale-dev-d2652/locations/us-central1/functions [none]
[debug] [2025-12-17T18:48:50.862Z] >>> [apiv2][body] POST https://cloudfunctions.googleapis.com/v1/projects/roadtrip-royale-dev-d2652/locations/us-central1/functions {"name":"projects/roadtrip-royale-dev-d2652/locations/us-central1/functions/createFamily","sourceUploadUrl":"https://storage.googleapis.com/uploads-995950081560.us-central1.cloudfunctions.appspot.com/d3e4617f-c584-410e-b8fc-d9c3cfc0c12d.zip?GoogleAccessId=service-900272218936@gcf-admin-robot.iam.gserviceaccount.com&Expires=1765999052&Signature=ZVoB%2BvLwqtAEitcDaZMHjVFx971YfVOKBAJlNy57P5EBVNCAPUHzOu4gg6R3cBdkNT0mbkPjDkKJPYMkjY5v4iZ%2BRlnvdGEOqZiSD0sbJ20i0xElss5EV9c7eIoitrkLH5aDhuLwmVX3XLbEyiZpSzy5XK6sK7ikawv%2FxsV5w%2Fy8cfcCG6KSTUXPDvMvMADSzkP25FVuy3gXjrL14zPEd15fMHF5BsU%2F6YmBNTFNFaiR3PxBjbtqRFozdKJEFlyiONvqn3pusSuKEBv3O2uGeIce48wacKz8kvZVlkqv0smUXLO6dqAGsoHoN1zV3dzieFV76WfnPiP36F4UiKeD8w%3D%3D","entryPoint":"createFamily","runtime":"nodejs20","dockerRegistry":"ARTIFACT_REGISTRY","labels":{"deployment-tool":"cli-firebase","deployment-callable":"true","firebase-functions-hash":"7ed776848df965fd162ccf2b17e5157713773c4d"},"httpsTrigger":{"securityLevel":"SECURE_ALWAYS"},"minInstances":null,"maxInstances":null,"ingressSettings":null,"environmentVariables":{"FIREBASE_CONFIG":"{\"projectId\":\"roadtrip-royale-dev-d2652\",\"storageBucket\":\"roadtrip-royale-dev-d2652.firebasestorage.app\"}","GCLOUD_PROJECT":"roadtrip-royale-dev-d2652","EVENTARC_CLOUD_EVENT_SOURCE":"projects/roadtrip-royale-dev-d2652/locations/us-central1/functions/createFamily"},"serviceAccountEmail":null,"availableMemoryMb":null,"timeout":null,"vpcConnector":null,"vpcConnectorEgressSettings":null,"sourceToken":"eac1cfcc-da93-458f-9960-d8d7778c4fbb","buildEnvironmentVariables":{"GOOGLE_NODE_RUN_SCRIPTS":""}}
[debug] [2025-12-17T18:48:50.863Z] >>> [apiv2][query] POST https://cloudfunctions.googleapis.com/v1/projects/roadtrip-royale-dev-d2652/locations/us-central1/functions [none]
[debug] [2025-12-17T18:48:50.863Z] >>> [apiv2][body] POST https://cloudfunctions.googleapis.com/v1/projects/roadtrip-royale-dev-d2652/locations/us-central1/functions {"name":"projects/roadtrip-royale-dev-d2652/locations/us-central1/functions/sendFamilyInvite","sourceUploadUrl":"https://storage.googleapis.com/uploads-995950081560.us-central1.cloudfunctions.appspot.com/d3e4617f-c584-410e-b8fc-d9c3cfc0c12d.zip?GoogleAccessId=service-900272218936@gcf-admin-robot.iam.gserviceaccount.com&Expires=1765999052&Signature=ZVoB%2BvLwqtAEitcDaZMHjVFx971YfVOKBAJlNy57P5EBVNCAPUHzOu4gg6R3cBdkNT0mbkPjDkKJPYMkjY5v4iZ%2BRlnvdGEOqZiSD0sbJ20i0xElss5EV9c7eIoitrkLH5aDhuLwmVX3XLbEyiZpSzy5XK6sK7ikawv%2FxsV5w%2Fy8cfcCG6KSTUXPDvMvMADSzkP25FVuy3gXjrL14zPEd15fMHF5BsU%2F6YmBNTFNFaiR3PxBjbtqRFozdKJEFlyiONvqn3pusSuKEBv3O2uGeIce48wacKz8kvZVlkqv0smUXLO6dqAGsoHoN1zV3dzieFV76WfnPiP36F4UiKeD8w%3D%3D","entryPoint":"sendFamilyInvite","runtime":"nodejs20","dockerRegistry":"ARTIFACT_REGISTRY","labels":{"deployment-tool":"cli-firebase","deployment-callable":"true","firebase-functions-hash":"7ed776848df965fd162ccf2b17e5157713773c4d"},"httpsTrigger":{"securityLevel":"SECURE_ALWAYS"},"minInstances":null,"maxInstances":null,"ingressSettings":null,"environmentVariables":{"FIREBASE_CONFIG":"{\"projectId\":\"roadtrip-royale-dev-d2652\",\"storageBucket\":\"roadtrip-royale-dev-d2652.firebasestorage.app\"}","GCLOUD_PROJECT":"roadtrip-royale-dev-d2652","EVENTARC_CLOUD_EVENT_SOURCE":"projects/roadtrip-royale-dev-d2652/locations/us-central1/functions/sendFamilyInvite"},"serviceAccountEmail":null,"availableMemoryMb":null,"timeout":null,"vpcConnector":null,"vpcConnectorEgressSettings":null,"sourceToken":"eac1cfcc-da93-458f-9960-d8d7778c4fbb","buildEnvironmentVariables":{"GOOGLE_NODE_RUN_SCRIPTS":""}}
[debug] [2025-12-17T18:48:50.863Z] >>> [apiv2][query] POST https://cloudfunctions.googleapis.com/v1/projects/roadtrip-royale-dev-d2652/locations/us-central1/functions [none]
[debug] [2025-12-17T18:48:50.863Z] >>> [apiv2][body] POST https://cloudfunctions.googleapis.com/v1/projects/roadtrip-royale-dev-d2652/locations/us-central1/functions {"name":"projects/roadtrip-royale-dev-d2652/locations/us-central1/functions/respondToFamilyInvite_UserStep","sourceUploadUrl":"https://storage.googleapis.com/uploads-995950081560.us-central1.cloudfunctions.appspot.com/d3e4617f-c584-410e-b8fc-d9c3cfc0c12d.zip?GoogleAccessId=service-900272218936@gcf-admin-robot.iam.gserviceaccount.com&Expires=1765999052&Signature=ZVoB%2BvLwqtAEitcDaZMHjVFx971YfVOKBAJlNy57P5EBVNCAPUHzOu4gg6R3cBdkNT0mbkPjDkKJPYMkjY5v4iZ%2BRlnvdGEOqZiSD0sbJ20i0xElss5EV9c7eIoitrkLH5aDhuLwmVX3XLbEyiZpSzy5XK6sK7ikawv%2FxsV5w%2Fy8cfcCG6KSTUXPDvMvMADSzkP25FVuy3gXjrL14zPEd15fMHF5BsU%2F6YmBNTFNFaiR3PxBjbtqRFozdKJEFlyiONvqn3pusSuKEBv3O2uGeIce48wacKz8kvZVlkqv0smUXLO6dqAGsoHoN1zV3dzieFV76WfnPiP36F4UiKeD8w%3D%3D","entryPoint":"respondToFamilyInvite_UserStep","runtime":"nodejs20","dockerRegistry":"ARTIFACT_REGISTRY","labels":{"deployment-tool":"cli-firebase","deployment-callable":"true","firebase-functions-hash":"7ed776848df965fd162ccf2b17e5157713773c4d"},"httpsTrigger":{"securityLevel":"SECURE_ALWAYS"},"minInstances":null,"maxInstances":null,"ingressSettings":null,"environmentVariables":{"FIREBASE_CONFIG":"{\"projectId\":\"roadtrip-royale-dev-d2652\",\"storageBucket\":\"roadtrip-royale-dev-d2652.firebasestorage.app\"}","GCLOUD_PROJECT":"roadtrip-royale-dev-d2652","EVENTARC_CLOUD_EVENT_SOURCE":"projects/roadtrip-royale-dev-d2652/locations/us-central1/functions/respondToFamilyInvite_UserStep"},"serviceAccountEmail":null,"availableMemoryMb":null,"timeout":null,"vpcConnector":null,"vpcConnectorEgressSettings":null,"sourceToken":"eac1cfcc-da93-458f-9960-d8d7778c4fbb","buildEnvironmentVariables":{"GOOGLE_NODE_RUN_SCRIPTS":""}}
[debug] [2025-12-17T18:48:50.863Z] >>> [apiv2][query] POST https://cloudfunctions.googleapis.com/v1/projects/roadtrip-royale-dev-d2652/locations/us-central1/functions [none]
[debug] [2025-12-17T18:48:50.863Z] >>> [apiv2][body] POST https://cloudfunctions.googleapis.com/v1/projects/roadtrip-royale-dev-d2652/locations/us-central1/functions {"name":"projects/roadtrip-royale-dev-d2652/locations/us-central1/functions/approveFamilyJoinRequest_CaptainStep","sourceUploadUrl":"https://storage.googleapis.com/uploads-995950081560.us-central1.cloudfunctions.appspot.com/d3e4617f-c584-410e-b8fc-d9c3cfc0c12d.zip?GoogleAccessId=service-900272218936@gcf-admin-robot.iam.gserviceaccount.com&Expires=1765999052&Signature=ZVoB%2BvLwqtAEitcDaZMHjVFx971YfVOKBAJlNy57P5EBVNCAPUHzOu4gg6R3cBdkNT0mbkPjDkKJPYMkjY5v4iZ%2BRlnvdGEOqZiSD0sbJ20i0xElss5EV9c7eIoitrkLH5aDhuLwmVX3XLbEyiZpSzy5XK6sK7ikawv%2FxsV5w%2Fy8cfcCG6KSTUXPDvMvMADSzkP25FVuy3gXjrL14zPEd15fMHF5BsU%2F6YmBNTFNFaiR3PxBjbtqRFozdKJEFlyiONvqn3pusSuKEBv3O2uGeIce48wacKz8kvZVlkqv0smUXLO6dqAGsoHoN1zV3dzieFV76WfnPiP36F4UiKeD8w%3D%3D","entryPoint":"approveFamilyJoinRequest_CaptainStep","runtime":"nodejs20","dockerRegistry":"ARTIFACT_REGISTRY","labels":{"deployment-tool":"cli-firebase","deployment-callable":"true","firebase-functions-hash":"7ed776848df965fd162ccf2b17e5157713773c4d"},"httpsTrigger":{"securityLevel":"SECURE_ALWAYS"},"minInstances":null,"maxInstances":null,"ingressSettings":null,"environmentVariables":{"FIREBASE_CONFIG":"{\"projectId\":\"roadtrip-royale-dev-d2652\",\"storageBucket\":\"roadtrip-royale-dev-d2652.firebasestorage.app\"}","GCLOUD_PROJECT":"roadtrip-royale-dev-d2652","EVENTARC_CLOUD_EVENT_SOURCE":"projects/roadtrip-royale-dev-d2652/locations/us-central1/functions/approveFamilyJoinRequest_CaptainStep"},"serviceAccountEmail":null,"availableMemoryMb":null,"timeout":null,"vpcConnector":null,"vpcConnectorEgressSettings":null,"sourceToken":"eac1cfcc-da93-458f-9960-d8d7778c4fbb","buildEnvironmentVariables":{"GOOGLE_NODE_RUN_SCRIPTS":""}}
[debug] [2025-12-17T18:48:50.864Z] >>> [apiv2][query] POST https://cloudfunctions.googleapis.com/v1/projects/roadtrip-royale-dev-d2652/locations/us-central1/functions [none]
[debug] [2025-12-17T18:48:50.864Z] >>> [apiv2][body] POST https://cloudfunctions.googleapis.com/v1/projects/roadtrip-royale-dev-d2652/locations/us-central1/functions {"name":"projects/roadtrip-royale-dev-d2652/locations/us-central1/functions/removeFamilyMember","sourceUploadUrl":"https://storage.googleapis.com/uploads-995950081560.us-central1.cloudfunctions.appspot.com/d3e4617f-c584-410e-b8fc-d9c3cfc0c12d.zip?GoogleAccessId=service-900272218936@gcf-admin-robot.iam.gserviceaccount.com&Expires=1765999052&Signature=ZVoB%2BvLwqtAEitcDaZMHjVFx971YfVOKBAJlNy57P5EBVNCAPUHzOu4gg6R3cBdkNT0mbkPjDkKJPYMkjY5v4iZ%2BRlnvdGEOqZiSD0sbJ20i0xElss5EV9c7eIoitrkLH5aDhuLwmVX3XLbEyiZpSzy5XK6sK7ikawv%2FxsV5w%2Fy8cfcCG6KSTUXPDvMvMADSzkP25FVuy3gXjrL14zPEd15fMHF5BsU%2F6YmBNTFNFaiR3PxBjbtqRFozdKJEFlyiONvqn3pusSuKEBv3O2uGeIce48wacKz8kvZVlkqv0smUXLO6dqAGsoHoN1zV3dzieFV76WfnPiP36F4UiKeD8w%3D%3D","entryPoint":"removeFamilyMember","runtime":"nodejs20","dockerRegistry":"ARTIFACT_REGISTRY","labels":{"deployment-tool":"cli-firebase","deployment-callable":"true","firebase-functions-hash":"7ed776848df965fd162ccf2b17e5157713773c4d"},"httpsTrigger":{"securityLevel":"SECURE_ALWAYS"},"minInstances":null,"maxInstances":null,"ingressSettings":null,"environmentVariables":{"FIREBASE_CONFIG":"{\"projectId\":\"roadtrip-royale-dev-d2652\",\"storageBucket\":\"roadtrip-royale-dev-d2652.firebasestorage.app\"}","GCLOUD_PROJECT":"roadtrip-royale-dev-d2652","EVENTARC_CLOUD_EVENT_SOURCE":"projects/roadtrip-royale-dev-d2652/locations/us-central1/functions/removeFamilyMember"},"serviceAccountEmail":null,"availableMemoryMb":null,"timeout":null,"vpcConnector":null,"vpcConnectorEgressSettings":null,"sourceToken":"eac1cfcc-da93-458f-9960-d8d7778c4fbb","buildEnvironmentVariables":{"GOOGLE_NODE_RUN_SCRIPTS":""}}
[debug] [2025-12-17T18:48:50.864Z] >>> [apiv2][query] POST https://cloudfunctions.googleapis.com/v1/projects/roadtrip-royale-dev-d2652/locations/us-central1/functions [none]
[debug] [2025-12-17T18:48:50.864Z] >>> [apiv2][body] POST https://cloudfunctions.googleapis.com/v1/projects/roadtrip-royale-dev-d2652/locations/us-central1/functions {"name":"projects/roadtrip-royale-dev-d2652/locations/us-central1/functions/changeFamilyMemberRole","sourceUploadUrl":"https://storage.googleapis.com/uploads-995950081560.us-central1.cloudfunctions.appspot.com/d3e4617f-c584-410e-b8fc-d9c3cfc0c12d.zip?GoogleAccessId=service-900272218936@gcf-admin-robot.iam.gserviceaccount.com&Expires=1765999052&Signature=ZVoB%2BvLwqtAEitcDaZMHjVFx971YfVOKBAJlNy57P5EBVNCAPUHzOu4gg6R3cBdkNT0mbkPjDkKJPYMkjY5v4iZ%2BRlnvdGEOqZiSD0sbJ20i0xElss5EV9c7eIoitrkLH5aDhuLwmVX3XLbEyiZpSzy5XK6sK7ikawv%2FxsV5w%2Fy8cfcCG6KSTUXPDvMvMADSzkP25FVuy3gXjrL14zPEd15fMHF5BsU%2F6YmBNTFNFaiR3PxBjbtqRFozdKJEFlyiONvqn3pusSuKEBv3O2uGeIce48wacKz8kvZVlkqv0smUXLO6dqAGsoHoN1zV3dzieFV76WfnPiP36F4UiKeD8w%3D%3D","entryPoint":"changeFamilyMemberRole","runtime":"nodejs20","dockerRegistry":"ARTIFACT_REGISTRY","labels":{"deployment-tool":"cli-firebase","deployment-callable":"true","firebase-functions-hash":"7ed776848df965fd162ccf2b17e5157713773c4d"},"httpsTrigger":{"securityLevel":"SECURE_ALWAYS"},"minInstances":null,"maxInstances":null,"ingressSettings":null,"environmentVariables":{"FIREBASE_CONFIG":"{\"projectId\":\"roadtrip-royale-dev-d2652\",\"storageBucket\":\"roadtrip-royale-dev-d2652.firebasestorage.app\"}","GCLOUD_PROJECT":"roadtrip-royale-dev-d2652","EVENTARC_CLOUD_EVENT_SOURCE":"projects/roadtrip-royale-dev-d2652/locations/us-central1/functions/changeFamilyMemberRole"},"serviceAccountEmail":null,"availableMemoryMb":null,"timeout":null,"vpcConnector":null,"vpcConnectorEgressSettings":null,"sourceToken":"eac1cfcc-da93-458f-9960-d8d7778c4fbb","buildEnvironmentVariables":{"GOOGLE_NODE_RUN_SCRIPTS":""}}
[debug] [2025-12-17T18:48:50.865Z] >>> [apiv2][query] POST https://cloudfunctions.googleapis.com/v1/projects/roadtrip-royale-dev-d2652/locations/us-central1/functions [none]
[debug] [2025-12-17T18:48:50.865Z] >>> [apiv2][body] POST https://cloudfunctions.googleapis.com/v1/projects/roadtrip-royale-dev-d2652/locations/us-central1/functions {"name":"projects/roadtrip-royale-dev-d2652/locations/us-central1/functions/expireInvitesAndCodes","sourceUploadUrl":"https://storage.googleapis.com/uploads-995950081560.us-central1.cloudfunctions.appspot.com/d3e4617f-c584-410e-b8fc-d9c3cfc0c12d.zip?GoogleAccessId=service-900272218936@gcf-admin-robot.iam.gserviceaccount.com&Expires=1765999052&Signature=ZVoB%2BvLwqtAEitcDaZMHjVFx971YfVOKBAJlNy57P5EBVNCAPUHzOu4gg6R3cBdkNT0mbkPjDkKJPYMkjY5v4iZ%2BRlnvdGEOqZiSD0sbJ20i0xElss5EV9c7eIoitrkLH5aDhuLwmVX3XLbEyiZpSzy5XK6sK7ikawv%2FxsV5w%2Fy8cfcCG6KSTUXPDvMvMADSzkP25FVuy3gXjrL14zPEd15fMHF5BsU%2F6YmBNTFNFaiR3PxBjbtqRFozdKJEFlyiONvqn3pusSuKEBv3O2uGeIce48wacKz8kvZVlkqv0smUXLO6dqAGsoHoN1zV3dzieFV76WfnPiP36F4UiKeD8w%3D%3D","entryPoint":"expireInvitesAndCodes","runtime":"nodejs20","dockerRegistry":"ARTIFACT_REGISTRY","labels":{"deployment-tool":"cli-firebase","deployment-scheduled":"true","firebase-functions-hash":"7ed776848df965fd162ccf2b17e5157713773c4d"},"eventTrigger":{"eventType":"google.pubsub.topic.publish","resource":"projects/roadtrip-royale-dev-d2652/topics/firebase-schedule-expireInvitesAndCodes-us-central1"},"minInstances":null,"maxInstances":null,"ingressSettings":null,"environmentVariables":{"FIREBASE_CONFIG":"{\"projectId\":\"roadtrip-royale-dev-d2652\",\"storageBucket\":\"roadtrip-royale-dev-d2652.firebasestorage.app\"}","GCLOUD_PROJECT":"roadtrip-royale-dev-d2652","EVENTARC_CLOUD_EVENT_SOURCE":"projects/roadtrip-royale-dev-d2652/locations/us-central1/functions/expireInvitesAndCodes"},"serviceAccountEmail":null,"availableMemoryMb":null,"timeout":null,"vpcConnector":null,"vpcConnectorEgressSettings":null,"sourceToken":"eac1cfcc-da93-458f-9960-d8d7778c4fbb","buildEnvironmentVariables":{"GOOGLE_NODE_RUN_SCRIPTS":""}}
[debug] [2025-12-17T18:48:50.866Z] >>> [apiv2][query] POST https://cloudfunctions.googleapis.com/v1/projects/roadtrip-royale-dev-d2652/locations/us-central1/functions [none]
[debug] [2025-12-17T18:48:50.866Z] >>> [apiv2][body] POST https://cloudfunctions.googleapis.com/v1/projects/roadtrip-royale-dev-d2652/locations/us-central1/functions {"name":"projects/roadtrip-royale-dev-d2652/locations/us-central1/functions/onAuthUserDeleted","sourceUploadUrl":"https://storage.googleapis.com/uploads-995950081560.us-central1.cloudfunctions.appspot.com/d3e4617f-c584-410e-b8fc-d9c3cfc0c12d.zip?GoogleAccessId=service-900272218936@gcf-admin-robot.iam.gserviceaccount.com&Expires=1765999052&Signature=ZVoB%2BvLwqtAEitcDaZMHjVFx971YfVOKBAJlNy57P5EBVNCAPUHzOu4gg6R3cBdkNT0mbkPjDkKJPYMkjY5v4iZ%2BRlnvdGEOqZiSD0sbJ20i0xElss5EV9c7eIoitrkLH5aDhuLwmVX3XLbEyiZpSzy5XK6sK7ikawv%2FxsV5w%2Fy8cfcCG6KSTUXPDvMvMADSzkP25FVuy3gXjrL14zPEd15fMHF5BsU%2F6YmBNTFNFaiR3PxBjbtqRFozdKJEFlyiONvqn3pusSuKEBv3O2uGeIce48wacKz8kvZVlkqv0smUXLO6dqAGsoHoN1zV3dzieFV76WfnPiP36F4UiKeD8w%3D%3D","entryPoint":"onAuthUserDeleted","runtime":"nodejs20","dockerRegistry":"ARTIFACT_REGISTRY","labels":{"deployment-tool":"cli-firebase","firebase-functions-hash":"7ed776848df965fd162ccf2b17e5157713773c4d"},"eventTrigger":{"eventType":"providers/firebase.auth/eventTypes/user.delete","resource":"projects/roadtrip-royale-dev-d2652"},"minInstances":null,"maxInstances":null,"ingressSettings":null,"environmentVariables":{"FIREBASE_CONFIG":"{\"projectId\":\"roadtrip-royale-dev-d2652\",\"storageBucket\":\"roadtrip-royale-dev-d2652.firebasestorage.app\"}","GCLOUD_PROJECT":"roadtrip-royale-dev-d2652","EVENTARC_CLOUD_EVENT_SOURCE":"projects/roadtrip-royale-dev-d2652/locations/us-central1/functions/onAuthUserDeleted"},"serviceAccountEmail":null,"availableMemoryMb":null,"timeout":null,"vpcConnector":null,"vpcConnectorEgressSettings":null,"sourceToken":"eac1cfcc-da93-458f-9960-d8d7778c4fbb","buildEnvironmentVariables":{"GOOGLE_NODE_RUN_SCRIPTS":""}}
[debug] [2025-12-17T18:48:51.345Z] <<< [apiv2][status] POST https://cloudfunctions.googleapis.com/v1/projects/roadtrip-royale-dev-d2652/locations/us-central1/functions 200
[debug] [2025-12-17T18:48:51.346Z] <<< [apiv2][body] POST https://cloudfunctions.googleapis.com/v1/projects/roadtrip-royale-dev-d2652/locations/us-central1/functions {"name":"operations/cHJvamVjdHMvcm9hZHRyaXAtcm95YWxlLWRldi1kMjY1Mi9sb2NhdGlvbnMvdXMtY2VudHJhbDEvb3BlcmF0aW9ucy9vcGVyYXRpb24tMTc2NTk5NzMzMDk3MS02NDYyYTRiOTYzYmQ1LTMxOWQwMWY2LTQwYTM0YzY3","metadata":{"@type":"type.googleapis.com/google.cloud.functions.v1.OperationMetadataV1","target":"projects/roadtrip-royale-dev-d2652/locations/us-central1/functions/changeFamilyMemberRole","updateTime":"2025-12-17T18:48:51.292961029Z"}}
[debug] [2025-12-17T18:48:51.346Z] Checked if tokens are valid: true, expires at: 1766000738358
[debug] [2025-12-17T18:48:51.346Z] Checked if tokens are valid: true, expires at: 1766000738358
[debug] [2025-12-17T18:48:51.346Z] >>> [apiv2][query] GET https://cloudfunctions.googleapis.com/v1/operations/cHJvamVjdHMvcm9hZHRyaXAtcm95YWxlLWRldi1kMjY1Mi9sb2NhdGlvbnMvdXMtY2VudHJhbDEvb3BlcmF0aW9ucy9vcGVyYXRpb24tMTc2NTk5NzMzMDk3MS02NDYyYTRiOTYzYmQ1LTMxOWQwMWY2LTQwYTM0YzY3 [none]
[debug] [2025-12-17T18:48:51.411Z] <<< [apiv2][status] POST https://cloudfunctions.googleapis.com/v1/projects/roadtrip-royale-dev-d2652/locations/us-central1/functions 200
[debug] [2025-12-17T18:48:51.411Z] <<< [apiv2][body] POST https://cloudfunctions.googleapis.com/v1/projects/roadtrip-royale-dev-d2652/locations/us-central1/functions {"name":"operations/cHJvamVjdHMvcm9hZHRyaXAtcm95YWxlLWRldi1kMjY1Mi9sb2NhdGlvbnMvdXMtY2VudHJhbDEvb3BlcmF0aW9ucy9vcGVyYXRpb24tMTc2NTk5NzMzMTAwMi02NDYyYTRiOTZiM2VmLWU2MzZhOWRkLTIyYTc4MWU1","metadata":{"@type":"type.googleapis.com/google.cloud.functions.v1.OperationMetadataV1","target":"projects/roadtrip-royale-dev-d2652/locations/us-central1/functions/respondToFriendInvite","updateTime":"2025-12-17T18:48:51.358298964Z"}}
[debug] [2025-12-17T18:48:51.411Z] Checked if tokens are valid: true, expires at: 1766000738358
[debug] [2025-12-17T18:48:51.411Z] Checked if tokens are valid: true, expires at: 1766000738358
[debug] [2025-12-17T18:48:51.411Z] >>> [apiv2][query] GET https://cloudfunctions.googleapis.com/v1/operations/cHJvamVjdHMvcm9hZHRyaXAtcm95YWxlLWRldi1kMjY1Mi9sb2NhdGlvbnMvdXMtY2VudHJhbDEvb3BlcmF0aW9ucy9vcGVyYXRpb24tMTc2NTk5NzMzMTAwMi02NDYyYTRiOTZiM2VmLWU2MzZhOWRkLTIyYTc4MWU1 [none]
[debug] [2025-12-17T18:48:51.417Z] <<< [apiv2][status] POST https://cloudfunctions.googleapis.com/v1/projects/roadtrip-royale-dev-d2652/locations/us-central1/functions 200
[debug] [2025-12-17T18:48:51.417Z] <<< [apiv2][body] POST https://cloudfunctions.googleapis.com/v1/projects/roadtrip-royale-dev-d2652/locations/us-central1/functions {"name":"operations/cHJvamVjdHMvcm9hZHRyaXAtcm95YWxlLWRldi1kMjY1Mi9sb2NhdGlvbnMvdXMtY2VudHJhbDEvb3BlcmF0aW9ucy9vcGVyYXRpb24tMTc2NTk5NzMzMDk3MC02NDYyYTRiOTYzNWI5LTk2MDgyYjY2LWE0MzE2Zjdj","metadata":{"@type":"type.googleapis.com/google.cloud.functions.v1.OperationMetadataV1","target":"projects/roadtrip-royale-dev-d2652/locations/us-central1/functions/redeemShareCode","updateTime":"2025-12-17T18:48:51.336976200Z"}}
[debug] [2025-12-17T18:48:51.417Z] Checked if tokens are valid: true, expires at: 1766000738358
[debug] [2025-12-17T18:48:51.417Z] Checked if tokens are valid: true, expires at: 1766000738358
[debug] [2025-12-17T18:48:51.417Z] >>> [apiv2][query] GET https://cloudfunctions.googleapis.com/v1/operations/cHJvamVjdHMvcm9hZHRyaXAtcm95YWxlLWRldi1kMjY1Mi9sb2NhdGlvbnMvdXMtY2VudHJhbDEvb3BlcmF0aW9ucy9vcGVyYXRpb24tMTc2NTk5NzMzMDk3MC02NDYyYTRiOTYzNWI5LTk2MDgyYjY2LWE0MzE2Zjdj [none]
[debug] [2025-12-17T18:48:51.426Z] <<< [apiv2][status] POST https://cloudfunctions.googleapis.com/v1/projects/roadtrip-royale-dev-d2652/locations/us-central1/functions 200
[debug] [2025-12-17T18:48:51.426Z] <<< [apiv2][body] POST https://cloudfunctions.googleapis.com/v1/projects/roadtrip-royale-dev-d2652/locations/us-central1/functions {"name":"operations/cHJvamVjdHMvcm9hZHRyaXAtcm95YWxlLWRldi1kMjY1Mi9sb2NhdGlvbnMvdXMtY2VudHJhbDEvb3BlcmF0aW9ucy9vcGVyYXRpb24tMTc2NTk5NzMzMTA0Mi02NDYyYTRiOTc1MGJhLWFmMjYxMWExLTZiNWRkYmQw","metadata":{"@type":"type.googleapis.com/google.cloud.functions.v1.OperationMetadataV1","target":"projects/roadtrip-royale-dev-d2652/locations/us-central1/functions/removeFamilyMember","updateTime":"2025-12-17T18:48:51.372336156Z"}}
[debug] [2025-12-17T18:48:51.426Z] Checked if tokens are valid: true, expires at: 1766000738358
[debug] [2025-12-17T18:48:51.426Z] Checked if tokens are valid: true, expires at: 1766000738358
[debug] [2025-12-17T18:48:51.426Z] >>> [apiv2][query] GET https://cloudfunctions.googleapis.com/v1/operations/cHJvamVjdHMvcm9hZHRyaXAtcm95YWxlLWRldi1kMjY1Mi9sb2NhdGlvbnMvdXMtY2VudHJhbDEvb3BlcmF0aW9ucy9vcGVyYXRpb24tMTc2NTk5NzMzMTA0Mi02NDYyYTRiOTc1MGJhLWFmMjYxMWExLTZiNWRkYmQw [none]
[debug] [2025-12-17T18:48:51.428Z] <<< [apiv2][status] POST https://cloudfunctions.googleapis.com/v1/projects/roadtrip-royale-dev-d2652/locations/us-central1/functions 200
[debug] [2025-12-17T18:48:51.428Z] <<< [apiv2][body] POST https://cloudfunctions.googleapis.com/v1/projects/roadtrip-royale-dev-d2652/locations/us-central1/functions {"name":"operations/cHJvamVjdHMvcm9hZHRyaXAtcm95YWxlLWRldi1kMjY1Mi9sb2NhdGlvbnMvdXMtY2VudHJhbDEvb3BlcmF0aW9ucy9vcGVyYXRpb24tMTc2NTk5NzMzMTAwMS02NDYyYTRiOTZhZmM2LTU2ZDdlNTE1LTA5MDg3M2Iy","metadata":{"@type":"type.googleapis.com/google.cloud.functions.v1.OperationMetadataV1","target":"projects/roadtrip-royale-dev-d2652/locations/us-central1/functions/approveFamilyJoinRequest_CaptainStep","updateTime":"2025-12-17T18:48:51.372448928Z"}}
[debug] [2025-12-17T18:48:51.428Z] Checked if tokens are valid: true, expires at: 1766000738358
[debug] [2025-12-17T18:48:51.428Z] Checked if tokens are valid: true, expires at: 1766000738358
[debug] [2025-12-17T18:48:51.428Z] >>> [apiv2][query] GET https://cloudfunctions.googleapis.com/v1/operations/cHJvamVjdHMvcm9hZHRyaXAtcm95YWxlLWRldi1kMjY1Mi9sb2NhdGlvbnMvdXMtY2VudHJhbDEvb3BlcmF0aW9ucy9vcGVyYXRpb24tMTc2NTk5NzMzMTAwMS02NDYyYTRiOTZhZmM2LTU2ZDdlNTE1LTA5MDg3M2Iy [none]
[debug] [2025-12-17T18:48:51.436Z] <<< [apiv2][status] POST https://cloudfunctions.googleapis.com/v1/projects/roadtrip-royale-dev-d2652/locations/us-central1/functions 200
[debug] [2025-12-17T18:48:51.436Z] <<< [apiv2][body] POST https://cloudfunctions.googleapis.com/v1/projects/roadtrip-royale-dev-d2652/locations/us-central1/functions {"name":"operations/cHJvamVjdHMvcm9hZHRyaXAtcm95YWxlLWRldi1kMjY1Mi9sb2NhdGlvbnMvdXMtY2VudHJhbDEvb3BlcmF0aW9ucy9vcGVyYXRpb24tMTc2NTk5NzMzMTA0Mi02NDYyYTRiOTc1MDQwLWM0ZGExOWZhLTZkYWMyNDA5","metadata":{"@type":"type.googleapis.com/google.cloud.functions.v1.OperationMetadataV1","target":"projects/roadtrip-royale-dev-d2652/locations/us-central1/functions/sendFriendInvite","updateTime":"2025-12-17T18:48:51.380398411Z"}}
[debug] [2025-12-17T18:48:51.436Z] Checked if tokens are valid: true, expires at: 1766000738358
[debug] [2025-12-17T18:48:51.436Z] Checked if tokens are valid: true, expires at: 1766000738358
[debug] [2025-12-17T18:48:51.436Z] >>> [apiv2][query] GET https://cloudfunctions.googleapis.com/v1/operations/cHJvamVjdHMvcm9hZHRyaXAtcm95YWxlLWRldi1kMjY1Mi9sb2NhdGlvbnMvdXMtY2VudHJhbDEvb3BlcmF0aW9ucy9vcGVyYXRpb24tMTc2NTk5NzMzMTA0Mi02NDYyYTRiOTc1MDQwLWM0ZGExOWZhLTZkYWMyNDA5 [none]
[debug] [2025-12-17T18:48:51.444Z] <<< [apiv2][status] POST https://cloudfunctions.googleapis.com/v1/projects/roadtrip-royale-dev-d2652/locations/us-central1/functions 200
[debug] [2025-12-17T18:48:51.444Z] <<< [apiv2][body] POST https://cloudfunctions.googleapis.com/v1/projects/roadtrip-royale-dev-d2652/locations/us-central1/functions {"name":"operations/cHJvamVjdHMvcm9hZHRyaXAtcm95YWxlLWRldi1kMjY1Mi9sb2NhdGlvbnMvdXMtY2VudHJhbDEvb3BlcmF0aW9ucy9vcGVyYXRpb24tMTc2NTk5NzMzMTAyOC02NDYyYTRiOTcxYjA1LWFmZTc1MzZmLWUwNmY4OTcw","metadata":{"@type":"type.googleapis.com/google.cloud.functions.v1.OperationMetadataV1","target":"projects/roadtrip-royale-dev-d2652/locations/us-central1/functions/expireInvitesAndCodes","updateTime":"2025-12-17T18:48:51.386885577Z"}}
[debug] [2025-12-17T18:48:51.444Z] Checked if tokens are valid: true, expires at: 1766000738358
[debug] [2025-12-17T18:48:51.444Z] Checked if tokens are valid: true, expires at: 1766000738358
[debug] [2025-12-17T18:48:51.444Z] >>> [apiv2][query] GET https://cloudfunctions.googleapis.com/v1/operations/cHJvamVjdHMvcm9hZHRyaXAtcm95YWxlLWRldi1kMjY1Mi9sb2NhdGlvbnMvdXMtY2VudHJhbDEvb3BlcmF0aW9ucy9vcGVyYXRpb24tMTc2NTk5NzMzMTAyOC02NDYyYTRiOTcxYjA1LWFmZTc1MzZmLWUwNmY4OTcw [none]
[debug] [2025-12-17T18:48:51.451Z] <<< [apiv2][status] GET https://cloudfunctions.googleapis.com/v1/operations/cHJvamVjdHMvcm9hZHRyaXAtcm95YWxlLWRldi1kMjY1Mi9sb2NhdGlvbnMvdXMtY2VudHJhbDEvb3BlcmF0aW9ucy9vcGVyYXRpb24tMTc2NTk5NzMzMDk3MS02NDYyYTRiOTYzYmQ1LTMxOWQwMWY2LTQwYTM0YzY3 200
[debug] [2025-12-17T18:48:51.451Z] <<< [apiv2][body] GET https://cloudfunctions.googleapis.com/v1/operations/cHJvamVjdHMvcm9hZHRyaXAtcm95YWxlLWRldi1kMjY1Mi9sb2NhdGlvbnMvdXMtY2VudHJhbDEvb3BlcmF0aW9ucy9vcGVyYXRpb24tMTc2NTk5NzMzMDk3MS02NDYyYTRiOTYzYmQ1LTMxOWQwMWY2LTQwYTM0YzY3 {"name":"operations/cHJvamVjdHMvcm9hZHRyaXAtcm95YWxlLWRldi1kMjY1Mi9sb2NhdGlvbnMvdXMtY2VudHJhbDEvb3BlcmF0aW9ucy9vcGVyYXRpb24tMTc2NTk5NzMzMDk3MS02NDYyYTRiOTYzYmQ1LTMxOWQwMWY2LTQwYTM0YzY3","metadata":{"@type":"type.googleapis.com/google.cloud.functions.v1.OperationMetadataV1","target":"projects/roadtrip-royale-dev-d2652/locations/us-central1/functions/changeFamilyMemberRole","updateTime":"2025-12-17T18:48:51.292961029Z"}}
[debug] [2025-12-17T18:48:51.454Z] <<< [apiv2][status] POST https://cloudfunctions.googleapis.com/v1/projects/roadtrip-royale-dev-d2652/locations/us-central1/functions 200
[debug] [2025-12-17T18:48:51.454Z] <<< [apiv2][body] POST https://cloudfunctions.googleapis.com/v1/projects/roadtrip-royale-dev-d2652/locations/us-central1/functions {"name":"operations/cHJvamVjdHMvcm9hZHRyaXAtcm95YWxlLWRldi1kMjY1Mi9sb2NhdGlvbnMvdXMtY2VudHJhbDEvb3BlcmF0aW9ucy9vcGVyYXRpb24tMTc2NTk5NzMzMTAxNC02NDYyYTRiOTZlMTdlLWY5YjNjZTFlLWYwOTQ3NDc2","metadata":{"@type":"type.googleapis.com/google.cloud.functions.v1.OperationMetadataV1","target":"projects/roadtrip-royale-dev-d2652/locations/us-central1/functions/onAuthUserDeleted","updateTime":"2025-12-17T18:48:51.394815298Z"}}
[debug] [2025-12-17T18:48:51.454Z] Checked if tokens are valid: true, expires at: 1766000738358
[debug] [2025-12-17T18:48:51.454Z] Checked if tokens are valid: true, expires at: 1766000738358
[debug] [2025-12-17T18:48:51.454Z] >>> [apiv2][query] GET https://cloudfunctions.googleapis.com/v1/operations/cHJvamVjdHMvcm9hZHRyaXAtcm95YWxlLWRldi1kMjY1Mi9sb2NhdGlvbnMvdXMtY2VudHJhbDEvb3BlcmF0aW9ucy9vcGVyYXRpb24tMTc2NTk5NzMzMTAxNC02NDYyYTRiOTZlMTdlLWY5YjNjZTFlLWYwOTQ3NDc2 [none]
[debug] [2025-12-17T18:48:51.473Z] <<< [apiv2][status] POST https://cloudfunctions.googleapis.com/v1/projects/roadtrip-royale-dev-d2652/locations/us-central1/functions 200
[debug] [2025-12-17T18:48:51.473Z] <<< [apiv2][body] POST https://cloudfunctions.googleapis.com/v1/projects/roadtrip-royale-dev-d2652/locations/us-central1/functions {"name":"operations/cHJvamVjdHMvcm9hZHRyaXAtcm95YWxlLWRldi1kMjY1Mi9sb2NhdGlvbnMvdXMtY2VudHJhbDEvb3BlcmF0aW9ucy9vcGVyYXRpb24tMTc2NTk5NzMzMTAwMi02NDYyYTRiOTZiMzE2LWZhZGE0MWQ3LTE2NGM2Njcy","metadata":{"@type":"type.googleapis.com/google.cloud.functions.v1.OperationMetadataV1","target":"projects/roadtrip-royale-dev-d2652/locations/us-central1/functions/createFamily","updateTime":"2025-12-17T18:48:51.415564963Z"}}
[debug] [2025-12-17T18:48:51.473Z] Checked if tokens are valid: true, expires at: 1766000738358
[debug] [2025-12-17T18:48:51.473Z] Checked if tokens are valid: true, expires at: 1766000738358
[debug] [2025-12-17T18:48:51.473Z] >>> [apiv2][query] GET https://cloudfunctions.googleapis.com/v1/operations/cHJvamVjdHMvcm9hZHRyaXAtcm95YWxlLWRldi1kMjY1Mi9sb2NhdGlvbnMvdXMtY2VudHJhbDEvb3BlcmF0aW9ucy9vcGVyYXRpb24tMTc2NTk5NzMzMTAwMi02NDYyYTRiOTZiMzE2LWZhZGE0MWQ3LTE2NGM2Njcy [none]
[debug] [2025-12-17T18:48:51.475Z] <<< [apiv2][status] POST https://cloudfunctions.googleapis.com/v1/projects/roadtrip-royale-dev-d2652/locations/us-central1/functions 200
[debug] [2025-12-17T18:48:51.475Z] <<< [apiv2][body] POST https://cloudfunctions.googleapis.com/v1/projects/roadtrip-royale-dev-d2652/locations/us-central1/functions {"name":"operations/cHJvamVjdHMvcm9hZHRyaXAtcm95YWxlLWRldi1kMjY1Mi9sb2NhdGlvbnMvdXMtY2VudHJhbDEvb3BlcmF0aW9ucy9vcGVyYXRpb24tMTc2NTk5NzMzMTA0MC02NDYyYTRiOTc0OTZkLTI5NTAzZGQ1LTc0NGI2NWNl","metadata":{"@type":"type.googleapis.com/google.cloud.functions.v1.OperationMetadataV1","target":"projects/roadtrip-royale-dev-d2652/locations/us-central1/functions/respondToFamilyInvite_UserStep","updateTime":"2025-12-17T18:48:51.423889349Z"}}
[debug] [2025-12-17T18:48:51.475Z] Checked if tokens are valid: true, expires at: 1766000738358
[debug] [2025-12-17T18:48:51.475Z] Checked if tokens are valid: true, expires at: 1766000738358
[debug] [2025-12-17T18:48:51.475Z] >>> [apiv2][query] GET https://cloudfunctions.googleapis.com/v1/operations/cHJvamVjdHMvcm9hZHRyaXAtcm95YWxlLWRldi1kMjY1Mi9sb2NhdGlvbnMvdXMtY2VudHJhbDEvb3BlcmF0aW9ucy9vcGVyYXRpb24tMTc2NTk5NzMzMTA0MC02NDYyYTRiOTc0OTZkLTI5NTAzZGQ1LTc0NGI2NWNl [none]
[debug] [2025-12-17T18:48:51.476Z] <<< [apiv2][status] POST https://cloudfunctions.googleapis.com/v1/projects/roadtrip-royale-dev-d2652/locations/us-central1/functions 200
[debug] [2025-12-17T18:48:51.476Z] <<< [apiv2][body] POST https://cloudfunctions.googleapis.com/v1/projects/roadtrip-royale-dev-d2652/locations/us-central1/functions {"name":"operations/cHJvamVjdHMvcm9hZHRyaXAtcm95YWxlLWRldi1kMjY1Mi9sb2NhdGlvbnMvdXMtY2VudHJhbDEvb3BlcmF0aW9ucy9vcGVyYXRpb24tMTc2NTk5NzMzMTAzNi02NDYyYTRiOTczN2E5LTY5OWVmNjE2LWI1NTkyODI1","metadata":{"@type":"type.googleapis.com/google.cloud.functions.v1.OperationMetadataV1","target":"projects/roadtrip-royale-dev-d2652/locations/us-central1/functions/sendFamilyInvite","updateTime":"2025-12-17T18:48:51.408666717Z"}}
[debug] [2025-12-17T18:48:51.476Z] Checked if tokens are valid: true, expires at: 1766000738358
[debug] [2025-12-17T18:48:51.476Z] Checked if tokens are valid: true, expires at: 1766000738358
[debug] [2025-12-17T18:48:51.476Z] >>> [apiv2][query] GET https://cloudfunctions.googleapis.com/v1/operations/cHJvamVjdHMvcm9hZHRyaXAtcm95YWxlLWRldi1kMjY1Mi9sb2NhdGlvbnMvdXMtY2VudHJhbDEvb3BlcmF0aW9ucy9vcGVyYXRpb24tMTc2NTk5NzMzMTAzNi02NDYyYTRiOTczN2E5LTY5OWVmNjE2LWI1NTkyODI1 [none]
[debug] [2025-12-17T18:48:51.523Z] <<< [apiv2][status] GET https://cloudfunctions.googleapis.com/v1/operations/cHJvamVjdHMvcm9hZHRyaXAtcm95YWxlLWRldi1kMjY1Mi9sb2NhdGlvbnMvdXMtY2VudHJhbDEvb3BlcmF0aW9ucy9vcGVyYXRpb24tMTc2NTk5NzMzMTAwMi02NDYyYTRiOTZiM2VmLWU2MzZhOWRkLTIyYTc4MWU1 200
[debug] [2025-12-17T18:48:51.523Z] <<< [apiv2][body] GET https://cloudfunctions.googleapis.com/v1/operations/cHJvamVjdHMvcm9hZHRyaXAtcm95YWxlLWRldi1kMjY1Mi9sb2NhdGlvbnMvdXMtY2VudHJhbDEvb3BlcmF0aW9ucy9vcGVyYXRpb24tMTc2NTk5NzMzMTAwMi02NDYyYTRiOTZiM2VmLWU2MzZhOWRkLTIyYTc4MWU1 {"name":"operations/cHJvamVjdHMvcm9hZHRyaXAtcm95YWxlLWRldi1kMjY1Mi9sb2NhdGlvbnMvdXMtY2VudHJhbDEvb3BlcmF0aW9ucy9vcGVyYXRpb24tMTc2NTk5NzMzMTAwMi02NDYyYTRiOTZiM2VmLWU2MzZhOWRkLTIyYTc4MWU1","metadata":{"@type":"type.googleapis.com/google.cloud.functions.v1.OperationMetadataV1","target":"projects/roadtrip-royale-dev-d2652/locations/us-central1/functions/respondToFriendInvite","updateTime":"2025-12-17T18:48:51.358298964Z"}}
[debug] [2025-12-17T18:48:51.532Z] <<< [apiv2][status] GET https://cloudfunctions.googleapis.com/v1/operations/cHJvamVjdHMvcm9hZHRyaXAtcm95YWxlLWRldi1kMjY1Mi9sb2NhdGlvbnMvdXMtY2VudHJhbDEvb3BlcmF0aW9ucy9vcGVyYXRpb24tMTc2NTk5NzMzMTA0Mi02NDYyYTRiOTc1MGJhLWFmMjYxMWExLTZiNWRkYmQw 200
[debug] [2025-12-17T18:48:51.532Z] <<< [apiv2][body] GET https://cloudfunctions.googleapis.com/v1/operations/cHJvamVjdHMvcm9hZHRyaXAtcm95YWxlLWRldi1kMjY1Mi9sb2NhdGlvbnMvdXMtY2VudHJhbDEvb3BlcmF0aW9ucy9vcGVyYXRpb24tMTc2NTk5NzMzMTA0Mi02NDYyYTRiOTc1MGJhLWFmMjYxMWExLTZiNWRkYmQw {"name":"operations/cHJvamVjdHMvcm9hZHRyaXAtcm95YWxlLWRldi1kMjY1Mi9sb2NhdGlvbnMvdXMtY2VudHJhbDEvb3BlcmF0aW9ucy9vcGVyYXRpb24tMTc2NTk5NzMzMTA0Mi02NDYyYTRiOTc1MGJhLWFmMjYxMWExLTZiNWRkYmQw","metadata":{"@type":"type.googleapis.com/google.cloud.functions.v1.OperationMetadataV1","target":"projects/roadtrip-royale-dev-d2652/locations/us-central1/functions/removeFamilyMember","updateTime":"2025-12-17T18:48:51.372336156Z"}}
[debug] [2025-12-17T18:48:51.538Z] <<< [apiv2][status] GET https://cloudfunctions.googleapis.com/v1/operations/cHJvamVjdHMvcm9hZHRyaXAtcm95YWxlLWRldi1kMjY1Mi9sb2NhdGlvbnMvdXMtY2VudHJhbDEvb3BlcmF0aW9ucy9vcGVyYXRpb24tMTc2NTk5NzMzMTA0Mi02NDYyYTRiOTc1MDQwLWM0ZGExOWZhLTZkYWMyNDA5 200
[debug] [2025-12-17T18:48:51.538Z] <<< [apiv2][body] GET https://cloudfunctions.googleapis.com/v1/operations/cHJvamVjdHMvcm9hZHRyaXAtcm95YWxlLWRldi1kMjY1Mi9sb2NhdGlvbnMvdXMtY2VudHJhbDEvb3BlcmF0aW9ucy9vcGVyYXRpb24tMTc2NTk5NzMzMTA0Mi02NDYyYTRiOTc1MDQwLWM0ZGExOWZhLTZkYWMyNDA5 {"name":"operations/cHJvamVjdHMvcm9hZHRyaXAtcm95YWxlLWRldi1kMjY1Mi9sb2NhdGlvbnMvdXMtY2VudHJhbDEvb3BlcmF0aW9ucy9vcGVyYXRpb24tMTc2NTk5NzMzMTA0Mi02NDYyYTRiOTc1MDQwLWM0ZGExOWZhLTZkYWMyNDA5","metadata":{"@type":"type.googleapis.com/google.cloud.functions.v1.OperationMetadataV1","target":"projects/roadtrip-royale-dev-d2652/locations/us-central1/functions/sendFriendInvite","updateTime":"2025-12-17T18:48:51.380398411Z"}}
[debug] [2025-12-17T18:48:51.548Z] <<< [apiv2][status] GET https://cloudfunctions.googleapis.com/v1/operations/cHJvamVjdHMvcm9hZHRyaXAtcm95YWxlLWRldi1kMjY1Mi9sb2NhdGlvbnMvdXMtY2VudHJhbDEvb3BlcmF0aW9ucy9vcGVyYXRpb24tMTc2NTk5NzMzMTAwMS02NDYyYTRiOTZhZmM2LTU2ZDdlNTE1LTA5MDg3M2Iy 200
[debug] [2025-12-17T18:48:51.548Z] <<< [apiv2][body] GET https://cloudfunctions.googleapis.com/v1/operations/cHJvamVjdHMvcm9hZHRyaXAtcm95YWxlLWRldi1kMjY1Mi9sb2NhdGlvbnMvdXMtY2VudHJhbDEvb3BlcmF0aW9ucy9vcGVyYXRpb24tMTc2NTk5NzMzMTAwMS02NDYyYTRiOTZhZmM2LTU2ZDdlNTE1LTA5MDg3M2Iy {"name":"operations/cHJvamVjdHMvcm9hZHRyaXAtcm95YWxlLWRldi1kMjY1Mi9sb2NhdGlvbnMvdXMtY2VudHJhbDEvb3BlcmF0aW9ucy9vcGVyYXRpb24tMTc2NTk5NzMzMTAwMS02NDYyYTRiOTZhZmM2LTU2ZDdlNTE1LTA5MDg3M2Iy","metadata":{"@type":"type.googleapis.com/google.cloud.functions.v1.OperationMetadataV1","target":"projects/roadtrip-royale-dev-d2652/locations/us-central1/functions/approveFamilyJoinRequest_CaptainStep","updateTime":"2025-12-17T18:48:51.372448928Z"}}
[debug] [2025-12-17T18:48:51.573Z] <<< [apiv2][status] GET https://cloudfunctions.googleapis.com/v1/operations/cHJvamVjdHMvcm9hZHRyaXAtcm95YWxlLWRldi1kMjY1Mi9sb2NhdGlvbnMvdXMtY2VudHJhbDEvb3BlcmF0aW9ucy9vcGVyYXRpb24tMTc2NTk5NzMzMTAxNC02NDYyYTRiOTZlMTdlLWY5YjNjZTFlLWYwOTQ3NDc2 200
[debug] [2025-12-17T18:48:51.573Z] <<< [apiv2][body] GET https://cloudfunctions.googleapis.com/v1/operations/cHJvamVjdHMvcm9hZHRyaXAtcm95YWxlLWRldi1kMjY1Mi9sb2NhdGlvbnMvdXMtY2VudHJhbDEvb3BlcmF0aW9ucy9vcGVyYXRpb24tMTc2NTk5NzMzMTAxNC02NDYyYTRiOTZlMTdlLWY5YjNjZTFlLWYwOTQ3NDc2 {"name":"operations/cHJvamVjdHMvcm9hZHRyaXAtcm95YWxlLWRldi1kMjY1Mi9sb2NhdGlvbnMvdXMtY2VudHJhbDEvb3BlcmF0aW9ucy9vcGVyYXRpb24tMTc2NTk5NzMzMTAxNC02NDYyYTRiOTZlMTdlLWY5YjNjZTFlLWYwOTQ3NDc2","metadata":{"@type":"type.googleapis.com/google.cloud.functions.v1.OperationMetadataV1","target":"projects/roadtrip-royale-dev-d2652/locations/us-central1/functions/onAuthUserDeleted","updateTime":"2025-12-17T18:48:51.394815298Z"}}
[debug] [2025-12-17T18:48:51.574Z] <<< [apiv2][status] GET https://cloudfunctions.googleapis.com/v1/operations/cHJvamVjdHMvcm9hZHRyaXAtcm95YWxlLWRldi1kMjY1Mi9sb2NhdGlvbnMvdXMtY2VudHJhbDEvb3BlcmF0aW9ucy9vcGVyYXRpb24tMTc2NTk5NzMzMTAwMi02NDYyYTRiOTZiMzE2LWZhZGE0MWQ3LTE2NGM2Njcy 200
[debug] [2025-12-17T18:48:51.574Z] <<< [apiv2][body] GET https://cloudfunctions.googleapis.com/v1/operations/cHJvamVjdHMvcm9hZHRyaXAtcm95YWxlLWRldi1kMjY1Mi9sb2NhdGlvbnMvdXMtY2VudHJhbDEvb3BlcmF0aW9ucy9vcGVyYXRpb24tMTc2NTk5NzMzMTAwMi02NDYyYTRiOTZiMzE2LWZhZGE0MWQ3LTE2NGM2Njcy {"name":"operations/cHJvamVjdHMvcm9hZHRyaXAtcm95YWxlLWRldi1kMjY1Mi9sb2NhdGlvbnMvdXMtY2VudHJhbDEvb3BlcmF0aW9ucy9vcGVyYXRpb24tMTc2NTk5NzMzMTAwMi02NDYyYTRiOTZiMzE2LWZhZGE0MWQ3LTE2NGM2Njcy","metadata":{"@type":"type.googleapis.com/google.cloud.functions.v1.OperationMetadataV1","target":"projects/roadtrip-royale-dev-d2652/locations/us-central1/functions/createFamily","updateTime":"2025-12-17T18:48:51.415564963Z"}}
[debug] [2025-12-17T18:48:51.578Z] <<< [apiv2][status] GET https://cloudfunctions.googleapis.com/v1/operations/cHJvamVjdHMvcm9hZHRyaXAtcm95YWxlLWRldi1kMjY1Mi9sb2NhdGlvbnMvdXMtY2VudHJhbDEvb3BlcmF0aW9ucy9vcGVyYXRpb24tMTc2NTk5NzMzMTAzNi02NDYyYTRiOTczN2E5LTY5OWVmNjE2LWI1NTkyODI1 200
[debug] [2025-12-17T18:48:51.578Z] <<< [apiv2][body] GET https://cloudfunctions.googleapis.com/v1/operations/cHJvamVjdHMvcm9hZHRyaXAtcm95YWxlLWRldi1kMjY1Mi9sb2NhdGlvbnMvdXMtY2VudHJhbDEvb3BlcmF0aW9ucy9vcGVyYXRpb24tMTc2NTk5NzMzMTAzNi02NDYyYTRiOTczN2E5LTY5OWVmNjE2LWI1NTkyODI1 {"name":"operations/cHJvamVjdHMvcm9hZHRyaXAtcm95YWxlLWRldi1kMjY1Mi9sb2NhdGlvbnMvdXMtY2VudHJhbDEvb3BlcmF0aW9ucy9vcGVyYXRpb24tMTc2NTk5NzMzMTAzNi02NDYyYTRiOTczN2E5LTY5OWVmNjE2LWI1NTkyODI1","metadata":{"@type":"type.googleapis.com/google.cloud.functions.v1.OperationMetadataV1","target":"projects/roadtrip-royale-dev-d2652/locations/us-central1/functions/sendFamilyInvite","updateTime":"2025-12-17T18:48:51.408666717Z"}}
[debug] [2025-12-17T18:48:51.582Z] <<< [apiv2][status] GET https://cloudfunctions.googleapis.com/v1/operations/cHJvamVjdHMvcm9hZHRyaXAtcm95YWxlLWRldi1kMjY1Mi9sb2NhdGlvbnMvdXMtY2VudHJhbDEvb3BlcmF0aW9ucy9vcGVyYXRpb24tMTc2NTk5NzMzMTA0MC02NDYyYTRiOTc0OTZkLTI5NTAzZGQ1LTc0NGI2NWNl 200
[debug] [2025-12-17T18:48:51.582Z] <<< [apiv2][body] GET https://cloudfunctions.googleapis.com/v1/operations/cHJvamVjdHMvcm9hZHRyaXAtcm95YWxlLWRldi1kMjY1Mi9sb2NhdGlvbnMvdXMtY2VudHJhbDEvb3BlcmF0aW9ucy9vcGVyYXRpb24tMTc2NTk5NzMzMTA0MC02NDYyYTRiOTc0OTZkLTI5NTAzZGQ1LTc0NGI2NWNl {"name":"operations/cHJvamVjdHMvcm9hZHRyaXAtcm95YWxlLWRldi1kMjY1Mi9sb2NhdGlvbnMvdXMtY2VudHJhbDEvb3BlcmF0aW9ucy9vcGVyYXRpb24tMTc2NTk5NzMzMTA0MC02NDYyYTRiOTc0OTZkLTI5NTAzZGQ1LTc0NGI2NWNl","metadata":{"@type":"type.googleapis.com/google.cloud.functions.v1.OperationMetadataV1","target":"projects/roadtrip-royale-dev-d2652/locations/us-central1/functions/respondToFamilyInvite_UserStep","updateTime":"2025-12-17T18:48:51.423889349Z"}}
[debug] [2025-12-17T18:48:51.626Z] <<< [apiv2][status] GET https://cloudfunctions.googleapis.com/v1/operations/cHJvamVjdHMvcm9hZHRyaXAtcm95YWxlLWRldi1kMjY1Mi9sb2NhdGlvbnMvdXMtY2VudHJhbDEvb3BlcmF0aW9ucy9vcGVyYXRpb24tMTc2NTk5NzMzMDk3MC02NDYyYTRiOTYzNWI5LTk2MDgyYjY2LWE0MzE2Zjdj 200
[debug] [2025-12-17T18:48:51.626Z] <<< [apiv2][body] GET https://cloudfunctions.googleapis.com/v1/operations/cHJvamVjdHMvcm9hZHRyaXAtcm95YWxlLWRldi1kMjY1Mi9sb2NhdGlvbnMvdXMtY2VudHJhbDEvb3BlcmF0aW9ucy9vcGVyYXRpb24tMTc2NTk5NzMzMDk3MC02NDYyYTRiOTYzNWI5LTk2MDgyYjY2LWE0MzE2Zjdj {"name":"operations/cHJvamVjdHMvcm9hZHRyaXAtcm95YWxlLWRldi1kMjY1Mi9sb2NhdGlvbnMvdXMtY2VudHJhbDEvb3BlcmF0aW9ucy9vcGVyYXRpb24tMTc2NTk5NzMzMDk3MC02NDYyYTRiOTYzNWI5LTk2MDgyYjY2LWE0MzE2Zjdj","metadata":{"@type":"type.googleapis.com/google.cloud.functions.v1.OperationMetadataV1","target":"projects/roadtrip-royale-dev-d2652/locations/us-central1/functions/redeemShareCode","updateTime":"2025-12-17T18:48:51.336976200Z"}}
[debug] [2025-12-17T18:48:51.626Z] <<< [apiv2][status] GET https://cloudfunctions.googleapis.com/v1/operations/cHJvamVjdHMvcm9hZHRyaXAtcm95YWxlLWRldi1kMjY1Mi9sb2NhdGlvbnMvdXMtY2VudHJhbDEvb3BlcmF0aW9ucy9vcGVyYXRpb24tMTc2NTk5NzMzMTAyOC02NDYyYTRiOTcxYjA1LWFmZTc1MzZmLWUwNmY4OTcw 200
[debug] [2025-12-17T18:48:51.626Z] <<< [apiv2][body] GET https://cloudfunctions.googleapis.com/v1/operations/cHJvamVjdHMvcm9hZHRyaXAtcm95YWxlLWRldi1kMjY1Mi9sb2NhdGlvbnMvdXMtY2VudHJhbDEvb3BlcmF0aW9ucy9vcGVyYXRpb24tMTc2NTk5NzMzMTAyOC02NDYyYTRiOTcxYjA1LWFmZTc1MzZmLWUwNmY4OTcw {"name":"operations/cHJvamVjdHMvcm9hZHRyaXAtcm95YWxlLWRldi1kMjY1Mi9sb2NhdGlvbnMvdXMtY2VudHJhbDEvb3BlcmF0aW9ucy9vcGVyYXRpb24tMTc2NTk5NzMzMTAyOC02NDYyYTRiOTcxYjA1LWFmZTc1MzZmLWUwNmY4OTcw","metadata":{"@type":"type.googleapis.com/google.cloud.functions.v1.OperationMetadataV1","target":"projects/roadtrip-royale-dev-d2652/locations/us-central1/functions/expireInvitesAndCodes","updateTime":"2025-12-17T18:48:51.386885577Z"}}
[debug] [2025-12-17T18:48:51.951Z] [create-default-us-central1-changeFamilyMemberRole] Retrying task index 0
[debug] [2025-12-17T18:48:51.955Z] Checked if tokens are valid: true, expires at: 1766000738358
[debug] [2025-12-17T18:48:51.955Z] Checked if tokens are valid: true, expires at: 1766000738358
[debug] [2025-12-17T18:48:51.956Z] >>> [apiv2][query] GET https://cloudfunctions.googleapis.com/v1/operations/cHJvamVjdHMvcm9hZHRyaXAtcm95YWxlLWRldi1kMjY1Mi9sb2NhdGlvbnMvdXMtY2VudHJhbDEvb3BlcmF0aW9ucy9vcGVyYXRpb24tMTc2NTk5NzMzMDk3MS02NDYyYTRiOTYzYmQ1LTMxOWQwMWY2LTQwYTM0YzY3 [none]
[debug] [2025-12-17T18:48:52.024Z] [create-default-us-central1-respondToFriendInvite] Retrying task index 0
[debug] [2025-12-17T18:48:52.025Z] Checked if tokens are valid: true, expires at: 1766000738358
[debug] [2025-12-17T18:48:52.025Z] Checked if tokens are valid: true, expires at: 1766000738358
[debug] [2025-12-17T18:48:52.025Z] >>> [apiv2][query] GET https://cloudfunctions.googleapis.com/v1/operations/cHJvamVjdHMvcm9hZHRyaXAtcm95YWxlLWRldi1kMjY1Mi9sb2NhdGlvbnMvdXMtY2VudHJhbDEvb3BlcmF0aW9ucy9vcGVyYXRpb24tMTc2NTk5NzMzMTAwMi02NDYyYTRiOTZiM2VmLWU2MzZhOWRkLTIyYTc4MWU1 [none]
[debug] [2025-12-17T18:48:52.032Z] [create-default-us-central1-removeFamilyMember] Retrying task index 0
[debug] [2025-12-17T18:48:52.032Z] Checked if tokens are valid: true, expires at: 1766000738358
[debug] [2025-12-17T18:48:52.032Z] Checked if tokens are valid: true, expires at: 1766000738358
[debug] [2025-12-17T18:48:52.032Z] >>> [apiv2][query] GET https://cloudfunctions.googleapis.com/v1/operations/cHJvamVjdHMvcm9hZHRyaXAtcm95YWxlLWRldi1kMjY1Mi9sb2NhdGlvbnMvdXMtY2VudHJhbDEvb3BlcmF0aW9ucy9vcGVyYXRpb24tMTc2NTk5NzMzMTA0Mi02NDYyYTRiOTc1MGJhLWFmMjYxMWExLTZiNWRkYmQw [none]
[debug] [2025-12-17T18:48:52.038Z] [create-default-us-central1-sendFriendInvite] Retrying task index 0
[debug] [2025-12-17T18:48:52.038Z] Checked if tokens are valid: true, expires at: 1766000738358
[debug] [2025-12-17T18:48:52.038Z] Checked if tokens are valid: true, expires at: 1766000738358
[debug] [2025-12-17T18:48:52.038Z] >>> [apiv2][query] GET https://cloudfunctions.googleapis.com/v1/operations/cHJvamVjdHMvcm9hZHRyaXAtcm95YWxlLWRldi1kMjY1Mi9sb2NhdGlvbnMvdXMtY2VudHJhbDEvb3BlcmF0aW9ucy9vcGVyYXRpb24tMTc2NTk5NzMzMTA0Mi02NDYyYTRiOTc1MDQwLWM0ZGExOWZhLTZkYWMyNDA5 [none]
[debug] [2025-12-17T18:48:52.048Z] [create-default-us-central1-approveFamilyJoinRequest_CaptainStep] Retrying task index 0
[debug] [2025-12-17T18:48:52.049Z] Checked if tokens are valid: true, expires at: 1766000738358
[debug] [2025-12-17T18:48:52.049Z] Checked if tokens are valid: true, expires at: 1766000738358
[debug] [2025-12-17T18:48:52.049Z] >>> [apiv2][query] GET https://cloudfunctions.googleapis.com/v1/operations/cHJvamVjdHMvcm9hZHRyaXAtcm95YWxlLWRldi1kMjY1Mi9sb2NhdGlvbnMvdXMtY2VudHJhbDEvb3BlcmF0aW9ucy9vcGVyYXRpb24tMTc2NTk5NzMzMTAwMS02NDYyYTRiOTZhZmM2LTU2ZDdlNTE1LTA5MDg3M2Iy [none]
[debug] [2025-12-17T18:48:52.067Z] <<< [apiv2][status] GET https://cloudfunctions.googleapis.com/v1/operations/cHJvamVjdHMvcm9hZHRyaXAtcm95YWxlLWRldi1kMjY1Mi9sb2NhdGlvbnMvdXMtY2VudHJhbDEvb3BlcmF0aW9ucy9vcGVyYXRpb24tMTc2NTk5NzMzMDk3MS02NDYyYTRiOTYzYmQ1LTMxOWQwMWY2LTQwYTM0YzY3 200
[debug] [2025-12-17T18:48:52.067Z] <<< [apiv2][body] GET https://cloudfunctions.googleapis.com/v1/operations/cHJvamVjdHMvcm9hZHRyaXAtcm95YWxlLWRldi1kMjY1Mi9sb2NhdGlvbnMvdXMtY2VudHJhbDEvb3BlcmF0aW9ucy9vcGVyYXRpb24tMTc2NTk5NzMzMDk3MS02NDYyYTRiOTYzYmQ1LTMxOWQwMWY2LTQwYTM0YzY3 {"name":"operations/cHJvamVjdHMvcm9hZHRyaXAtcm95YWxlLWRldi1kMjY1Mi9sb2NhdGlvbnMvdXMtY2VudHJhbDEvb3BlcmF0aW9ucy9vcGVyYXRpb24tMTc2NTk5NzMzMDk3MS02NDYyYTRiOTYzYmQ1LTMxOWQwMWY2LTQwYTM0YzY3","metadata":{"@type":"type.googleapis.com/google.cloud.functions.v1.OperationMetadataV1","target":"projects/roadtrip-royale-dev-d2652/locations/us-central1/functions/changeFamilyMemberRole","type":"CREATE_FUNCTION","request":{"@type":"type.googleapis.com/google.cloud.functions.v1.CloudFunction","name":"projects/roadtrip-royale-dev-d2652/locations/us-central1/functions/changeFamilyMemberRole","httpsTrigger":{"securityLevel":"SECURE_ALWAYS"},"entryPoint":"changeFamilyMemberRole","updateTime":"1970-01-01T00:00:00Z","labels":{"deployment-tool":"cli-firebase","deployment-callable":"true","firebase-functions-hash":"7ed776848df965fd162ccf2b17e5157713773c4d"},"sourceUploadUrl":"https://storage.googleapis.com/uploads-995950081560.us-central1.cloudfunctions.appspot.com/d3e4617f-c584-410e-b8fc-d9c3cfc0c12d.zip?GoogleAccessId=service-900272218936@gcf-admin-robot.iam.gserviceaccount.com&Expires=1765999052&Signature=ZVoB%2BvLwqtAEitcDaZMHjVFx971YfVOKBAJlNy57P5EBVNCAPUHzOu4gg6R3cBdkNT0mbkPjDkKJPYMkjY5v4iZ%2BRlnvdGEOqZiSD0sbJ20i0xElss5EV9c7eIoitrkLH5aDhuLwmVX3XLbEyiZpSzy5XK6sK7ikawv%2FxsV5w%2Fy8cfcCG6KSTUXPDvMvMADSzkP25FVuy3gXjrL14zPEd15fMHF5BsU%2F6YmBNTFNFaiR3PxBjbtqRFozdKJEFlyiONvqn3pusSuKEBv3O2uGeIce48wacKz8kvZVlkqv0smUXLO6dqAGsoHoN1zV3dzieFV76WfnPiP36F4UiKeD8w%3D%3D","environmentVariables":{"FIREBASE_CONFIG":"{\"projectId\":\"roadtrip-royale-dev-d2652\",\"storageBucket\":\"roadtrip-royale-dev-d2652.firebasestorage.app\"}","GCLOUD_PROJECT":"roadtrip-royale-dev-d2652","EVENTARC_CLOUD_EVENT_SOURCE":"projects/roadtrip-royale-dev-d2652/locations/us-central1/functions/changeFamilyMemberRole"},"runtime":"nodejs20","buildEnvironmentVariables":{"GOOGLE_NODE_RUN_SCRIPTS":""},"sourceToken":"eac1cfcc-da93-458f-9960-d8d7778c4fbb","dockerRegistry":"ARTIFACT_REGISTRY"},"versionId":"1","updateTime":"2025-12-17T18:48:51.292961029Z","sourceToken":"eac1cfcc-da93-458f-9960-d8d7778c4fbb"}}
[debug] [2025-12-17T18:48:52.067Z] Got source token eac1cfcc-da93-458f-9960-d8d7778c4fbb for region us-central1
[debug] [2025-12-17T18:48:52.074Z] [create-default-us-central1-onAuthUserDeleted] Retrying task index 0
[debug] [2025-12-17T18:48:52.074Z] Checked if tokens are valid: true, expires at: 1766000738358
[debug] [2025-12-17T18:48:52.074Z] Checked if tokens are valid: true, expires at: 1766000738358
[debug] [2025-12-17T18:48:52.074Z] >>> [apiv2][query] GET https://cloudfunctions.googleapis.com/v1/operations/cHJvamVjdHMvcm9hZHRyaXAtcm95YWxlLWRldi1kMjY1Mi9sb2NhdGlvbnMvdXMtY2VudHJhbDEvb3BlcmF0aW9ucy9vcGVyYXRpb24tMTc2NTk5NzMzMTAxNC02NDYyYTRiOTZlMTdlLWY5YjNjZTFlLWYwOTQ3NDc2 [none]
[debug] [2025-12-17T18:48:52.075Z] [create-default-us-central1-createFamily] Retrying task index 0
[debug] [2025-12-17T18:48:52.075Z] Checked if tokens are valid: true, expires at: 1766000738358
[debug] [2025-12-17T18:48:52.075Z] Checked if tokens are valid: true, expires at: 1766000738358
[debug] [2025-12-17T18:48:52.075Z] >>> [apiv2][query] GET https://cloudfunctions.googleapis.com/v1/operations/cHJvamVjdHMvcm9hZHRyaXAtcm95YWxlLWRldi1kMjY1Mi9sb2NhdGlvbnMvdXMtY2VudHJhbDEvb3BlcmF0aW9ucy9vcGVyYXRpb24tMTc2NTk5NzMzMTAwMi02NDYyYTRiOTZiMzE2LWZhZGE0MWQ3LTE2NGM2Njcy [none]
[debug] [2025-12-17T18:48:52.077Z] [create-default-us-central1-sendFamilyInvite] Retrying task index 0
[debug] [2025-12-17T18:48:52.078Z] Checked if tokens are valid: true, expires at: 1766000738358
[debug] [2025-12-17T18:48:52.078Z] Checked if tokens are valid: true, expires at: 1766000738358
[debug] [2025-12-17T18:48:52.078Z] >>> [apiv2][query] GET https://cloudfunctions.googleapis.com/v1/operations/cHJvamVjdHMvcm9hZHRyaXAtcm95YWxlLWRldi1kMjY1Mi9sb2NhdGlvbnMvdXMtY2VudHJhbDEvb3BlcmF0aW9ucy9vcGVyYXRpb24tMTc2NTk5NzMzMTAzNi02NDYyYTRiOTczN2E5LTY5OWVmNjE2LWI1NTkyODI1 [none]
[debug] [2025-12-17T18:48:52.082Z] [create-default-us-central1-respondToFamilyInvite_UserStep] Retrying task index 0
[debug] [2025-12-17T18:48:52.083Z] Checked if tokens are valid: true, expires at: 1766000738358
[debug] [2025-12-17T18:48:52.083Z] Checked if tokens are valid: true, expires at: 1766000738358
[debug] [2025-12-17T18:48:52.083Z] >>> [apiv2][query] GET https://cloudfunctions.googleapis.com/v1/operations/cHJvamVjdHMvcm9hZHRyaXAtcm95YWxlLWRldi1kMjY1Mi9sb2NhdGlvbnMvdXMtY2VudHJhbDEvb3BlcmF0aW9ucy9vcGVyYXRpb24tMTc2NTk5NzMzMTA0MC02NDYyYTRiOTc0OTZkLTI5NTAzZGQ1LTc0NGI2NWNl [none]
[debug] [2025-12-17T18:48:52.127Z] [create-default-us-central1-redeemShareCode] Retrying task index 0
[debug] [2025-12-17T18:48:52.128Z] Checked if tokens are valid: true, expires at: 1766000738358
[debug] [2025-12-17T18:48:52.129Z] Checked if tokens are valid: true, expires at: 1766000738358
[debug] [2025-12-17T18:48:52.129Z] >>> [apiv2][query] GET https://cloudfunctions.googleapis.com/v1/operations/cHJvamVjdHMvcm9hZHRyaXAtcm95YWxlLWRldi1kMjY1Mi9sb2NhdGlvbnMvdXMtY2VudHJhbDEvb3BlcmF0aW9ucy9vcGVyYXRpb24tMTc2NTk5NzMzMDk3MC02NDYyYTRiOTYzNWI5LTk2MDgyYjY2LWE0MzE2Zjdj [none]
[debug] [2025-12-17T18:48:52.129Z] [create-default-us-central1-expireInvitesAndCodes] Retrying task index 0
[debug] [2025-12-17T18:48:52.129Z] Checked if tokens are valid: true, expires at: 1766000738358
[debug] [2025-12-17T18:48:52.129Z] Checked if tokens are valid: true, expires at: 1766000738358
[debug] [2025-12-17T18:48:52.129Z] >>> [apiv2][query] GET https://cloudfunctions.googleapis.com/v1/operations/cHJvamVjdHMvcm9hZHRyaXAtcm95YWxlLWRldi1kMjY1Mi9sb2NhdGlvbnMvdXMtY2VudHJhbDEvb3BlcmF0aW9ucy9vcGVyYXRpb24tMTc2NTk5NzMzMTAyOC02NDYyYTRiOTcxYjA1LWFmZTc1MzZmLWUwNmY4OTcw [none]
[debug] [2025-12-17T18:48:52.136Z] <<< [apiv2][status] GET https://cloudfunctions.googleapis.com/v1/operations/cHJvamVjdHMvcm9hZHRyaXAtcm95YWxlLWRldi1kMjY1Mi9sb2NhdGlvbnMvdXMtY2VudHJhbDEvb3BlcmF0aW9ucy9vcGVyYXRpb24tMTc2NTk5NzMzMTA0Mi02NDYyYTRiOTc1MGJhLWFmMjYxMWExLTZiNWRkYmQw 200
[debug] [2025-12-17T18:48:52.136Z] <<< [apiv2][body] GET https://cloudfunctions.googleapis.com/v1/operations/cHJvamVjdHMvcm9hZHRyaXAtcm95YWxlLWRldi1kMjY1Mi9sb2NhdGlvbnMvdXMtY2VudHJhbDEvb3BlcmF0aW9ucy9vcGVyYXRpb24tMTc2NTk5NzMzMTA0Mi02NDYyYTRiOTc1MGJhLWFmMjYxMWExLTZiNWRkYmQw {"name":"operations/cHJvamVjdHMvcm9hZHRyaXAtcm95YWxlLWRldi1kMjY1Mi9sb2NhdGlvbnMvdXMtY2VudHJhbDEvb3BlcmF0aW9ucy9vcGVyYXRpb24tMTc2NTk5NzMzMTA0Mi02NDYyYTRiOTc1MGJhLWFmMjYxMWExLTZiNWRkYmQw","metadata":{"@type":"type.googleapis.com/google.cloud.functions.v1.OperationMetadataV1","target":"projects/roadtrip-royale-dev-d2652/locations/us-central1/functions/removeFamilyMember","type":"CREATE_FUNCTION","request":{"@type":"type.googleapis.com/google.cloud.functions.v1.CloudFunction","name":"projects/roadtrip-royale-dev-d2652/locations/us-central1/functions/removeFamilyMember","httpsTrigger":{"securityLevel":"SECURE_ALWAYS"},"entryPoint":"removeFamilyMember","updateTime":"1970-01-01T00:00:00Z","labels":{"deployment-tool":"cli-firebase","deployment-callable":"true","firebase-functions-hash":"7ed776848df965fd162ccf2b17e5157713773c4d"},"sourceUploadUrl":"https://storage.googleapis.com/uploads-995950081560.us-central1.cloudfunctions.appspot.com/d3e4617f-c584-410e-b8fc-d9c3cfc0c12d.zip?GoogleAccessId=service-900272218936@gcf-admin-robot.iam.gserviceaccount.com&Expires=1765999052&Signature=ZVoB%2BvLwqtAEitcDaZMHjVFx971YfVOKBAJlNy57P5EBVNCAPUHzOu4gg6R3cBdkNT0mbkPjDkKJPYMkjY5v4iZ%2BRlnvdGEOqZiSD0sbJ20i0xElss5EV9c7eIoitrkLH5aDhuLwmVX3XLbEyiZpSzy5XK6sK7ikawv%2FxsV5w%2Fy8cfcCG6KSTUXPDvMvMADSzkP25FVuy3gXjrL14zPEd15fMHF5BsU%2F6YmBNTFNFaiR3PxBjbtqRFozdKJEFlyiONvqn3pusSuKEBv3O2uGeIce48wacKz8kvZVlkqv0smUXLO6dqAGsoHoN1zV3dzieFV76WfnPiP36F4UiKeD8w%3D%3D","environmentVariables":{"FIREBASE_CONFIG":"{\"projectId\":\"roadtrip-royale-dev-d2652\",\"storageBucket\":\"roadtrip-royale-dev-d2652.firebasestorage.app\"}","GCLOUD_PROJECT":"roadtrip-royale-dev-d2652","EVENTARC_CLOUD_EVENT_SOURCE":"projects/roadtrip-royale-dev-d2652/locations/us-central1/functions/removeFamilyMember"},"runtime":"nodejs20","buildEnvironmentVariables":{"GOOGLE_NODE_RUN_SCRIPTS":""},"sourceToken":"eac1cfcc-da93-458f-9960-d8d7778c4fbb","dockerRegistry":"ARTIFACT_REGISTRY"},"versionId":"1","updateTime":"2025-12-17T18:48:51.372336156Z","sourceToken":"eac1cfcc-da93-458f-9960-d8d7778c4fbb"}}
[debug] [2025-12-17T18:48:52.136Z] Got source token eac1cfcc-da93-458f-9960-d8d7778c4fbb for region us-central1
[debug] [2025-12-17T18:48:52.137Z] <<< [apiv2][status] GET https://cloudfunctions.googleapis.com/v1/operations/cHJvamVjdHMvcm9hZHRyaXAtcm95YWxlLWRldi1kMjY1Mi9sb2NhdGlvbnMvdXMtY2VudHJhbDEvb3BlcmF0aW9ucy9vcGVyYXRpb24tMTc2NTk5NzMzMTA0Mi02NDYyYTRiOTc1MDQwLWM0ZGExOWZhLTZkYWMyNDA5 200
[debug] [2025-12-17T18:48:52.137Z] <<< [apiv2][body] GET https://cloudfunctions.googleapis.com/v1/operations/cHJvamVjdHMvcm9hZHRyaXAtcm95YWxlLWRldi1kMjY1Mi9sb2NhdGlvbnMvdXMtY2VudHJhbDEvb3BlcmF0aW9ucy9vcGVyYXRpb24tMTc2NTk5NzMzMTA0Mi02NDYyYTRiOTc1MDQwLWM0ZGExOWZhLTZkYWMyNDA5 {"name":"operations/cHJvamVjdHMvcm9hZHRyaXAtcm95YWxlLWRldi1kMjY1Mi9sb2NhdGlvbnMvdXMtY2VudHJhbDEvb3BlcmF0aW9ucy9vcGVyYXRpb24tMTc2NTk5NzMzMTA0Mi02NDYyYTRiOTc1MDQwLWM0ZGExOWZhLTZkYWMyNDA5","metadata":{"@type":"type.googleapis.com/google.cloud.functions.v1.OperationMetadataV1","target":"projects/roadtrip-royale-dev-d2652/locations/us-central1/functions/sendFriendInvite","type":"CREATE_FUNCTION","request":{"@type":"type.googleapis.com/google.cloud.functions.v1.CloudFunction","name":"projects/roadtrip-royale-dev-d2652/locations/us-central1/functions/sendFriendInvite","httpsTrigger":{"securityLevel":"SECURE_ALWAYS"},"entryPoint":"sendFriendInvite","updateTime":"1970-01-01T00:00:00Z","labels":{"deployment-tool":"cli-firebase","deployment-callable":"true","firebase-functions-hash":"7ed776848df965fd162ccf2b17e5157713773c4d"},"sourceUploadUrl":"https://storage.googleapis.com/uploads-995950081560.us-central1.cloudfunctions.appspot.com/d3e4617f-c584-410e-b8fc-d9c3cfc0c12d.zip?GoogleAccessId=service-900272218936@gcf-admin-robot.iam.gserviceaccount.com&Expires=1765999052&Signature=ZVoB%2BvLwqtAEitcDaZMHjVFx971YfVOKBAJlNy57P5EBVNCAPUHzOu4gg6R3cBdkNT0mbkPjDkKJPYMkjY5v4iZ%2BRlnvdGEOqZiSD0sbJ20i0xElss5EV9c7eIoitrkLH5aDhuLwmVX3XLbEyiZpSzy5XK6sK7ikawv%2FxsV5w%2Fy8cfcCG6KSTUXPDvMvMADSzkP25FVuy3gXjrL14zPEd15fMHF5BsU%2F6YmBNTFNFaiR3PxBjbtqRFozdKJEFlyiONvqn3pusSuKEBv3O2uGeIce48wacKz8kvZVlkqv0smUXLO6dqAGsoHoN1zV3dzieFV76WfnPiP36F4UiKeD8w%3D%3D","environmentVariables":{"FIREBASE_CONFIG":"{\"projectId\":\"roadtrip-royale-dev-d2652\",\"storageBucket\":\"roadtrip-royale-dev-d2652.firebasestorage.app\"}","GCLOUD_PROJECT":"roadtrip-royale-dev-d2652","EVENTARC_CLOUD_EVENT_SOURCE":"projects/roadtrip-royale-dev-d2652/locations/us-central1/functions/sendFriendInvite"},"runtime":"nodejs20","buildEnvironmentVariables":{"GOOGLE_NODE_RUN_SCRIPTS":""},"sourceToken":"eac1cfcc-da93-458f-9960-d8d7778c4fbb","dockerRegistry":"ARTIFACT_REGISTRY"},"versionId":"1","updateTime":"2025-12-17T18:48:51.380398411Z","sourceToken":"eac1cfcc-da93-458f-9960-d8d7778c4fbb"}}
[debug] [2025-12-17T18:48:52.137Z] Got source token eac1cfcc-da93-458f-9960-d8d7778c4fbb for region us-central1
[debug] [2025-12-17T18:48:52.156Z] <<< [apiv2][status] GET https://cloudfunctions.googleapis.com/v1/operations/cHJvamVjdHMvcm9hZHRyaXAtcm95YWxlLWRldi1kMjY1Mi9sb2NhdGlvbnMvdXMtY2VudHJhbDEvb3BlcmF0aW9ucy9vcGVyYXRpb24tMTc2NTk5NzMzMTAwMS02NDYyYTRiOTZhZmM2LTU2ZDdlNTE1LTA5MDg3M2Iy 200
[debug] [2025-12-17T18:48:52.156Z] <<< [apiv2][body] GET https://cloudfunctions.googleapis.com/v1/operations/cHJvamVjdHMvcm9hZHRyaXAtcm95YWxlLWRldi1kMjY1Mi9sb2NhdGlvbnMvdXMtY2VudHJhbDEvb3BlcmF0aW9ucy9vcGVyYXRpb24tMTc2NTk5NzMzMTAwMS02NDYyYTRiOTZhZmM2LTU2ZDdlNTE1LTA5MDg3M2Iy {"name":"operations/cHJvamVjdHMvcm9hZHRyaXAtcm95YWxlLWRldi1kMjY1Mi9sb2NhdGlvbnMvdXMtY2VudHJhbDEvb3BlcmF0aW9ucy9vcGVyYXRpb24tMTc2NTk5NzMzMTAwMS02NDYyYTRiOTZhZmM2LTU2ZDdlNTE1LTA5MDg3M2Iy","metadata":{"@type":"type.googleapis.com/google.cloud.functions.v1.OperationMetadataV1","target":"projects/roadtrip-royale-dev-d2652/locations/us-central1/functions/approveFamilyJoinRequest_CaptainStep","type":"CREATE_FUNCTION","request":{"@type":"type.googleapis.com/google.cloud.functions.v1.CloudFunction","name":"projects/roadtrip-royale-dev-d2652/locations/us-central1/functions/approveFamilyJoinRequest_CaptainStep","httpsTrigger":{"securityLevel":"SECURE_ALWAYS"},"entryPoint":"approveFamilyJoinRequest_CaptainStep","updateTime":"1970-01-01T00:00:00Z","labels":{"deployment-tool":"cli-firebase","deployment-callable":"true","firebase-functions-hash":"7ed776848df965fd162ccf2b17e5157713773c4d"},"sourceUploadUrl":"https://storage.googleapis.com/uploads-995950081560.us-central1.cloudfunctions.appspot.com/d3e4617f-c584-410e-b8fc-d9c3cfc0c12d.zip?GoogleAccessId=service-900272218936@gcf-admin-robot.iam.gserviceaccount.com&Expires=1765999052&Signature=ZVoB%2BvLwqtAEitcDaZMHjVFx971YfVOKBAJlNy57P5EBVNCAPUHzOu4gg6R3cBdkNT0mbkPjDkKJPYMkjY5v4iZ%2BRlnvdGEOqZiSD0sbJ20i0xElss5EV9c7eIoitrkLH5aDhuLwmVX3XLbEyiZpSzy5XK6sK7ikawv%2FxsV5w%2Fy8cfcCG6KSTUXPDvMvMADSzkP25FVuy3gXjrL14zPEd15fMHF5BsU%2F6YmBNTFNFaiR3PxBjbtqRFozdKJEFlyiONvqn3pusSuKEBv3O2uGeIce48wacKz8kvZVlkqv0smUXLO6dqAGsoHoN1zV3dzieFV76WfnPiP36F4UiKeD8w%3D%3D","environmentVariables":{"FIREBASE_CONFIG":"{\"projectId\":\"roadtrip-royale-dev-d2652\",\"storageBucket\":\"roadtrip-royale-dev-d2652.firebasestorage.app\"}","GCLOUD_PROJECT":"roadtrip-royale-dev-d2652","EVENTARC_CLOUD_EVENT_SOURCE":"projects/roadtrip-royale-dev-d2652/locations/us-central1/functions/approveFamilyJoinRequest_CaptainStep"},"runtime":"nodejs20","buildEnvironmentVariables":{"GOOGLE_NODE_RUN_SCRIPTS":""},"sourceToken":"eac1cfcc-da93-458f-9960-d8d7778c4fbb","dockerRegistry":"ARTIFACT_REGISTRY"},"versionId":"1","updateTime":"2025-12-17T18:48:51.372448928Z","sourceToken":"eac1cfcc-da93-458f-9960-d8d7778c4fbb"}}
[debug] [2025-12-17T18:48:52.156Z] Got source token eac1cfcc-da93-458f-9960-d8d7778c4fbb for region us-central1
[debug] [2025-12-17T18:48:52.167Z] <<< [apiv2][status] GET https://cloudfunctions.googleapis.com/v1/operations/cHJvamVjdHMvcm9hZHRyaXAtcm95YWxlLWRldi1kMjY1Mi9sb2NhdGlvbnMvdXMtY2VudHJhbDEvb3BlcmF0aW9ucy9vcGVyYXRpb24tMTc2NTk5NzMzMTAwMi02NDYyYTRiOTZiMzE2LWZhZGE0MWQ3LTE2NGM2Njcy 200
[debug] [2025-12-17T18:48:52.167Z] <<< [apiv2][body] GET https://cloudfunctions.googleapis.com/v1/operations/cHJvamVjdHMvcm9hZHRyaXAtcm95YWxlLWRldi1kMjY1Mi9sb2NhdGlvbnMvdXMtY2VudHJhbDEvb3BlcmF0aW9ucy9vcGVyYXRpb24tMTc2NTk5NzMzMTAwMi02NDYyYTRiOTZiMzE2LWZhZGE0MWQ3LTE2NGM2Njcy {"name":"operations/cHJvamVjdHMvcm9hZHRyaXAtcm95YWxlLWRldi1kMjY1Mi9sb2NhdGlvbnMvdXMtY2VudHJhbDEvb3BlcmF0aW9ucy9vcGVyYXRpb24tMTc2NTk5NzMzMTAwMi02NDYyYTRiOTZiMzE2LWZhZGE0MWQ3LTE2NGM2Njcy","metadata":{"@type":"type.googleapis.com/google.cloud.functions.v1.OperationMetadataV1","target":"projects/roadtrip-royale-dev-d2652/locations/us-central1/functions/createFamily","type":"CREATE_FUNCTION","request":{"@type":"type.googleapis.com/google.cloud.functions.v1.CloudFunction","name":"projects/roadtrip-royale-dev-d2652/locations/us-central1/functions/createFamily","httpsTrigger":{"securityLevel":"SECURE_ALWAYS"},"entryPoint":"createFamily","updateTime":"1970-01-01T00:00:00Z","labels":{"deployment-tool":"cli-firebase","deployment-callable":"true","firebase-functions-hash":"7ed776848df965fd162ccf2b17e5157713773c4d"},"sourceUploadUrl":"https://storage.googleapis.com/uploads-995950081560.us-central1.cloudfunctions.appspot.com/d3e4617f-c584-410e-b8fc-d9c3cfc0c12d.zip?GoogleAccessId=service-900272218936@gcf-admin-robot.iam.gserviceaccount.com&Expires=1765999052&Signature=ZVoB%2BvLwqtAEitcDaZMHjVFx971YfVOKBAJlNy57P5EBVNCAPUHzOu4gg6R3cBdkNT0mbkPjDkKJPYMkjY5v4iZ%2BRlnvdGEOqZiSD0sbJ20i0xElss5EV9c7eIoitrkLH5aDhuLwmVX3XLbEyiZpSzy5XK6sK7ikawv%2FxsV5w%2Fy8cfcCG6KSTUXPDvMvMADSzkP25FVuy3gXjrL14zPEd15fMHF5BsU%2F6YmBNTFNFaiR3PxBjbtqRFozdKJEFlyiONvqn3pusSuKEBv3O2uGeIce48wacKz8kvZVlkqv0smUXLO6dqAGsoHoN1zV3dzieFV76WfnPiP36F4UiKeD8w%3D%3D","environmentVariables":{"FIREBASE_CONFIG":"{\"projectId\":\"roadtrip-royale-dev-d2652\",\"storageBucket\":\"roadtrip-royale-dev-d2652.firebasestorage.app\"}","GCLOUD_PROJECT":"roadtrip-royale-dev-d2652","EVENTARC_CLOUD_EVENT_SOURCE":"projects/roadtrip-royale-dev-d2652/locations/us-central1/functions/createFamily"},"runtime":"nodejs20","buildEnvironmentVariables":{"GOOGLE_NODE_RUN_SCRIPTS":""},"sourceToken":"eac1cfcc-da93-458f-9960-d8d7778c4fbb","dockerRegistry":"ARTIFACT_REGISTRY"},"versionId":"1","updateTime":"2025-12-17T18:48:51.415564963Z","sourceToken":"eac1cfcc-da93-458f-9960-d8d7778c4fbb"}}
[debug] [2025-12-17T18:48:52.167Z] Got source token eac1cfcc-da93-458f-9960-d8d7778c4fbb for region us-central1
[debug] [2025-12-17T18:48:52.185Z] <<< [apiv2][status] GET https://cloudfunctions.googleapis.com/v1/operations/cHJvamVjdHMvcm9hZHRyaXAtcm95YWxlLWRldi1kMjY1Mi9sb2NhdGlvbnMvdXMtY2VudHJhbDEvb3BlcmF0aW9ucy9vcGVyYXRpb24tMTc2NTk5NzMzMTAzNi02NDYyYTRiOTczN2E5LTY5OWVmNjE2LWI1NTkyODI1 200
[debug] [2025-12-17T18:48:52.185Z] <<< [apiv2][body] GET https://cloudfunctions.googleapis.com/v1/operations/cHJvamVjdHMvcm9hZHRyaXAtcm95YWxlLWRldi1kMjY1Mi9sb2NhdGlvbnMvdXMtY2VudHJhbDEvb3BlcmF0aW9ucy9vcGVyYXRpb24tMTc2NTk5NzMzMTAzNi02NDYyYTRiOTczN2E5LTY5OWVmNjE2LWI1NTkyODI1 {"name":"operations/cHJvamVjdHMvcm9hZHRyaXAtcm95YWxlLWRldi1kMjY1Mi9sb2NhdGlvbnMvdXMtY2VudHJhbDEvb3BlcmF0aW9ucy9vcGVyYXRpb24tMTc2NTk5NzMzMTAzNi02NDYyYTRiOTczN2E5LTY5OWVmNjE2LWI1NTkyODI1","metadata":{"@type":"type.googleapis.com/google.cloud.functions.v1.OperationMetadataV1","target":"projects/roadtrip-royale-dev-d2652/locations/us-central1/functions/sendFamilyInvite","type":"CREATE_FUNCTION","request":{"@type":"type.googleapis.com/google.cloud.functions.v1.CloudFunction","name":"projects/roadtrip-royale-dev-d2652/locations/us-central1/functions/sendFamilyInvite","httpsTrigger":{"securityLevel":"SECURE_ALWAYS"},"entryPoint":"sendFamilyInvite","updateTime":"1970-01-01T00:00:00Z","labels":{"deployment-tool":"cli-firebase","deployment-callable":"true","firebase-functions-hash":"7ed776848df965fd162ccf2b17e5157713773c4d"},"sourceUploadUrl":"https://storage.googleapis.com/uploads-995950081560.us-central1.cloudfunctions.appspot.com/d3e4617f-c584-410e-b8fc-d9c3cfc0c12d.zip?GoogleAccessId=service-900272218936@gcf-admin-robot.iam.gserviceaccount.com&Expires=1765999052&Signature=ZVoB%2BvLwqtAEitcDaZMHjVFx971YfVOKBAJlNy57P5EBVNCAPUHzOu4gg6R3cBdkNT0mbkPjDkKJPYMkjY5v4iZ%2BRlnvdGEOqZiSD0sbJ20i0xElss5EV9c7eIoitrkLH5aDhuLwmVX3XLbEyiZpSzy5XK6sK7ikawv%2FxsV5w%2Fy8cfcCG6KSTUXPDvMvMADSzkP25FVuy3gXjrL14zPEd15fMHF5BsU%2F6YmBNTFNFaiR3PxBjbtqRFozdKJEFlyiONvqn3pusSuKEBv3O2uGeIce48wacKz8kvZVlkqv0smUXLO6dqAGsoHoN1zV3dzieFV76WfnPiP36F4UiKeD8w%3D%3D","environmentVariables":{"FIREBASE_CONFIG":"{\"projectId\":\"roadtrip-royale-dev-d2652\",\"storageBucket\":\"roadtrip-royale-dev-d2652.firebasestorage.app\"}","GCLOUD_PROJECT":"roadtrip-royale-dev-d2652","EVENTARC_CLOUD_EVENT_SOURCE":"projects/roadtrip-royale-dev-d2652/locations/us-central1/functions/sendFamilyInvite"},"runtime":"nodejs20","buildEnvironmentVariables":{"GOOGLE_NODE_RUN_SCRIPTS":""},"sourceToken":"eac1cfcc-da93-458f-9960-d8d7778c4fbb","dockerRegistry":"ARTIFACT_REGISTRY"},"versionId":"1","updateTime":"2025-12-17T18:48:51.408666717Z","sourceToken":"eac1cfcc-da93-458f-9960-d8d7778c4fbb"}}
[debug] [2025-12-17T18:48:52.185Z] Got source token eac1cfcc-da93-458f-9960-d8d7778c4fbb for region us-central1
[debug] [2025-12-17T18:48:52.187Z] <<< [apiv2][status] GET https://cloudfunctions.googleapis.com/v1/operations/cHJvamVjdHMvcm9hZHRyaXAtcm95YWxlLWRldi1kMjY1Mi9sb2NhdGlvbnMvdXMtY2VudHJhbDEvb3BlcmF0aW9ucy9vcGVyYXRpb24tMTc2NTk5NzMzMTA0MC02NDYyYTRiOTc0OTZkLTI5NTAzZGQ1LTc0NGI2NWNl 200
[debug] [2025-12-17T18:48:52.187Z] <<< [apiv2][body] GET https://cloudfunctions.googleapis.com/v1/operations/cHJvamVjdHMvcm9hZHRyaXAtcm95YWxlLWRldi1kMjY1Mi9sb2NhdGlvbnMvdXMtY2VudHJhbDEvb3BlcmF0aW9ucy9vcGVyYXRpb24tMTc2NTk5NzMzMTA0MC02NDYyYTRiOTc0OTZkLTI5NTAzZGQ1LTc0NGI2NWNl {"name":"operations/cHJvamVjdHMvcm9hZHRyaXAtcm95YWxlLWRldi1kMjY1Mi9sb2NhdGlvbnMvdXMtY2VudHJhbDEvb3BlcmF0aW9ucy9vcGVyYXRpb24tMTc2NTk5NzMzMTA0MC02NDYyYTRiOTc0OTZkLTI5NTAzZGQ1LTc0NGI2NWNl","metadata":{"@type":"type.googleapis.com/google.cloud.functions.v1.OperationMetadataV1","target":"projects/roadtrip-royale-dev-d2652/locations/us-central1/functions/respondToFamilyInvite_UserStep","type":"CREATE_FUNCTION","request":{"@type":"type.googleapis.com/google.cloud.functions.v1.CloudFunction","name":"projects/roadtrip-royale-dev-d2652/locations/us-central1/functions/respondToFamilyInvite_UserStep","httpsTrigger":{"securityLevel":"SECURE_ALWAYS"},"entryPoint":"respondToFamilyInvite_UserStep","updateTime":"1970-01-01T00:00:00Z","labels":{"deployment-tool":"cli-firebase","deployment-callable":"true","firebase-functions-hash":"7ed776848df965fd162ccf2b17e5157713773c4d"},"sourceUploadUrl":"https://storage.googleapis.com/uploads-995950081560.us-central1.cloudfunctions.appspot.com/d3e4617f-c584-410e-b8fc-d9c3cfc0c12d.zip?GoogleAccessId=service-900272218936@gcf-admin-robot.iam.gserviceaccount.com&Expires=1765999052&Signature=ZVoB%2BvLwqtAEitcDaZMHjVFx971YfVOKBAJlNy57P5EBVNCAPUHzOu4gg6R3cBdkNT0mbkPjDkKJPYMkjY5v4iZ%2BRlnvdGEOqZiSD0sbJ20i0xElss5EV9c7eIoitrkLH5aDhuLwmVX3XLbEyiZpSzy5XK6sK7ikawv%2FxsV5w%2Fy8cfcCG6KSTUXPDvMvMADSzkP25FVuy3gXjrL14zPEd15fMHF5BsU%2F6YmBNTFNFaiR3PxBjbtqRFozdKJEFlyiONvqn3pusSuKEBv3O2uGeIce48wacKz8kvZVlkqv0smUXLO6dqAGsoHoN1zV3dzieFV76WfnPiP36F4UiKeD8w%3D%3D","environmentVariables":{"FIREBASE_CONFIG":"{\"projectId\":\"roadtrip-royale-dev-d2652\",\"storageBucket\":\"roadtrip-royale-dev-d2652.firebasestorage.app\"}","GCLOUD_PROJECT":"roadtrip-royale-dev-d2652","EVENTARC_CLOUD_EVENT_SOURCE":"projects/roadtrip-royale-dev-d2652/locations/us-central1/functions/respondToFamilyInvite_UserStep"},"runtime":"nodejs20","buildEnvironmentVariables":{"GOOGLE_NODE_RUN_SCRIPTS":""},"sourceToken":"eac1cfcc-da93-458f-9960-d8d7778c4fbb","dockerRegistry":"ARTIFACT_REGISTRY"},"versionId":"1","updateTime":"2025-12-17T18:48:51.423889349Z","sourceToken":"eac1cfcc-da93-458f-9960-d8d7778c4fbb"}}
[debug] [2025-12-17T18:48:52.187Z] Got source token eac1cfcc-da93-458f-9960-d8d7778c4fbb for region us-central1
[debug] [2025-12-17T18:48:52.189Z] <<< [apiv2][status] GET https://cloudfunctions.googleapis.com/v1/operations/cHJvamVjdHMvcm9hZHRyaXAtcm95YWxlLWRldi1kMjY1Mi9sb2NhdGlvbnMvdXMtY2VudHJhbDEvb3BlcmF0aW9ucy9vcGVyYXRpb24tMTc2NTk5NzMzMTAxNC02NDYyYTRiOTZlMTdlLWY5YjNjZTFlLWYwOTQ3NDc2 200
[debug] [2025-12-17T18:48:52.189Z] <<< [apiv2][body] GET https://cloudfunctions.googleapis.com/v1/operations/cHJvamVjdHMvcm9hZHRyaXAtcm95YWxlLWRldi1kMjY1Mi9sb2NhdGlvbnMvdXMtY2VudHJhbDEvb3BlcmF0aW9ucy9vcGVyYXRpb24tMTc2NTk5NzMzMTAxNC02NDYyYTRiOTZlMTdlLWY5YjNjZTFlLWYwOTQ3NDc2 {"name":"operations/cHJvamVjdHMvcm9hZHRyaXAtcm95YWxlLWRldi1kMjY1Mi9sb2NhdGlvbnMvdXMtY2VudHJhbDEvb3BlcmF0aW9ucy9vcGVyYXRpb24tMTc2NTk5NzMzMTAxNC02NDYyYTRiOTZlMTdlLWY5YjNjZTFlLWYwOTQ3NDc2","metadata":{"@type":"type.googleapis.com/google.cloud.functions.v1.OperationMetadataV1","target":"projects/roadtrip-royale-dev-d2652/locations/us-central1/functions/onAuthUserDeleted","type":"CREATE_FUNCTION","request":{"@type":"type.googleapis.com/google.cloud.functions.v1.CloudFunction","name":"projects/roadtrip-royale-dev-d2652/locations/us-central1/functions/onAuthUserDeleted","eventTrigger":{"eventType":"providers/firebase.auth/eventTypes/user.delete","resource":"projects/roadtrip-royale-dev-d2652","failurePolicy":{}},"entryPoint":"onAuthUserDeleted","updateTime":"1970-01-01T00:00:00Z","labels":{"deployment-tool":"cli-firebase","firebase-functions-hash":"7ed776848df965fd162ccf2b17e5157713773c4d"},"sourceUploadUrl":"https://storage.googleapis.com/uploads-995950081560.us-central1.cloudfunctions.appspot.com/d3e4617f-c584-410e-b8fc-d9c3cfc0c12d.zip?GoogleAccessId=service-900272218936@gcf-admin-robot.iam.gserviceaccount.com&Expires=1765999052&Signature=ZVoB%2BvLwqtAEitcDaZMHjVFx971YfVOKBAJlNy57P5EBVNCAPUHzOu4gg6R3cBdkNT0mbkPjDkKJPYMkjY5v4iZ%2BRlnvdGEOqZiSD0sbJ20i0xElss5EV9c7eIoitrkLH5aDhuLwmVX3XLbEyiZpSzy5XK6sK7ikawv%2FxsV5w%2Fy8cfcCG6KSTUXPDvMvMADSzkP25FVuy3gXjrL14zPEd15fMHF5BsU%2F6YmBNTFNFaiR3PxBjbtqRFozdKJEFlyiONvqn3pusSuKEBv3O2uGeIce48wacKz8kvZVlkqv0smUXLO6dqAGsoHoN1zV3dzieFV76WfnPiP36F4UiKeD8w%3D%3D","environmentVariables":{"FIREBASE_CONFIG":"{\"projectId\":\"roadtrip-royale-dev-d2652\",\"storageBucket\":\"roadtrip-royale-dev-d2652.firebasestorage.app\"}","GCLOUD_PROJECT":"roadtrip-royale-dev-d2652","EVENTARC_CLOUD_EVENT_SOURCE":"projects/roadtrip-royale-dev-d2652/locations/us-central1/functions/onAuthUserDeleted"},"runtime":"nodejs20","buildEnvironmentVariables":{"GOOGLE_NODE_RUN_SCRIPTS":""},"sourceToken":"eac1cfcc-da93-458f-9960-d8d7778c4fbb","dockerRegistry":"ARTIFACT_REGISTRY"},"versionId":"1","updateTime":"2025-12-17T18:48:51.394815298Z","sourceToken":"eac1cfcc-da93-458f-9960-d8d7778c4fbb"}}
[debug] [2025-12-17T18:48:52.189Z] Got source token eac1cfcc-da93-458f-9960-d8d7778c4fbb for region us-central1
[debug] [2025-12-17T18:48:52.196Z] <<< [apiv2][status] GET https://cloudfunctions.googleapis.com/v1/operations/cHJvamVjdHMvcm9hZHRyaXAtcm95YWxlLWRldi1kMjY1Mi9sb2NhdGlvbnMvdXMtY2VudHJhbDEvb3BlcmF0aW9ucy9vcGVyYXRpb24tMTc2NTk5NzMzMTAwMi02NDYyYTRiOTZiM2VmLWU2MzZhOWRkLTIyYTc4MWU1 200
[debug] [2025-12-17T18:48:52.196Z] <<< [apiv2][body] GET https://cloudfunctions.googleapis.com/v1/operations/cHJvamVjdHMvcm9hZHRyaXAtcm95YWxlLWRldi1kMjY1Mi9sb2NhdGlvbnMvdXMtY2VudHJhbDEvb3BlcmF0aW9ucy9vcGVyYXRpb24tMTc2NTk5NzMzMTAwMi02NDYyYTRiOTZiM2VmLWU2MzZhOWRkLTIyYTc4MWU1 {"name":"operations/cHJvamVjdHMvcm9hZHRyaXAtcm95YWxlLWRldi1kMjY1Mi9sb2NhdGlvbnMvdXMtY2VudHJhbDEvb3BlcmF0aW9ucy9vcGVyYXRpb24tMTc2NTk5NzMzMTAwMi02NDYyYTRiOTZiM2VmLWU2MzZhOWRkLTIyYTc4MWU1","metadata":{"@type":"type.googleapis.com/google.cloud.functions.v1.OperationMetadataV1","target":"projects/roadtrip-royale-dev-d2652/locations/us-central1/functions/respondToFriendInvite","type":"CREATE_FUNCTION","request":{"@type":"type.googleapis.com/google.cloud.functions.v1.CloudFunction","name":"projects/roadtrip-royale-dev-d2652/locations/us-central1/functions/respondToFriendInvite","httpsTrigger":{"securityLevel":"SECURE_ALWAYS"},"entryPoint":"respondToFriendInvite","updateTime":"1970-01-01T00:00:00Z","labels":{"deployment-tool":"cli-firebase","deployment-callable":"true","firebase-functions-hash":"7ed776848df965fd162ccf2b17e5157713773c4d"},"sourceUploadUrl":"https://storage.googleapis.com/uploads-995950081560.us-central1.cloudfunctions.appspot.com/d3e4617f-c584-410e-b8fc-d9c3cfc0c12d.zip?GoogleAccessId=service-900272218936@gcf-admin-robot.iam.gserviceaccount.com&Expires=1765999052&Signature=ZVoB%2BvLwqtAEitcDaZMHjVFx971YfVOKBAJlNy57P5EBVNCAPUHzOu4gg6R3cBdkNT0mbkPjDkKJPYMkjY5v4iZ%2BRlnvdGEOqZiSD0sbJ20i0xElss5EV9c7eIoitrkLH5aDhuLwmVX3XLbEyiZpSzy5XK6sK7ikawv%2FxsV5w%2Fy8cfcCG6KSTUXPDvMvMADSzkP25FVuy3gXjrL14zPEd15fMHF5BsU%2F6YmBNTFNFaiR3PxBjbtqRFozdKJEFlyiONvqn3pusSuKEBv3O2uGeIce48wacKz8kvZVlkqv0smUXLO6dqAGsoHoN1zV3dzieFV76WfnPiP36F4UiKeD8w%3D%3D","environmentVariables":{"FIREBASE_CONFIG":"{\"projectId\":\"roadtrip-royale-dev-d2652\",\"storageBucket\":\"roadtrip-royale-dev-d2652.firebasestorage.app\"}","GCLOUD_PROJECT":"roadtrip-royale-dev-d2652","EVENTARC_CLOUD_EVENT_SOURCE":"projects/roadtrip-royale-dev-d2652/locations/us-central1/functions/respondToFriendInvite"},"runtime":"nodejs20","buildEnvironmentVariables":{"GOOGLE_NODE_RUN_SCRIPTS":""},"sourceToken":"eac1cfcc-da93-458f-9960-d8d7778c4fbb","dockerRegistry":"ARTIFACT_REGISTRY"},"versionId":"1","updateTime":"2025-12-17T18:48:51.358298964Z","sourceToken":"eac1cfcc-da93-458f-9960-d8d7778c4fbb"}}
[debug] [2025-12-17T18:48:52.197Z] Got source token eac1cfcc-da93-458f-9960-d8d7778c4fbb for region us-central1
[debug] [2025-12-17T18:48:52.232Z] <<< [apiv2][status] GET https://cloudfunctions.googleapis.com/v1/operations/cHJvamVjdHMvcm9hZHRyaXAtcm95YWxlLWRldi1kMjY1Mi9sb2NhdGlvbnMvdXMtY2VudHJhbDEvb3BlcmF0aW9ucy9vcGVyYXRpb24tMTc2NTk5NzMzMDk3MC02NDYyYTRiOTYzNWI5LTk2MDgyYjY2LWE0MzE2Zjdj 200
[debug] [2025-12-17T18:48:52.232Z] <<< [apiv2][body] GET https://cloudfunctions.googleapis.com/v1/operations/cHJvamVjdHMvcm9hZHRyaXAtcm95YWxlLWRldi1kMjY1Mi9sb2NhdGlvbnMvdXMtY2VudHJhbDEvb3BlcmF0aW9ucy9vcGVyYXRpb24tMTc2NTk5NzMzMDk3MC02NDYyYTRiOTYzNWI5LTk2MDgyYjY2LWE0MzE2Zjdj {"name":"operations/cHJvamVjdHMvcm9hZHRyaXAtcm95YWxlLWRldi1kMjY1Mi9sb2NhdGlvbnMvdXMtY2VudHJhbDEvb3BlcmF0aW9ucy9vcGVyYXRpb24tMTc2NTk5NzMzMDk3MC02NDYyYTRiOTYzNWI5LTk2MDgyYjY2LWE0MzE2Zjdj","metadata":{"@type":"type.googleapis.com/google.cloud.functions.v1.OperationMetadataV1","target":"projects/roadtrip-royale-dev-d2652/locations/us-central1/functions/redeemShareCode","type":"CREATE_FUNCTION","request":{"@type":"type.googleapis.com/google.cloud.functions.v1.CloudFunction","name":"projects/roadtrip-royale-dev-d2652/locations/us-central1/functions/redeemShareCode","httpsTrigger":{"securityLevel":"SECURE_ALWAYS"},"entryPoint":"redeemShareCode","updateTime":"1970-01-01T00:00:00Z","labels":{"deployment-tool":"cli-firebase","deployment-callable":"true","firebase-functions-hash":"7ed776848df965fd162ccf2b17e5157713773c4d"},"sourceUploadUrl":"https://storage.googleapis.com/uploads-995950081560.us-central1.cloudfunctions.appspot.com/d3e4617f-c584-410e-b8fc-d9c3cfc0c12d.zip?GoogleAccessId=service-900272218936@gcf-admin-robot.iam.gserviceaccount.com&Expires=1765999052&Signature=ZVoB%2BvLwqtAEitcDaZMHjVFx971YfVOKBAJlNy57P5EBVNCAPUHzOu4gg6R3cBdkNT0mbkPjDkKJPYMkjY5v4iZ%2BRlnvdGEOqZiSD0sbJ20i0xElss5EV9c7eIoitrkLH5aDhuLwmVX3XLbEyiZpSzy5XK6sK7ikawv%2FxsV5w%2Fy8cfcCG6KSTUXPDvMvMADSzkP25FVuy3gXjrL14zPEd15fMHF5BsU%2F6YmBNTFNFaiR3PxBjbtqRFozdKJEFlyiONvqn3pusSuKEBv3O2uGeIce48wacKz8kvZVlkqv0smUXLO6dqAGsoHoN1zV3dzieFV76WfnPiP36F4UiKeD8w%3D%3D","environmentVariables":{"FIREBASE_CONFIG":"{\"projectId\":\"roadtrip-royale-dev-d2652\",\"storageBucket\":\"roadtrip-royale-dev-d2652.firebasestorage.app\"}","GCLOUD_PROJECT":"roadtrip-royale-dev-d2652","EVENTARC_CLOUD_EVENT_SOURCE":"projects/roadtrip-royale-dev-d2652/locations/us-central1/functions/redeemShareCode"},"runtime":"nodejs20","buildEnvironmentVariables":{"GOOGLE_NODE_RUN_SCRIPTS":""},"sourceToken":"eac1cfcc-da93-458f-9960-d8d7778c4fbb","dockerRegistry":"ARTIFACT_REGISTRY"},"versionId":"1","updateTime":"2025-12-17T18:48:51.336976200Z","sourceToken":"eac1cfcc-da93-458f-9960-d8d7778c4fbb"}}
[debug] [2025-12-17T18:48:52.232Z] Got source token eac1cfcc-da93-458f-9960-d8d7778c4fbb for region us-central1
[debug] [2025-12-17T18:48:52.258Z] <<< [apiv2][status] GET https://cloudfunctions.googleapis.com/v1/operations/cHJvamVjdHMvcm9hZHRyaXAtcm95YWxlLWRldi1kMjY1Mi9sb2NhdGlvbnMvdXMtY2VudHJhbDEvb3BlcmF0aW9ucy9vcGVyYXRpb24tMTc2NTk5NzMzMTAyOC02NDYyYTRiOTcxYjA1LWFmZTc1MzZmLWUwNmY4OTcw 200
[debug] [2025-12-17T18:48:52.258Z] <<< [apiv2][body] GET https://cloudfunctions.googleapis.com/v1/operations/cHJvamVjdHMvcm9hZHRyaXAtcm95YWxlLWRldi1kMjY1Mi9sb2NhdGlvbnMvdXMtY2VudHJhbDEvb3BlcmF0aW9ucy9vcGVyYXRpb24tMTc2NTk5NzMzMTAyOC02NDYyYTRiOTcxYjA1LWFmZTc1MzZmLWUwNmY4OTcw {"name":"operations/cHJvamVjdHMvcm9hZHRyaXAtcm95YWxlLWRldi1kMjY1Mi9sb2NhdGlvbnMvdXMtY2VudHJhbDEvb3BlcmF0aW9ucy9vcGVyYXRpb24tMTc2NTk5NzMzMTAyOC02NDYyYTRiOTcxYjA1LWFmZTc1MzZmLWUwNmY4OTcw","metadata":{"@type":"type.googleapis.com/google.cloud.functions.v1.OperationMetadataV1","target":"projects/roadtrip-royale-dev-d2652/locations/us-central1/functions/expireInvitesAndCodes","type":"CREATE_FUNCTION","request":{"@type":"type.googleapis.com/google.cloud.functions.v1.CloudFunction","name":"projects/roadtrip-royale-dev-d2652/locations/us-central1/functions/expireInvitesAndCodes","eventTrigger":{"eventType":"google.pubsub.topic.publish","resource":"projects/roadtrip-royale-dev-d2652/topics/firebase-schedule-expireInvitesAndCodes-us-central1","failurePolicy":{}},"entryPoint":"expireInvitesAndCodes","updateTime":"1970-01-01T00:00:00Z","labels":{"deployment-tool":"cli-firebase","deployment-scheduled":"true","firebase-functions-hash":"7ed776848df965fd162ccf2b17e5157713773c4d"},"sourceUploadUrl":"https://storage.googleapis.com/uploads-995950081560.us-central1.cloudfunctions.appspot.com/d3e4617f-c584-410e-b8fc-d9c3cfc0c12d.zip?GoogleAccessId=service-900272218936@gcf-admin-robot.iam.gserviceaccount.com&Expires=1765999052&Signature=ZVoB%2BvLwqtAEitcDaZMHjVFx971YfVOKBAJlNy57P5EBVNCAPUHzOu4gg6R3cBdkNT0mbkPjDkKJPYMkjY5v4iZ%2BRlnvdGEOqZiSD0sbJ20i0xElss5EV9c7eIoitrkLH5aDhuLwmVX3XLbEyiZpSzy5XK6sK7ikawv%2FxsV5w%2Fy8cfcCG6KSTUXPDvMvMADSzkP25FVuy3gXjrL14zPEd15fMHF5BsU%2F6YmBNTFNFaiR3PxBjbtqRFozdKJEFlyiONvqn3pusSuKEBv3O2uGeIce48wacKz8kvZVlkqv0smUXLO6dqAGsoHoN1zV3dzieFV76WfnPiP36F4UiKeD8w%3D%3D","environmentVariables":{"FIREBASE_CONFIG":"{\"projectId\":\"roadtrip-royale-dev-d2652\",\"storageBucket\":\"roadtrip-royale-dev-d2652.firebasestorage.app\"}","GCLOUD_PROJECT":"roadtrip-royale-dev-d2652","EVENTARC_CLOUD_EVENT_SOURCE":"projects/roadtrip-royale-dev-d2652/locations/us-central1/functions/expireInvitesAndCodes"},"runtime":"nodejs20","buildEnvironmentVariables":{"GOOGLE_NODE_RUN_SCRIPTS":""},"sourceToken":"eac1cfcc-da93-458f-9960-d8d7778c4fbb","dockerRegistry":"ARTIFACT_REGISTRY"},"versionId":"1","updateTime":"2025-12-17T18:48:51.386885577Z","sourceToken":"eac1cfcc-da93-458f-9960-d8d7778c4fbb"}}
[debug] [2025-12-17T18:48:52.258Z] Got source token eac1cfcc-da93-458f-9960-d8d7778c4fbb for region us-central1
[debug] [2025-12-17T18:48:53.069Z] [create-default-us-central1-changeFamilyMemberRole] Retrying task index 0
[debug] [2025-12-17T18:48:53.069Z] Checked if tokens are valid: true, expires at: 1766000738358
[debug] [2025-12-17T18:48:53.069Z] Checked if tokens are valid: true, expires at: 1766000738358
[debug] [2025-12-17T18:48:53.069Z] >>> [apiv2][query] GET https://cloudfunctions.googleapis.com/v1/operations/cHJvamVjdHMvcm9hZHRyaXAtcm95YWxlLWRldi1kMjY1Mi9sb2NhdGlvbnMvdXMtY2VudHJhbDEvb3BlcmF0aW9ucy9vcGVyYXRpb24tMTc2NTk5NzMzMDk3MS02NDYyYTRiOTYzYmQ1LTMxOWQwMWY2LTQwYTM0YzY3 [none]
[debug] [2025-12-17T18:48:53.138Z] [create-default-us-central1-removeFamilyMember] Retrying task index 0
[debug] [2025-12-17T18:48:53.138Z] Checked if tokens are valid: true, expires at: 1766000738358
[debug] [2025-12-17T18:48:53.138Z] Checked if tokens are valid: true, expires at: 1766000738358
[debug] [2025-12-17T18:48:53.138Z] >>> [apiv2][query] GET https://cloudfunctions.googleapis.com/v1/operations/cHJvamVjdHMvcm9hZHRyaXAtcm95YWxlLWRldi1kMjY1Mi9sb2NhdGlvbnMvdXMtY2VudHJhbDEvb3BlcmF0aW9ucy9vcGVyYXRpb24tMTc2NTk5NzMzMTA0Mi02NDYyYTRiOTc1MGJhLWFmMjYxMWExLTZiNWRkYmQw [none]
[debug] [2025-12-17T18:48:53.139Z] [create-default-us-central1-sendFriendInvite] Retrying task index 0
[debug] [2025-12-17T18:48:53.139Z] Checked if tokens are valid: true, expires at: 1766000738358
[debug] [2025-12-17T18:48:53.139Z] Checked if tokens are valid: true, expires at: 1766000738358
[debug] [2025-12-17T18:48:53.139Z] >>> [apiv2][query] GET https://cloudfunctions.googleapis.com/v1/operations/cHJvamVjdHMvcm9hZHRyaXAtcm95YWxlLWRldi1kMjY1Mi9sb2NhdGlvbnMvdXMtY2VudHJhbDEvb3BlcmF0aW9ucy9vcGVyYXRpb24tMTc2NTk5NzMzMTA0Mi02NDYyYTRiOTc1MDQwLWM0ZGExOWZhLTZkYWMyNDA5 [none]
[debug] [2025-12-17T18:48:53.156Z] [create-default-us-central1-approveFamilyJoinRequest_CaptainStep] Retrying task index 0
[debug] [2025-12-17T18:48:53.157Z] Checked if tokens are valid: true, expires at: 1766000738358
[debug] [2025-12-17T18:48:53.157Z] Checked if tokens are valid: true, expires at: 1766000738358
[debug] [2025-12-17T18:48:53.157Z] >>> [apiv2][query] GET https://cloudfunctions.googleapis.com/v1/operations/cHJvamVjdHMvcm9hZHRyaXAtcm95YWxlLWRldi1kMjY1Mi9sb2NhdGlvbnMvdXMtY2VudHJhbDEvb3BlcmF0aW9ucy9vcGVyYXRpb24tMTc2NTk5NzMzMTAwMS02NDYyYTRiOTZhZmM2LTU2ZDdlNTE1LTA5MDg3M2Iy [none]
[debug] [2025-12-17T18:48:53.168Z] [create-default-us-central1-createFamily] Retrying task index 0
[debug] [2025-12-17T18:48:53.168Z] Checked if tokens are valid: true, expires at: 1766000738358
[debug] [2025-12-17T18:48:53.168Z] Checked if tokens are valid: true, expires at: 1766000738358
[debug] [2025-12-17T18:48:53.168Z] >>> [apiv2][query] GET https://cloudfunctions.googleapis.com/v1/operations/cHJvamVjdHMvcm9hZHRyaXAtcm95YWxlLWRldi1kMjY1Mi9sb2NhdGlvbnMvdXMtY2VudHJhbDEvb3BlcmF0aW9ucy9vcGVyYXRpb24tMTc2NTk5NzMzMTAwMi02NDYyYTRiOTZiMzE2LWZhZGE0MWQ3LTE2NGM2Njcy [none]
[debug] [2025-12-17T18:48:53.178Z] <<< [apiv2][status] GET https://cloudfunctions.googleapis.com/v1/operations/cHJvamVjdHMvcm9hZHRyaXAtcm95YWxlLWRldi1kMjY1Mi9sb2NhdGlvbnMvdXMtY2VudHJhbDEvb3BlcmF0aW9ucy9vcGVyYXRpb24tMTc2NTk5NzMzMDk3MS02NDYyYTRiOTYzYmQ1LTMxOWQwMWY2LTQwYTM0YzY3 200
[debug] [2025-12-17T18:48:53.178Z] <<< [apiv2][body] GET https://cloudfunctions.googleapis.com/v1/operations/cHJvamVjdHMvcm9hZHRyaXAtcm95YWxlLWRldi1kMjY1Mi9sb2NhdGlvbnMvdXMtY2VudHJhbDEvb3BlcmF0aW9ucy9vcGVyYXRpb24tMTc2NTk5NzMzMDk3MS02NDYyYTRiOTYzYmQ1LTMxOWQwMWY2LTQwYTM0YzY3 {"name":"operations/cHJvamVjdHMvcm9hZHRyaXAtcm95YWxlLWRldi1kMjY1Mi9sb2NhdGlvbnMvdXMtY2VudHJhbDEvb3BlcmF0aW9ucy9vcGVyYXRpb24tMTc2NTk5NzMzMDk3MS02NDYyYTRiOTYzYmQ1LTMxOWQwMWY2LTQwYTM0YzY3","metadata":{"@type":"type.googleapis.com/google.cloud.functions.v1.OperationMetadataV1","target":"projects/roadtrip-royale-dev-d2652/locations/us-central1/functions/changeFamilyMemberRole","type":"CREATE_FUNCTION","request":{"@type":"type.googleapis.com/google.cloud.functions.v1.CloudFunction","name":"projects/roadtrip-royale-dev-d2652/locations/us-central1/functions/changeFamilyMemberRole","httpsTrigger":{"securityLevel":"SECURE_ALWAYS"},"entryPoint":"changeFamilyMemberRole","updateTime":"1970-01-01T00:00:00Z","labels":{"deployment-tool":"cli-firebase","deployment-callable":"true","firebase-functions-hash":"7ed776848df965fd162ccf2b17e5157713773c4d"},"sourceUploadUrl":"https://storage.googleapis.com/uploads-995950081560.us-central1.cloudfunctions.appspot.com/d3e4617f-c584-410e-b8fc-d9c3cfc0c12d.zip?GoogleAccessId=service-900272218936@gcf-admin-robot.iam.gserviceaccount.com&Expires=1765999052&Signature=ZVoB%2BvLwqtAEitcDaZMHjVFx971YfVOKBAJlNy57P5EBVNCAPUHzOu4gg6R3cBdkNT0mbkPjDkKJPYMkjY5v4iZ%2BRlnvdGEOqZiSD0sbJ20i0xElss5EV9c7eIoitrkLH5aDhuLwmVX3XLbEyiZpSzy5XK6sK7ikawv%2FxsV5w%2Fy8cfcCG6KSTUXPDvMvMADSzkP25FVuy3gXjrL14zPEd15fMHF5BsU%2F6YmBNTFNFaiR3PxBjbtqRFozdKJEFlyiONvqn3pusSuKEBv3O2uGeIce48wacKz8kvZVlkqv0smUXLO6dqAGsoHoN1zV3dzieFV76WfnPiP36F4UiKeD8w%3D%3D","environmentVariables":{"FIREBASE_CONFIG":"{\"projectId\":\"roadtrip-royale-dev-d2652\",\"storageBucket\":\"roadtrip-royale-dev-d2652.firebasestorage.app\"}","GCLOUD_PROJECT":"roadtrip-royale-dev-d2652","EVENTARC_CLOUD_EVENT_SOURCE":"projects/roadtrip-royale-dev-d2652/locations/us-central1/functions/changeFamilyMemberRole"},"runtime":"nodejs20","buildEnvironmentVariables":{"GOOGLE_NODE_RUN_SCRIPTS":""},"sourceToken":"eac1cfcc-da93-458f-9960-d8d7778c4fbb","dockerRegistry":"ARTIFACT_REGISTRY"},"versionId":"1","updateTime":"2025-12-17T18:48:51.292961029Z","sourceToken":"eac1cfcc-da93-458f-9960-d8d7778c4fbb"}}
[debug] [2025-12-17T18:48:53.178Z] Got source token eac1cfcc-da93-458f-9960-d8d7778c4fbb for region us-central1
[debug] [2025-12-17T18:48:53.187Z] [create-default-us-central1-sendFamilyInvite] Retrying task index 0
[debug] [2025-12-17T18:48:53.187Z] Checked if tokens are valid: true, expires at: 1766000738358
[debug] [2025-12-17T18:48:53.187Z] Checked if tokens are valid: true, expires at: 1766000738358
[debug] [2025-12-17T18:48:53.187Z] >>> [apiv2][query] GET https://cloudfunctions.googleapis.com/v1/operations/cHJvamVjdHMvcm9hZHRyaXAtcm95YWxlLWRldi1kMjY1Mi9sb2NhdGlvbnMvdXMtY2VudHJhbDEvb3BlcmF0aW9ucy9vcGVyYXRpb24tMTc2NTk5NzMzMTAzNi02NDYyYTRiOTczN2E5LTY5OWVmNjE2LWI1NTkyODI1 [none]
[debug] [2025-12-17T18:48:53.187Z] [create-default-us-central1-respondToFamilyInvite_UserStep] Retrying task index 0
[debug] [2025-12-17T18:48:53.187Z] Checked if tokens are valid: true, expires at: 1766000738358
[debug] [2025-12-17T18:48:53.187Z] Checked if tokens are valid: true, expires at: 1766000738358
[debug] [2025-12-17T18:48:53.187Z] >>> [apiv2][query] GET https://cloudfunctions.googleapis.com/v1/operations/cHJvamVjdHMvcm9hZHRyaXAtcm95YWxlLWRldi1kMjY1Mi9sb2NhdGlvbnMvdXMtY2VudHJhbDEvb3BlcmF0aW9ucy9vcGVyYXRpb24tMTc2NTk5NzMzMTA0MC02NDYyYTRiOTc0OTZkLTI5NTAzZGQ1LTc0NGI2NWNl [none]
[debug] [2025-12-17T18:48:53.190Z] [create-default-us-central1-onAuthUserDeleted] Retrying task index 0
[debug] [2025-12-17T18:48:53.190Z] Checked if tokens are valid: true, expires at: 1766000738358
[debug] [2025-12-17T18:48:53.190Z] Checked if tokens are valid: true, expires at: 1766000738358
[debug] [2025-12-17T18:48:53.190Z] >>> [apiv2][query] GET https://cloudfunctions.googleapis.com/v1/operations/cHJvamVjdHMvcm9hZHRyaXAtcm95YWxlLWRldi1kMjY1Mi9sb2NhdGlvbnMvdXMtY2VudHJhbDEvb3BlcmF0aW9ucy9vcGVyYXRpb24tMTc2NTk5NzMzMTAxNC02NDYyYTRiOTZlMTdlLWY5YjNjZTFlLWYwOTQ3NDc2 [none]
[debug] [2025-12-17T18:48:53.197Z] [create-default-us-central1-respondToFriendInvite] Retrying task index 0
[debug] [2025-12-17T18:48:53.198Z] Checked if tokens are valid: true, expires at: 1766000738358
[debug] [2025-12-17T18:48:53.198Z] Checked if tokens are valid: true, expires at: 1766000738358
[debug] [2025-12-17T18:48:53.198Z] >>> [apiv2][query] GET https://cloudfunctions.googleapis.com/v1/operations/cHJvamVjdHMvcm9hZHRyaXAtcm95YWxlLWRldi1kMjY1Mi9sb2NhdGlvbnMvdXMtY2VudHJhbDEvb3BlcmF0aW9ucy9vcGVyYXRpb24tMTc2NTk5NzMzMTAwMi02NDYyYTRiOTZiM2VmLWU2MzZhOWRkLTIyYTc4MWU1 [none]
[debug] [2025-12-17T18:48:53.235Z] [create-default-us-central1-redeemShareCode] Retrying task index 0
[debug] [2025-12-17T18:48:53.235Z] Checked if tokens are valid: true, expires at: 1766000738358
[debug] [2025-12-17T18:48:53.235Z] Checked if tokens are valid: true, expires at: 1766000738358
[debug] [2025-12-17T18:48:53.235Z] >>> [apiv2][query] GET https://cloudfunctions.googleapis.com/v1/operations/cHJvamVjdHMvcm9hZHRyaXAtcm95YWxlLWRldi1kMjY1Mi9sb2NhdGlvbnMvdXMtY2VudHJhbDEvb3BlcmF0aW9ucy9vcGVyYXRpb24tMTc2NTk5NzMzMDk3MC02NDYyYTRiOTYzNWI5LTk2MDgyYjY2LWE0MzE2Zjdj [none]
[debug] [2025-12-17T18:48:53.243Z] <<< [apiv2][status] GET https://cloudfunctions.googleapis.com/v1/operations/cHJvamVjdHMvcm9hZHRyaXAtcm95YWxlLWRldi1kMjY1Mi9sb2NhdGlvbnMvdXMtY2VudHJhbDEvb3BlcmF0aW9ucy9vcGVyYXRpb24tMTc2NTk5NzMzMTA0Mi02NDYyYTRiOTc1MGJhLWFmMjYxMWExLTZiNWRkYmQw 200
[debug] [2025-12-17T18:48:53.243Z] <<< [apiv2][body] GET https://cloudfunctions.googleapis.com/v1/operations/cHJvamVjdHMvcm9hZHRyaXAtcm95YWxlLWRldi1kMjY1Mi9sb2NhdGlvbnMvdXMtY2VudHJhbDEvb3BlcmF0aW9ucy9vcGVyYXRpb24tMTc2NTk5NzMzMTA0Mi02NDYyYTRiOTc1MGJhLWFmMjYxMWExLTZiNWRkYmQw {"name":"operations/cHJvamVjdHMvcm9hZHRyaXAtcm95YWxlLWRldi1kMjY1Mi9sb2NhdGlvbnMvdXMtY2VudHJhbDEvb3BlcmF0aW9ucy9vcGVyYXRpb24tMTc2NTk5NzMzMTA0Mi02NDYyYTRiOTc1MGJhLWFmMjYxMWExLTZiNWRkYmQw","metadata":{"@type":"type.googleapis.com/google.cloud.functions.v1.OperationMetadataV1","target":"projects/roadtrip-royale-dev-d2652/locations/us-central1/functions/removeFamilyMember","type":"CREATE_FUNCTION","request":{"@type":"type.googleapis.com/google.cloud.functions.v1.CloudFunction","name":"projects/roadtrip-royale-dev-d2652/locations/us-central1/functions/removeFamilyMember","httpsTrigger":{"securityLevel":"SECURE_ALWAYS"},"entryPoint":"removeFamilyMember","updateTime":"1970-01-01T00:00:00Z","labels":{"deployment-tool":"cli-firebase","deployment-callable":"true","firebase-functions-hash":"7ed776848df965fd162ccf2b17e5157713773c4d"},"sourceUploadUrl":"https://storage.googleapis.com/uploads-995950081560.us-central1.cloudfunctions.appspot.com/d3e4617f-c584-410e-b8fc-d9c3cfc0c12d.zip?GoogleAccessId=service-900272218936@gcf-admin-robot.iam.gserviceaccount.com&Expires=1765999052&Signature=ZVoB%2BvLwqtAEitcDaZMHjVFx971YfVOKBAJlNy57P5EBVNCAPUHzOu4gg6R3cBdkNT0mbkPjDkKJPYMkjY5v4iZ%2BRlnvdGEOqZiSD0sbJ20i0xElss5EV9c7eIoitrkLH5aDhuLwmVX3XLbEyiZpSzy5XK6sK7ikawv%2FxsV5w%2Fy8cfcCG6KSTUXPDvMvMADSzkP25FVuy3gXjrL14zPEd15fMHF5BsU%2F6YmBNTFNFaiR3PxBjbtqRFozdKJEFlyiONvqn3pusSuKEBv3O2uGeIce48wacKz8kvZVlkqv0smUXLO6dqAGsoHoN1zV3dzieFV76WfnPiP36F4UiKeD8w%3D%3D","environmentVariables":{"FIREBASE_CONFIG":"{\"projectId\":\"roadtrip-royale-dev-d2652\",\"storageBucket\":\"roadtrip-royale-dev-d2652.firebasestorage.app\"}","GCLOUD_PROJECT":"roadtrip-royale-dev-d2652","EVENTARC_CLOUD_EVENT_SOURCE":"projects/roadtrip-royale-dev-d2652/locations/us-central1/functions/removeFamilyMember"},"runtime":"nodejs20","buildEnvironmentVariables":{"GOOGLE_NODE_RUN_SCRIPTS":""},"sourceToken":"eac1cfcc-da93-458f-9960-d8d7778c4fbb","dockerRegistry":"ARTIFACT_REGISTRY"},"versionId":"1","updateTime":"2025-12-17T18:48:51.372336156Z","sourceToken":"eac1cfcc-da93-458f-9960-d8d7778c4fbb"}}
[debug] [2025-12-17T18:48:53.243Z] Got source token eac1cfcc-da93-458f-9960-d8d7778c4fbb for region us-central1
[debug] [2025-12-17T18:48:53.255Z] <<< [apiv2][status] GET https://cloudfunctions.googleapis.com/v1/operations/cHJvamVjdHMvcm9hZHRyaXAtcm95YWxlLWRldi1kMjY1Mi9sb2NhdGlvbnMvdXMtY2VudHJhbDEvb3BlcmF0aW9ucy9vcGVyYXRpb24tMTc2NTk5NzMzMTAwMS02NDYyYTRiOTZhZmM2LTU2ZDdlNTE1LTA5MDg3M2Iy 200
[debug] [2025-12-17T18:48:53.255Z] <<< [apiv2][body] GET https://cloudfunctions.googleapis.com/v1/operations/cHJvamVjdHMvcm9hZHRyaXAtcm95YWxlLWRldi1kMjY1Mi9sb2NhdGlvbnMvdXMtY2VudHJhbDEvb3BlcmF0aW9ucy9vcGVyYXRpb24tMTc2NTk5NzMzMTAwMS02NDYyYTRiOTZhZmM2LTU2ZDdlNTE1LTA5MDg3M2Iy {"name":"operations/cHJvamVjdHMvcm9hZHRyaXAtcm95YWxlLWRldi1kMjY1Mi9sb2NhdGlvbnMvdXMtY2VudHJhbDEvb3BlcmF0aW9ucy9vcGVyYXRpb24tMTc2NTk5NzMzMTAwMS02NDYyYTRiOTZhZmM2LTU2ZDdlNTE1LTA5MDg3M2Iy","metadata":{"@type":"type.googleapis.com/google.cloud.functions.v1.OperationMetadataV1","target":"projects/roadtrip-royale-dev-d2652/locations/us-central1/functions/approveFamilyJoinRequest_CaptainStep","type":"CREATE_FUNCTION","request":{"@type":"type.googleapis.com/google.cloud.functions.v1.CloudFunction","name":"projects/roadtrip-royale-dev-d2652/locations/us-central1/functions/approveFamilyJoinRequest_CaptainStep","httpsTrigger":{"securityLevel":"SECURE_ALWAYS"},"entryPoint":"approveFamilyJoinRequest_CaptainStep","updateTime":"1970-01-01T00:00:00Z","labels":{"deployment-tool":"cli-firebase","deployment-callable":"true","firebase-functions-hash":"7ed776848df965fd162ccf2b17e5157713773c4d"},"sourceUploadUrl":"https://storage.googleapis.com/uploads-995950081560.us-central1.cloudfunctions.appspot.com/d3e4617f-c584-410e-b8fc-d9c3cfc0c12d.zip?GoogleAccessId=service-900272218936@gcf-admin-robot.iam.gserviceaccount.com&Expires=1765999052&Signature=ZVoB%2BvLwqtAEitcDaZMHjVFx971YfVOKBAJlNy57P5EBVNCAPUHzOu4gg6R3cBdkNT0mbkPjDkKJPYMkjY5v4iZ%2BRlnvdGEOqZiSD0sbJ20i0xElss5EV9c7eIoitrkLH5aDhuLwmVX3XLbEyiZpSzy5XK6sK7ikawv%2FxsV5w%2Fy8cfcCG6KSTUXPDvMvMADSzkP25FVuy3gXjrL14zPEd15fMHF5BsU%2F6YmBNTFNFaiR3PxBjbtqRFozdKJEFlyiONvqn3pusSuKEBv3O2uGeIce48wacKz8kvZVlkqv0smUXLO6dqAGsoHoN1zV3dzieFV76WfnPiP36F4UiKeD8w%3D%3D","environmentVariables":{"FIREBASE_CONFIG":"{\"projectId\":\"roadtrip-royale-dev-d2652\",\"storageBucket\":\"roadtrip-royale-dev-d2652.firebasestorage.app\"}","GCLOUD_PROJECT":"roadtrip-royale-dev-d2652","EVENTARC_CLOUD_EVENT_SOURCE":"projects/roadtrip-royale-dev-d2652/locations/us-central1/functions/approveFamilyJoinRequest_CaptainStep"},"runtime":"nodejs20","buildEnvironmentVariables":{"GOOGLE_NODE_RUN_SCRIPTS":""},"sourceToken":"eac1cfcc-da93-458f-9960-d8d7778c4fbb","dockerRegistry":"ARTIFACT_REGISTRY"},"versionId":"1","updateTime":"2025-12-17T18:48:51.372448928Z","sourceToken":"eac1cfcc-da93-458f-9960-d8d7778c4fbb"}}
[debug] [2025-12-17T18:48:53.255Z] Got source token eac1cfcc-da93-458f-9960-d8d7778c4fbb for region us-central1
[debug] [2025-12-17T18:48:53.256Z] <<< [apiv2][status] GET https://cloudfunctions.googleapis.com/v1/operations/cHJvamVjdHMvcm9hZHRyaXAtcm95YWxlLWRldi1kMjY1Mi9sb2NhdGlvbnMvdXMtY2VudHJhbDEvb3BlcmF0aW9ucy9vcGVyYXRpb24tMTc2NTk5NzMzMTAwMi02NDYyYTRiOTZiMzE2LWZhZGE0MWQ3LTE2NGM2Njcy 200
[debug] [2025-12-17T18:48:53.256Z] <<< [apiv2][body] GET https://cloudfunctions.googleapis.com/v1/operations/cHJvamVjdHMvcm9hZHRyaXAtcm95YWxlLWRldi1kMjY1Mi9sb2NhdGlvbnMvdXMtY2VudHJhbDEvb3BlcmF0aW9ucy9vcGVyYXRpb24tMTc2NTk5NzMzMTAwMi02NDYyYTRiOTZiMzE2LWZhZGE0MWQ3LTE2NGM2Njcy {"name":"operations/cHJvamVjdHMvcm9hZHRyaXAtcm95YWxlLWRldi1kMjY1Mi9sb2NhdGlvbnMvdXMtY2VudHJhbDEvb3BlcmF0aW9ucy9vcGVyYXRpb24tMTc2NTk5NzMzMTAwMi02NDYyYTRiOTZiMzE2LWZhZGE0MWQ3LTE2NGM2Njcy","metadata":{"@type":"type.googleapis.com/google.cloud.functions.v1.OperationMetadataV1","target":"projects/roadtrip-royale-dev-d2652/locations/us-central1/functions/createFamily","type":"CREATE_FUNCTION","request":{"@type":"type.googleapis.com/google.cloud.functions.v1.CloudFunction","name":"projects/roadtrip-royale-dev-d2652/locations/us-central1/functions/createFamily","httpsTrigger":{"securityLevel":"SECURE_ALWAYS"},"entryPoint":"createFamily","updateTime":"1970-01-01T00:00:00Z","labels":{"deployment-tool":"cli-firebase","deployment-callable":"true","firebase-functions-hash":"7ed776848df965fd162ccf2b17e5157713773c4d"},"sourceUploadUrl":"https://storage.googleapis.com/uploads-995950081560.us-central1.cloudfunctions.appspot.com/d3e4617f-c584-410e-b8fc-d9c3cfc0c12d.zip?GoogleAccessId=service-900272218936@gcf-admin-robot.iam.gserviceaccount.com&Expires=1765999052&Signature=ZVoB%2BvLwqtAEitcDaZMHjVFx971YfVOKBAJlNy57P5EBVNCAPUHzOu4gg6R3cBdkNT0mbkPjDkKJPYMkjY5v4iZ%2BRlnvdGEOqZiSD0sbJ20i0xElss5EV9c7eIoitrkLH5aDhuLwmVX3XLbEyiZpSzy5XK6sK7ikawv%2FxsV5w%2Fy8cfcCG6KSTUXPDvMvMADSzkP25FVuy3gXjrL14zPEd15fMHF5BsU%2F6YmBNTFNFaiR3PxBjbtqRFozdKJEFlyiONvqn3pusSuKEBv3O2uGeIce48wacKz8kvZVlkqv0smUXLO6dqAGsoHoN1zV3dzieFV76WfnPiP36F4UiKeD8w%3D%3D","environmentVariables":{"FIREBASE_CONFIG":"{\"projectId\":\"roadtrip-royale-dev-d2652\",\"storageBucket\":\"roadtrip-royale-dev-d2652.firebasestorage.app\"}","GCLOUD_PROJECT":"roadtrip-royale-dev-d2652","EVENTARC_CLOUD_EVENT_SOURCE":"projects/roadtrip-royale-dev-d2652/locations/us-central1/functions/createFamily"},"runtime":"nodejs20","buildEnvironmentVariables":{"GOOGLE_NODE_RUN_SCRIPTS":""},"sourceToken":"eac1cfcc-da93-458f-9960-d8d7778c4fbb","dockerRegistry":"ARTIFACT_REGISTRY"},"versionId":"1","updateTime":"2025-12-17T18:48:51.415564963Z","sourceToken":"eac1cfcc-da93-458f-9960-d8d7778c4fbb"}}
[debug] [2025-12-17T18:48:53.256Z] Got source token eac1cfcc-da93-458f-9960-d8d7778c4fbb for region us-central1
[debug] [2025-12-17T18:48:53.258Z] [create-default-us-central1-expireInvitesAndCodes] Retrying task index 0
[debug] [2025-12-17T18:48:53.258Z] Checked if tokens are valid: true, expires at: 1766000738358
[debug] [2025-12-17T18:48:53.258Z] Checked if tokens are valid: true, expires at: 1766000738358
[debug] [2025-12-17T18:48:53.258Z] >>> [apiv2][query] GET https://cloudfunctions.googleapis.com/v1/operations/cHJvamVjdHMvcm9hZHRyaXAtcm95YWxlLWRldi1kMjY1Mi9sb2NhdGlvbnMvdXMtY2VudHJhbDEvb3BlcmF0aW9ucy9vcGVyYXRpb24tMTc2NTk5NzMzMTAyOC02NDYyYTRiOTcxYjA1LWFmZTc1MzZmLWUwNmY4OTcw [none]
[debug] [2025-12-17T18:48:53.283Z] <<< [apiv2][status] GET https://cloudfunctions.googleapis.com/v1/operations/cHJvamVjdHMvcm9hZHRyaXAtcm95YWxlLWRldi1kMjY1Mi9sb2NhdGlvbnMvdXMtY2VudHJhbDEvb3BlcmF0aW9ucy9vcGVyYXRpb24tMTc2NTk5NzMzMTA0MC02NDYyYTRiOTc0OTZkLTI5NTAzZGQ1LTc0NGI2NWNl 200
[debug] [2025-12-17T18:48:53.283Z] <<< [apiv2][body] GET https://cloudfunctions.googleapis.com/v1/operations/cHJvamVjdHMvcm9hZHRyaXAtcm95YWxlLWRldi1kMjY1Mi9sb2NhdGlvbnMvdXMtY2VudHJhbDEvb3BlcmF0aW9ucy9vcGVyYXRpb24tMTc2NTk5NzMzMTA0MC02NDYyYTRiOTc0OTZkLTI5NTAzZGQ1LTc0NGI2NWNl {"name":"operations/cHJvamVjdHMvcm9hZHRyaXAtcm95YWxlLWRldi1kMjY1Mi9sb2NhdGlvbnMvdXMtY2VudHJhbDEvb3BlcmF0aW9ucy9vcGVyYXRpb24tMTc2NTk5NzMzMTA0MC02NDYyYTRiOTc0OTZkLTI5NTAzZGQ1LTc0NGI2NWNl","metadata":{"@type":"type.googleapis.com/google.cloud.functions.v1.OperationMetadataV1","target":"projects/roadtrip-royale-dev-d2652/locations/us-central1/functions/respondToFamilyInvite_UserStep","type":"CREATE_FUNCTION","request":{"@type":"type.googleapis.com/google.cloud.functions.v1.CloudFunction","name":"projects/roadtrip-royale-dev-d2652/locations/us-central1/functions/respondToFamilyInvite_UserStep","httpsTrigger":{"securityLevel":"SECURE_ALWAYS"},"entryPoint":"respondToFamilyInvite_UserStep","updateTime":"1970-01-01T00:00:00Z","labels":{"deployment-tool":"cli-firebase","deployment-callable":"true","firebase-functions-hash":"7ed776848df965fd162ccf2b17e5157713773c4d"},"sourceUploadUrl":"https://storage.googleapis.com/uploads-995950081560.us-central1.cloudfunctions.appspot.com/d3e4617f-c584-410e-b8fc-d9c3cfc0c12d.zip?GoogleAccessId=service-900272218936@gcf-admin-robot.iam.gserviceaccount.com&Expires=1765999052&Signature=ZVoB%2BvLwqtAEitcDaZMHjVFx971YfVOKBAJlNy57P5EBVNCAPUHzOu4gg6R3cBdkNT0mbkPjDkKJPYMkjY5v4iZ%2BRlnvdGEOqZiSD0sbJ20i0xElss5EV9c7eIoitrkLH5aDhuLwmVX3XLbEyiZpSzy5XK6sK7ikawv%2FxsV5w%2Fy8cfcCG6KSTUXPDvMvMADSzkP25FVuy3gXjrL14zPEd15fMHF5BsU%2F6YmBNTFNFaiR3PxBjbtqRFozdKJEFlyiONvqn3pusSuKEBv3O2uGeIce48wacKz8kvZVlkqv0smUXLO6dqAGsoHoN1zV3dzieFV76WfnPiP36F4UiKeD8w%3D%3D","environmentVariables":{"FIREBASE_CONFIG":"{\"projectId\":\"roadtrip-royale-dev-d2652\",\"storageBucket\":\"roadtrip-royale-dev-d2652.firebasestorage.app\"}","GCLOUD_PROJECT":"roadtrip-royale-dev-d2652","EVENTARC_CLOUD_EVENT_SOURCE":"projects/roadtrip-royale-dev-d2652/locations/us-central1/functions/respondToFamilyInvite_UserStep"},"runtime":"nodejs20","buildEnvironmentVariables":{"GOOGLE_NODE_RUN_SCRIPTS":""},"sourceToken":"eac1cfcc-da93-458f-9960-d8d7778c4fbb","dockerRegistry":"ARTIFACT_REGISTRY"},"versionId":"1","updateTime":"2025-12-17T18:48:51.423889349Z","sourceToken":"eac1cfcc-da93-458f-9960-d8d7778c4fbb"}}
[debug] [2025-12-17T18:48:53.283Z] Got source token eac1cfcc-da93-458f-9960-d8d7778c4fbb for region us-central1
[debug] [2025-12-17T18:48:53.287Z] <<< [apiv2][status] GET https://cloudfunctions.googleapis.com/v1/operations/cHJvamVjdHMvcm9hZHRyaXAtcm95YWxlLWRldi1kMjY1Mi9sb2NhdGlvbnMvdXMtY2VudHJhbDEvb3BlcmF0aW9ucy9vcGVyYXRpb24tMTc2NTk5NzMzMTAxNC02NDYyYTRiOTZlMTdlLWY5YjNjZTFlLWYwOTQ3NDc2 200
[debug] [2025-12-17T18:48:53.287Z] <<< [apiv2][body] GET https://cloudfunctions.googleapis.com/v1/operations/cHJvamVjdHMvcm9hZHRyaXAtcm95YWxlLWRldi1kMjY1Mi9sb2NhdGlvbnMvdXMtY2VudHJhbDEvb3BlcmF0aW9ucy9vcGVyYXRpb24tMTc2NTk5NzMzMTAxNC02NDYyYTRiOTZlMTdlLWY5YjNjZTFlLWYwOTQ3NDc2 {"name":"operations/cHJvamVjdHMvcm9hZHRyaXAtcm95YWxlLWRldi1kMjY1Mi9sb2NhdGlvbnMvdXMtY2VudHJhbDEvb3BlcmF0aW9ucy9vcGVyYXRpb24tMTc2NTk5NzMzMTAxNC02NDYyYTRiOTZlMTdlLWY5YjNjZTFlLWYwOTQ3NDc2","metadata":{"@type":"type.googleapis.com/google.cloud.functions.v1.OperationMetadataV1","target":"projects/roadtrip-royale-dev-d2652/locations/us-central1/functions/onAuthUserDeleted","type":"CREATE_FUNCTION","request":{"@type":"type.googleapis.com/google.cloud.functions.v1.CloudFunction","name":"projects/roadtrip-royale-dev-d2652/locations/us-central1/functions/onAuthUserDeleted","eventTrigger":{"eventType":"providers/firebase.auth/eventTypes/user.delete","resource":"projects/roadtrip-royale-dev-d2652","failurePolicy":{}},"entryPoint":"onAuthUserDeleted","updateTime":"1970-01-01T00:00:00Z","labels":{"deployment-tool":"cli-firebase","firebase-functions-hash":"7ed776848df965fd162ccf2b17e5157713773c4d"},"sourceUploadUrl":"https://storage.googleapis.com/uploads-995950081560.us-central1.cloudfunctions.appspot.com/d3e4617f-c584-410e-b8fc-d9c3cfc0c12d.zip?GoogleAccessId=service-900272218936@gcf-admin-robot.iam.gserviceaccount.com&Expires=1765999052&Signature=ZVoB%2BvLwqtAEitcDaZMHjVFx971YfVOKBAJlNy57P5EBVNCAPUHzOu4gg6R3cBdkNT0mbkPjDkKJPYMkjY5v4iZ%2BRlnvdGEOqZiSD0sbJ20i0xElss5EV9c7eIoitrkLH5aDhuLwmVX3XLbEyiZpSzy5XK6sK7ikawv%2FxsV5w%2Fy8cfcCG6KSTUXPDvMvMADSzkP25FVuy3gXjrL14zPEd15fMHF5BsU%2F6YmBNTFNFaiR3PxBjbtqRFozdKJEFlyiONvqn3pusSuKEBv3O2uGeIce48wacKz8kvZVlkqv0smUXLO6dqAGsoHoN1zV3dzieFV76WfnPiP36F4UiKeD8w%3D%3D","environmentVariables":{"FIREBASE_CONFIG":"{\"projectId\":\"roadtrip-royale-dev-d2652\",\"storageBucket\":\"roadtrip-royale-dev-d2652.firebasestorage.app\"}","GCLOUD_PROJECT":"roadtrip-royale-dev-d2652","EVENTARC_CLOUD_EVENT_SOURCE":"projects/roadtrip-royale-dev-d2652/locations/us-central1/functions/onAuthUserDeleted"},"runtime":"nodejs20","buildEnvironmentVariables":{"GOOGLE_NODE_RUN_SCRIPTS":""},"sourceToken":"eac1cfcc-da93-458f-9960-d8d7778c4fbb","dockerRegistry":"ARTIFACT_REGISTRY"},"versionId":"1","updateTime":"2025-12-17T18:48:51.394815298Z","sourceToken":"eac1cfcc-da93-458f-9960-d8d7778c4fbb"}}
[debug] [2025-12-17T18:48:53.287Z] Got source token eac1cfcc-da93-458f-9960-d8d7778c4fbb for region us-central1
[debug] [2025-12-17T18:48:53.292Z] <<< [apiv2][status] GET https://cloudfunctions.googleapis.com/v1/operations/cHJvamVjdHMvcm9hZHRyaXAtcm95YWxlLWRldi1kMjY1Mi9sb2NhdGlvbnMvdXMtY2VudHJhbDEvb3BlcmF0aW9ucy9vcGVyYXRpb24tMTc2NTk5NzMzMTAwMi02NDYyYTRiOTZiM2VmLWU2MzZhOWRkLTIyYTc4MWU1 200
[debug] [2025-12-17T18:48:53.292Z] <<< [apiv2][body] GET https://cloudfunctions.googleapis.com/v1/operations/cHJvamVjdHMvcm9hZHRyaXAtcm95YWxlLWRldi1kMjY1Mi9sb2NhdGlvbnMvdXMtY2VudHJhbDEvb3BlcmF0aW9ucy9vcGVyYXRpb24tMTc2NTk5NzMzMTAwMi02NDYyYTRiOTZiM2VmLWU2MzZhOWRkLTIyYTc4MWU1 {"name":"operations/cHJvamVjdHMvcm9hZHRyaXAtcm95YWxlLWRldi1kMjY1Mi9sb2NhdGlvbnMvdXMtY2VudHJhbDEvb3BlcmF0aW9ucy9vcGVyYXRpb24tMTc2NTk5NzMzMTAwMi02NDYyYTRiOTZiM2VmLWU2MzZhOWRkLTIyYTc4MWU1","metadata":{"@type":"type.googleapis.com/google.cloud.functions.v1.OperationMetadataV1","target":"projects/roadtrip-royale-dev-d2652/locations/us-central1/functions/respondToFriendInvite","type":"CREATE_FUNCTION","request":{"@type":"type.googleapis.com/google.cloud.functions.v1.CloudFunction","name":"projects/roadtrip-royale-dev-d2652/locations/us-central1/functions/respondToFriendInvite","httpsTrigger":{"securityLevel":"SECURE_ALWAYS"},"entryPoint":"respondToFriendInvite","updateTime":"1970-01-01T00:00:00Z","labels":{"deployment-tool":"cli-firebase","deployment-callable":"true","firebase-functions-hash":"7ed776848df965fd162ccf2b17e5157713773c4d"},"sourceUploadUrl":"https://storage.googleapis.com/uploads-995950081560.us-central1.cloudfunctions.appspot.com/d3e4617f-c584-410e-b8fc-d9c3cfc0c12d.zip?GoogleAccessId=service-900272218936@gcf-admin-robot.iam.gserviceaccount.com&Expires=1765999052&Signature=ZVoB%2BvLwqtAEitcDaZMHjVFx971YfVOKBAJlNy57P5EBVNCAPUHzOu4gg6R3cBdkNT0mbkPjDkKJPYMkjY5v4iZ%2BRlnvdGEOqZiSD0sbJ20i0xElss5EV9c7eIoitrkLH5aDhuLwmVX3XLbEyiZpSzy5XK6sK7ikawv%2FxsV5w%2Fy8cfcCG6KSTUXPDvMvMADSzkP25FVuy3gXjrL14zPEd15fMHF5BsU%2F6YmBNTFNFaiR3PxBjbtqRFozdKJEFlyiONvqn3pusSuKEBv3O2uGeIce48wacKz8kvZVlkqv0smUXLO6dqAGsoHoN1zV3dzieFV76WfnPiP36F4UiKeD8w%3D%3D","environmentVariables":{"FIREBASE_CONFIG":"{\"projectId\":\"roadtrip-royale-dev-d2652\",\"storageBucket\":\"roadtrip-royale-dev-d2652.firebasestorage.app\"}","GCLOUD_PROJECT":"roadtrip-royale-dev-d2652","EVENTARC_CLOUD_EVENT_SOURCE":"projects/roadtrip-royale-dev-d2652/locations/us-central1/functions/respondToFriendInvite"},"runtime":"nodejs20","buildEnvironmentVariables":{"GOOGLE_NODE_RUN_SCRIPTS":""},"sourceToken":"eac1cfcc-da93-458f-9960-d8d7778c4fbb","dockerRegistry":"ARTIFACT_REGISTRY"},"versionId":"1","updateTime":"2025-12-17T18:48:51.358298964Z","sourceToken":"eac1cfcc-da93-458f-9960-d8d7778c4fbb"}}
[debug] [2025-12-17T18:48:53.292Z] Got source token eac1cfcc-da93-458f-9960-d8d7778c4fbb for region us-central1
[debug] [2025-12-17T18:48:53.326Z] <<< [apiv2][status] GET https://cloudfunctions.googleapis.com/v1/operations/cHJvamVjdHMvcm9hZHRyaXAtcm95YWxlLWRldi1kMjY1Mi9sb2NhdGlvbnMvdXMtY2VudHJhbDEvb3BlcmF0aW9ucy9vcGVyYXRpb24tMTc2NTk5NzMzMTA0Mi02NDYyYTRiOTc1MDQwLWM0ZGExOWZhLTZkYWMyNDA5 200
[debug] [2025-12-17T18:48:53.326Z] <<< [apiv2][body] GET https://cloudfunctions.googleapis.com/v1/operations/cHJvamVjdHMvcm9hZHRyaXAtcm95YWxlLWRldi1kMjY1Mi9sb2NhdGlvbnMvdXMtY2VudHJhbDEvb3BlcmF0aW9ucy9vcGVyYXRpb24tMTc2NTk5NzMzMTA0Mi02NDYyYTRiOTc1MDQwLWM0ZGExOWZhLTZkYWMyNDA5 {"name":"operations/cHJvamVjdHMvcm9hZHRyaXAtcm95YWxlLWRldi1kMjY1Mi9sb2NhdGlvbnMvdXMtY2VudHJhbDEvb3BlcmF0aW9ucy9vcGVyYXRpb24tMTc2NTk5NzMzMTA0Mi02NDYyYTRiOTc1MDQwLWM0ZGExOWZhLTZkYWMyNDA5","metadata":{"@type":"type.googleapis.com/google.cloud.functions.v1.OperationMetadataV1","target":"projects/roadtrip-royale-dev-d2652/locations/us-central1/functions/sendFriendInvite","type":"CREATE_FUNCTION","request":{"@type":"type.googleapis.com/google.cloud.functions.v1.CloudFunction","name":"projects/roadtrip-royale-dev-d2652/locations/us-central1/functions/sendFriendInvite","httpsTrigger":{"securityLevel":"SECURE_ALWAYS"},"entryPoint":"sendFriendInvite","updateTime":"1970-01-01T00:00:00Z","labels":{"deployment-tool":"cli-firebase","deployment-callable":"true","firebase-functions-hash":"7ed776848df965fd162ccf2b17e5157713773c4d"},"sourceUploadUrl":"https://storage.googleapis.com/uploads-995950081560.us-central1.cloudfunctions.appspot.com/d3e4617f-c584-410e-b8fc-d9c3cfc0c12d.zip?GoogleAccessId=service-900272218936@gcf-admin-robot.iam.gserviceaccount.com&Expires=1765999052&Signature=ZVoB%2BvLwqtAEitcDaZMHjVFx971YfVOKBAJlNy57P5EBVNCAPUHzOu4gg6R3cBdkNT0mbkPjDkKJPYMkjY5v4iZ%2BRlnvdGEOqZiSD0sbJ20i0xElss5EV9c7eIoitrkLH5aDhuLwmVX3XLbEyiZpSzy5XK6sK7ikawv%2FxsV5w%2Fy8cfcCG6KSTUXPDvMvMADSzkP25FVuy3gXjrL14zPEd15fMHF5BsU%2F6YmBNTFNFaiR3PxBjbtqRFozdKJEFlyiONvqn3pusSuKEBv3O2uGeIce48wacKz8kvZVlkqv0smUXLO6dqAGsoHoN1zV3dzieFV76WfnPiP36F4UiKeD8w%3D%3D","environmentVariables":{"FIREBASE_CONFIG":"{\"projectId\":\"roadtrip-royale-dev-d2652\",\"storageBucket\":\"roadtrip-royale-dev-d2652.firebasestorage.app\"}","GCLOUD_PROJECT":"roadtrip-royale-dev-d2652","EVENTARC_CLOUD_EVENT_SOURCE":"projects/roadtrip-royale-dev-d2652/locations/us-central1/functions/sendFriendInvite"},"runtime":"nodejs20","buildEnvironmentVariables":{"GOOGLE_NODE_RUN_SCRIPTS":""},"sourceToken":"eac1cfcc-da93-458f-9960-d8d7778c4fbb","dockerRegistry":"ARTIFACT_REGISTRY"},"versionId":"1","updateTime":"2025-12-17T18:48:51.380398411Z","sourceToken":"eac1cfcc-da93-458f-9960-d8d7778c4fbb"}}
[debug] [2025-12-17T18:48:53.326Z] Got source token eac1cfcc-da93-458f-9960-d8d7778c4fbb for region us-central1
[debug] [2025-12-17T18:48:53.362Z] <<< [apiv2][status] GET https://cloudfunctions.googleapis.com/v1/operations/cHJvamVjdHMvcm9hZHRyaXAtcm95YWxlLWRldi1kMjY1Mi9sb2NhdGlvbnMvdXMtY2VudHJhbDEvb3BlcmF0aW9ucy9vcGVyYXRpb24tMTc2NTk5NzMzMTAzNi02NDYyYTRiOTczN2E5LTY5OWVmNjE2LWI1NTkyODI1 200
[debug] [2025-12-17T18:48:53.362Z] <<< [apiv2][body] GET https://cloudfunctions.googleapis.com/v1/operations/cHJvamVjdHMvcm9hZHRyaXAtcm95YWxlLWRldi1kMjY1Mi9sb2NhdGlvbnMvdXMtY2VudHJhbDEvb3BlcmF0aW9ucy9vcGVyYXRpb24tMTc2NTk5NzMzMTAzNi02NDYyYTRiOTczN2E5LTY5OWVmNjE2LWI1NTkyODI1 {"name":"operations/cHJvamVjdHMvcm9hZHRyaXAtcm95YWxlLWRldi1kMjY1Mi9sb2NhdGlvbnMvdXMtY2VudHJhbDEvb3BlcmF0aW9ucy9vcGVyYXRpb24tMTc2NTk5NzMzMTAzNi02NDYyYTRiOTczN2E5LTY5OWVmNjE2LWI1NTkyODI1","metadata":{"@type":"type.googleapis.com/google.cloud.functions.v1.OperationMetadataV1","target":"projects/roadtrip-royale-dev-d2652/locations/us-central1/functions/sendFamilyInvite","type":"CREATE_FUNCTION","request":{"@type":"type.googleapis.com/google.cloud.functions.v1.CloudFunction","name":"projects/roadtrip-royale-dev-d2652/locations/us-central1/functions/sendFamilyInvite","httpsTrigger":{"securityLevel":"SECURE_ALWAYS"},"entryPoint":"sendFamilyInvite","updateTime":"1970-01-01T00:00:00Z","labels":{"deployment-tool":"cli-firebase","deployment-callable":"true","firebase-functions-hash":"7ed776848df965fd162ccf2b17e5157713773c4d"},"sourceUploadUrl":"https://storage.googleapis.com/uploads-995950081560.us-central1.cloudfunctions.appspot.com/d3e4617f-c584-410e-b8fc-d9c3cfc0c12d.zip?GoogleAccessId=service-900272218936@gcf-admin-robot.iam.gserviceaccount.com&Expires=1765999052&Signature=ZVoB%2BvLwqtAEitcDaZMHjVFx971YfVOKBAJlNy57P5EBVNCAPUHzOu4gg6R3cBdkNT0mbkPjDkKJPYMkjY5v4iZ%2BRlnvdGEOqZiSD0sbJ20i0xElss5EV9c7eIoitrkLH5aDhuLwmVX3XLbEyiZpSzy5XK6sK7ikawv%2FxsV5w%2Fy8cfcCG6KSTUXPDvMvMADSzkP25FVuy3gXjrL14zPEd15fMHF5BsU%2F6YmBNTFNFaiR3PxBjbtqRFozdKJEFlyiONvqn3pusSuKEBv3O2uGeIce48wacKz8kvZVlkqv0smUXLO6dqAGsoHoN1zV3dzieFV76WfnPiP36F4UiKeD8w%3D%3D","environmentVariables":{"FIREBASE_CONFIG":"{\"projectId\":\"roadtrip-royale-dev-d2652\",\"storageBucket\":\"roadtrip-royale-dev-d2652.firebasestorage.app\"}","GCLOUD_PROJECT":"roadtrip-royale-dev-d2652","EVENTARC_CLOUD_EVENT_SOURCE":"projects/roadtrip-royale-dev-d2652/locations/us-central1/functions/sendFamilyInvite"},"runtime":"nodejs20","buildEnvironmentVariables":{"GOOGLE_NODE_RUN_SCRIPTS":""},"sourceToken":"eac1cfcc-da93-458f-9960-d8d7778c4fbb","dockerRegistry":"ARTIFACT_REGISTRY"},"versionId":"1","updateTime":"2025-12-17T18:48:51.408666717Z","sourceToken":"eac1cfcc-da93-458f-9960-d8d7778c4fbb"}}
[debug] [2025-12-17T18:48:53.362Z] Got source token eac1cfcc-da93-458f-9960-d8d7778c4fbb for region us-central1
[debug] [2025-12-17T18:48:53.399Z] <<< [apiv2][status] GET https://cloudfunctions.googleapis.com/v1/operations/cHJvamVjdHMvcm9hZHRyaXAtcm95YWxlLWRldi1kMjY1Mi9sb2NhdGlvbnMvdXMtY2VudHJhbDEvb3BlcmF0aW9ucy9vcGVyYXRpb24tMTc2NTk5NzMzMDk3MC02NDYyYTRiOTYzNWI5LTk2MDgyYjY2LWE0MzE2Zjdj 200
[debug] [2025-12-17T18:48:53.399Z] <<< [apiv2][body] GET https://cloudfunctions.googleapis.com/v1/operations/cHJvamVjdHMvcm9hZHRyaXAtcm95YWxlLWRldi1kMjY1Mi9sb2NhdGlvbnMvdXMtY2VudHJhbDEvb3BlcmF0aW9ucy9vcGVyYXRpb24tMTc2NTk5NzMzMDk3MC02NDYyYTRiOTYzNWI5LTk2MDgyYjY2LWE0MzE2Zjdj {"name":"operations/cHJvamVjdHMvcm9hZHRyaXAtcm95YWxlLWRldi1kMjY1Mi9sb2NhdGlvbnMvdXMtY2VudHJhbDEvb3BlcmF0aW9ucy9vcGVyYXRpb24tMTc2NTk5NzMzMDk3MC02NDYyYTRiOTYzNWI5LTk2MDgyYjY2LWE0MzE2Zjdj","metadata":{"@type":"type.googleapis.com/google.cloud.functions.v1.OperationMetadataV1","target":"projects/roadtrip-royale-dev-d2652/locations/us-central1/functions/redeemShareCode","type":"CREATE_FUNCTION","request":{"@type":"type.googleapis.com/google.cloud.functions.v1.CloudFunction","name":"projects/roadtrip-royale-dev-d2652/locations/us-central1/functions/redeemShareCode","httpsTrigger":{"securityLevel":"SECURE_ALWAYS"},"entryPoint":"redeemShareCode","updateTime":"1970-01-01T00:00:00Z","labels":{"deployment-tool":"cli-firebase","deployment-callable":"true","firebase-functions-hash":"7ed776848df965fd162ccf2b17e5157713773c4d"},"sourceUploadUrl":"https://storage.googleapis.com/uploads-995950081560.us-central1.cloudfunctions.appspot.com/d3e4617f-c584-410e-b8fc-d9c3cfc0c12d.zip?GoogleAccessId=service-900272218936@gcf-admin-robot.iam.gserviceaccount.com&Expires=1765999052&Signature=ZVoB%2BvLwqtAEitcDaZMHjVFx971YfVOKBAJlNy57P5EBVNCAPUHzOu4gg6R3cBdkNT0mbkPjDkKJPYMkjY5v4iZ%2BRlnvdGEOqZiSD0sbJ20i0xElss5EV9c7eIoitrkLH5aDhuLwmVX3XLbEyiZpSzy5XK6sK7ikawv%2FxsV5w%2Fy8cfcCG6KSTUXPDvMvMADSzkP25FVuy3gXjrL14zPEd15fMHF5BsU%2F6YmBNTFNFaiR3PxBjbtqRFozdKJEFlyiONvqn3pusSuKEBv3O2uGeIce48wacKz8kvZVlkqv0smUXLO6dqAGsoHoN1zV3dzieFV76WfnPiP36F4UiKeD8w%3D%3D","environmentVariables":{"FIREBASE_CONFIG":"{\"projectId\":\"roadtrip-royale-dev-d2652\",\"storageBucket\":\"roadtrip-royale-dev-d2652.firebasestorage.app\"}","GCLOUD_PROJECT":"roadtrip-royale-dev-d2652","EVENTARC_CLOUD_EVENT_SOURCE":"projects/roadtrip-royale-dev-d2652/locations/us-central1/functions/redeemShareCode"},"runtime":"nodejs20","buildEnvironmentVariables":{"GOOGLE_NODE_RUN_SCRIPTS":""},"sourceToken":"eac1cfcc-da93-458f-9960-d8d7778c4fbb","dockerRegistry":"ARTIFACT_REGISTRY"},"versionId":"1","updateTime":"2025-12-17T18:48:51.336976200Z","sourceToken":"eac1cfcc-da93-458f-9960-d8d7778c4fbb"}}
[debug] [2025-12-17T18:48:53.399Z] Got source token eac1cfcc-da93-458f-9960-d8d7778c4fbb for region us-central1
[debug] [2025-12-17T18:48:53.425Z] <<< [apiv2][status] GET https://cloudfunctions.googleapis.com/v1/operations/cHJvamVjdHMvcm9hZHRyaXAtcm95YWxlLWRldi1kMjY1Mi9sb2NhdGlvbnMvdXMtY2VudHJhbDEvb3BlcmF0aW9ucy9vcGVyYXRpb24tMTc2NTk5NzMzMTAyOC02NDYyYTRiOTcxYjA1LWFmZTc1MzZmLWUwNmY4OTcw 200
[debug] [2025-12-17T18:48:53.425Z] <<< [apiv2][body] GET https://cloudfunctions.googleapis.com/v1/operations/cHJvamVjdHMvcm9hZHRyaXAtcm95YWxlLWRldi1kMjY1Mi9sb2NhdGlvbnMvdXMtY2VudHJhbDEvb3BlcmF0aW9ucy9vcGVyYXRpb24tMTc2NTk5NzMzMTAyOC02NDYyYTRiOTcxYjA1LWFmZTc1MzZmLWUwNmY4OTcw {"name":"operations/cHJvamVjdHMvcm9hZHRyaXAtcm95YWxlLWRldi1kMjY1Mi9sb2NhdGlvbnMvdXMtY2VudHJhbDEvb3BlcmF0aW9ucy9vcGVyYXRpb24tMTc2NTk5NzMzMTAyOC02NDYyYTRiOTcxYjA1LWFmZTc1MzZmLWUwNmY4OTcw","metadata":{"@type":"type.googleapis.com/google.cloud.functions.v1.OperationMetadataV1","target":"projects/roadtrip-royale-dev-d2652/locations/us-central1/functions/expireInvitesAndCodes","type":"CREATE_FUNCTION","request":{"@type":"type.googleapis.com/google.cloud.functions.v1.CloudFunction","name":"projects/roadtrip-royale-dev-d2652/locations/us-central1/functions/expireInvitesAndCodes","eventTrigger":{"eventType":"google.pubsub.topic.publish","resource":"projects/roadtrip-royale-dev-d2652/topics/firebase-schedule-expireInvitesAndCodes-us-central1","failurePolicy":{}},"entryPoint":"expireInvitesAndCodes","updateTime":"1970-01-01T00:00:00Z","labels":{"deployment-tool":"cli-firebase","deployment-scheduled":"true","firebase-functions-hash":"7ed776848df965fd162ccf2b17e5157713773c4d"},"sourceUploadUrl":"https://storage.googleapis.com/uploads-995950081560.us-central1.cloudfunctions.appspot.com/d3e4617f-c584-410e-b8fc-d9c3cfc0c12d.zip?GoogleAccessId=service-900272218936@gcf-admin-robot.iam.gserviceaccount.com&Expires=1765999052&Signature=ZVoB%2BvLwqtAEitcDaZMHjVFx971YfVOKBAJlNy57P5EBVNCAPUHzOu4gg6R3cBdkNT0mbkPjDkKJPYMkjY5v4iZ%2BRlnvdGEOqZiSD0sbJ20i0xElss5EV9c7eIoitrkLH5aDhuLwmVX3XLbEyiZpSzy5XK6sK7ikawv%2FxsV5w%2Fy8cfcCG6KSTUXPDvMvMADSzkP25FVuy3gXjrL14zPEd15fMHF5BsU%2F6YmBNTFNFaiR3PxBjbtqRFozdKJEFlyiONvqn3pusSuKEBv3O2uGeIce48wacKz8kvZVlkqv0smUXLO6dqAGsoHoN1zV3dzieFV76WfnPiP36F4UiKeD8w%3D%3D","environmentVariables":{"FIREBASE_CONFIG":"{\"projectId\":\"roadtrip-royale-dev-d2652\",\"storageBucket\":\"roadtrip-royale-dev-d2652.firebasestorage.app\"}","GCLOUD_PROJECT":"roadtrip-royale-dev-d2652","EVENTARC_CLOUD_EVENT_SOURCE":"projects/roadtrip-royale-dev-d2652/locations/us-central1/functions/expireInvitesAndCodes"},"runtime":"nodejs20","buildEnvironmentVariables":{"GOOGLE_NODE_RUN_SCRIPTS":""},"sourceToken":"eac1cfcc-da93-458f-9960-d8d7778c4fbb","dockerRegistry":"ARTIFACT_REGISTRY"},"versionId":"1","updateTime":"2025-12-17T18:48:51.386885577Z","sourceToken":"eac1cfcc-da93-458f-9960-d8d7778c4fbb"}}
[debug] [2025-12-17T18:48:53.425Z] Got source token eac1cfcc-da93-458f-9960-d8d7778c4fbb for region us-central1
[debug] [2025-12-17T18:48:55.179Z] [create-default-us-central1-changeFamilyMemberRole] Retrying task index 0
[debug] [2025-12-17T18:48:55.179Z] Checked if tokens are valid: true, expires at: 1766000738358
[debug] [2025-12-17T18:48:55.179Z] Checked if tokens are valid: true, expires at: 1766000738358
[debug] [2025-12-17T18:48:55.179Z] >>> [apiv2][query] GET https://cloudfunctions.googleapis.com/v1/operations/cHJvamVjdHMvcm9hZHRyaXAtcm95YWxlLWRldi1kMjY1Mi9sb2NhdGlvbnMvdXMtY2VudHJhbDEvb3BlcmF0aW9ucy9vcGVyYXRpb24tMTc2NTk5NzMzMDk3MS02NDYyYTRiOTYzYmQ1LTMxOWQwMWY2LTQwYTM0YzY3 [none]
[debug] [2025-12-17T18:48:55.244Z] [create-default-us-central1-removeFamilyMember] Retrying task index 0
[debug] [2025-12-17T18:48:55.244Z] Checked if tokens are valid: true, expires at: 1766000738358
[debug] [2025-12-17T18:48:55.244Z] Checked if tokens are valid: true, expires at: 1766000738358
[debug] [2025-12-17T18:48:55.245Z] >>> [apiv2][query] GET https://cloudfunctions.googleapis.com/v1/operations/cHJvamVjdHMvcm9hZHRyaXAtcm95YWxlLWRldi1kMjY1Mi9sb2NhdGlvbnMvdXMtY2VudHJhbDEvb3BlcmF0aW9ucy9vcGVyYXRpb24tMTc2NTk5NzMzMTA0Mi02NDYyYTRiOTc1MGJhLWFmMjYxMWExLTZiNWRkYmQw [none]
[debug] [2025-12-17T18:48:55.258Z] [create-default-us-central1-approveFamilyJoinRequest_CaptainStep] Retrying task index 0
[debug] [2025-12-17T18:48:55.259Z] Checked if tokens are valid: true, expires at: 1766000738358
[debug] [2025-12-17T18:48:55.259Z] Checked if tokens are valid: true, expires at: 1766000738358
[debug] [2025-12-17T18:48:55.259Z] >>> [apiv2][query] GET https://cloudfunctions.googleapis.com/v1/operations/cHJvamVjdHMvcm9hZHRyaXAtcm95YWxlLWRldi1kMjY1Mi9sb2NhdGlvbnMvdXMtY2VudHJhbDEvb3BlcmF0aW9ucy9vcGVyYXRpb24tMTc2NTk5NzMzMTAwMS02NDYyYTRiOTZhZmM2LTU2ZDdlNTE1LTA5MDg3M2Iy [none]
[debug] [2025-12-17T18:48:55.260Z] [create-default-us-central1-createFamily] Retrying task index 0
[debug] [2025-12-17T18:48:55.260Z] Checked if tokens are valid: true, expires at: 1766000738358
[debug] [2025-12-17T18:48:55.260Z] Checked if tokens are valid: true, expires at: 1766000738358
[debug] [2025-12-17T18:48:55.260Z] >>> [apiv2][query] GET https://cloudfunctions.googleapis.com/v1/operations/cHJvamVjdHMvcm9hZHRyaXAtcm95YWxlLWRldi1kMjY1Mi9sb2NhdGlvbnMvdXMtY2VudHJhbDEvb3BlcmF0aW9ucy9vcGVyYXRpb24tMTc2NTk5NzMzMTAwMi02NDYyYTRiOTZiMzE2LWZhZGE0MWQ3LTE2NGM2Njcy [none]
[debug] [2025-12-17T18:48:55.284Z] [create-default-us-central1-respondToFamilyInvite_UserStep] Retrying task index 0
[debug] [2025-12-17T18:48:55.285Z] Checked if tokens are valid: true, expires at: 1766000738358
[debug] [2025-12-17T18:48:55.285Z] Checked if tokens are valid: true, expires at: 1766000738358
[debug] [2025-12-17T18:48:55.285Z] >>> [apiv2][query] GET https://cloudfunctions.googleapis.com/v1/operations/cHJvamVjdHMvcm9hZHRyaXAtcm95YWxlLWRldi1kMjY1Mi9sb2NhdGlvbnMvdXMtY2VudHJhbDEvb3BlcmF0aW9ucy9vcGVyYXRpb24tMTc2NTk5NzMzMTA0MC02NDYyYTRiOTc0OTZkLTI5NTAzZGQ1LTc0NGI2NWNl [none]
[debug] [2025-12-17T18:48:55.288Z] [create-default-us-central1-onAuthUserDeleted] Retrying task index 0
[debug] [2025-12-17T18:48:55.288Z] Checked if tokens are valid: true, expires at: 1766000738358
[debug] [2025-12-17T18:48:55.288Z] Checked if tokens are valid: true, expires at: 1766000738358
[debug] [2025-12-17T18:48:55.288Z] >>> [apiv2][query] GET https://cloudfunctions.googleapis.com/v1/operations/cHJvamVjdHMvcm9hZHRyaXAtcm95YWxlLWRldi1kMjY1Mi9sb2NhdGlvbnMvdXMtY2VudHJhbDEvb3BlcmF0aW9ucy9vcGVyYXRpb24tMTc2NTk5NzMzMTAxNC02NDYyYTRiOTZlMTdlLWY5YjNjZTFlLWYwOTQ3NDc2 [none]
[debug] [2025-12-17T18:48:55.290Z] <<< [apiv2][status] GET https://cloudfunctions.googleapis.com/v1/operations/cHJvamVjdHMvcm9hZHRyaXAtcm95YWxlLWRldi1kMjY1Mi9sb2NhdGlvbnMvdXMtY2VudHJhbDEvb3BlcmF0aW9ucy9vcGVyYXRpb24tMTc2NTk5NzMzMDk3MS02NDYyYTRiOTYzYmQ1LTMxOWQwMWY2LTQwYTM0YzY3 200
[debug] [2025-12-17T18:48:55.290Z] <<< [apiv2][body] GET https://cloudfunctions.googleapis.com/v1/operations/cHJvamVjdHMvcm9hZHRyaXAtcm95YWxlLWRldi1kMjY1Mi9sb2NhdGlvbnMvdXMtY2VudHJhbDEvb3BlcmF0aW9ucy9vcGVyYXRpb24tMTc2NTk5NzMzMDk3MS02NDYyYTRiOTYzYmQ1LTMxOWQwMWY2LTQwYTM0YzY3 {"name":"operations/cHJvamVjdHMvcm9hZHRyaXAtcm95YWxlLWRldi1kMjY1Mi9sb2NhdGlvbnMvdXMtY2VudHJhbDEvb3BlcmF0aW9ucy9vcGVyYXRpb24tMTc2NTk5NzMzMDk3MS02NDYyYTRiOTYzYmQ1LTMxOWQwMWY2LTQwYTM0YzY3","metadata":{"@type":"type.googleapis.com/google.cloud.functions.v1.OperationMetadataV1","target":"projects/roadtrip-royale-dev-d2652/locations/us-central1/functions/changeFamilyMemberRole","type":"CREATE_FUNCTION","request":{"@type":"type.googleapis.com/google.cloud.functions.v1.CloudFunction","name":"projects/roadtrip-royale-dev-d2652/locations/us-central1/functions/changeFamilyMemberRole","httpsTrigger":{"securityLevel":"SECURE_ALWAYS"},"entryPoint":"changeFamilyMemberRole","updateTime":"1970-01-01T00:00:00Z","labels":{"deployment-tool":"cli-firebase","deployment-callable":"true","firebase-functions-hash":"7ed776848df965fd162ccf2b17e5157713773c4d"},"sourceUploadUrl":"https://storage.googleapis.com/uploads-995950081560.us-central1.cloudfunctions.appspot.com/d3e4617f-c584-410e-b8fc-d9c3cfc0c12d.zip?GoogleAccessId=service-900272218936@gcf-admin-robot.iam.gserviceaccount.com&Expires=1765999052&Signature=ZVoB%2BvLwqtAEitcDaZMHjVFx971YfVOKBAJlNy57P5EBVNCAPUHzOu4gg6R3cBdkNT0mbkPjDkKJPYMkjY5v4iZ%2BRlnvdGEOqZiSD0sbJ20i0xElss5EV9c7eIoitrkLH5aDhuLwmVX3XLbEyiZpSzy5XK6sK7ikawv%2FxsV5w%2Fy8cfcCG6KSTUXPDvMvMADSzkP25FVuy3gXjrL14zPEd15fMHF5BsU%2F6YmBNTFNFaiR3PxBjbtqRFozdKJEFlyiONvqn3pusSuKEBv3O2uGeIce48wacKz8kvZVlkqv0smUXLO6dqAGsoHoN1zV3dzieFV76WfnPiP36F4UiKeD8w%3D%3D","environmentVariables":{"FIREBASE_CONFIG":"{\"projectId\":\"roadtrip-royale-dev-d2652\",\"storageBucket\":\"roadtrip-royale-dev-d2652.firebasestorage.app\"}","GCLOUD_PROJECT":"roadtrip-royale-dev-d2652","EVENTARC_CLOUD_EVENT_SOURCE":"projects/roadtrip-royale-dev-d2652/locations/us-central1/functions/changeFamilyMemberRole"},"runtime":"nodejs20","buildEnvironmentVariables":{"GOOGLE_NODE_RUN_SCRIPTS":""},"sourceToken":"eac1cfcc-da93-458f-9960-d8d7778c4fbb","dockerRegistry":"ARTIFACT_REGISTRY"},"versionId":"1","updateTime":"2025-12-17T18:48:51.292961029Z","buildId":"742e9056-7596-40d8-aebb-03a385eb9042","sourceToken":"eac1cfcc-da93-458f-9960-d8d7778c4fbb","buildName":"projects/900272218936/locations/us-central1/builds/742e9056-7596-40d8-aebb-03a385eb9042"}}
[debug] [2025-12-17T18:48:55.290Z] Got source token eac1cfcc-da93-458f-9960-d8d7778c4fbb for region us-central1
[debug] [2025-12-17T18:48:55.292Z] [create-default-us-central1-respondToFriendInvite] Retrying task index 0
[debug] [2025-12-17T18:48:55.293Z] Checked if tokens are valid: true, expires at: 1766000738358
[debug] [2025-12-17T18:48:55.293Z] Checked if tokens are valid: true, expires at: 1766000738358
[debug] [2025-12-17T18:48:55.293Z] >>> [apiv2][query] GET https://cloudfunctions.googleapis.com/v1/operations/cHJvamVjdHMvcm9hZHRyaXAtcm95YWxlLWRldi1kMjY1Mi9sb2NhdGlvbnMvdXMtY2VudHJhbDEvb3BlcmF0aW9ucy9vcGVyYXRpb24tMTc2NTk5NzMzMTAwMi02NDYyYTRiOTZiM2VmLWU2MzZhOWRkLTIyYTc4MWU1 [none]
[debug] [2025-12-17T18:48:55.327Z] [create-default-us-central1-sendFriendInvite] Retrying task index 0
[debug] [2025-12-17T18:48:55.328Z] Checked if tokens are valid: true, expires at: 1766000738358
[debug] [2025-12-17T18:48:55.328Z] Checked if tokens are valid: true, expires at: 1766000738358
[debug] [2025-12-17T18:48:55.328Z] >>> [apiv2][query] GET https://cloudfunctions.googleapis.com/v1/operations/cHJvamVjdHMvcm9hZHRyaXAtcm95YWxlLWRldi1kMjY1Mi9sb2NhdGlvbnMvdXMtY2VudHJhbDEvb3BlcmF0aW9ucy9vcGVyYXRpb24tMTc2NTk5NzMzMTA0Mi02NDYyYTRiOTc1MDQwLWM0ZGExOWZhLTZkYWMyNDA5 [none]
[debug] [2025-12-17T18:48:55.350Z] <<< [apiv2][status] GET https://cloudfunctions.googleapis.com/v1/operations/cHJvamVjdHMvcm9hZHRyaXAtcm95YWxlLWRldi1kMjY1Mi9sb2NhdGlvbnMvdXMtY2VudHJhbDEvb3BlcmF0aW9ucy9vcGVyYXRpb24tMTc2NTk5NzMzMTA0Mi02NDYyYTRiOTc1MGJhLWFmMjYxMWExLTZiNWRkYmQw 200
[debug] [2025-12-17T18:48:55.350Z] <<< [apiv2][body] GET https://cloudfunctions.googleapis.com/v1/operations/cHJvamVjdHMvcm9hZHRyaXAtcm95YWxlLWRldi1kMjY1Mi9sb2NhdGlvbnMvdXMtY2VudHJhbDEvb3BlcmF0aW9ucy9vcGVyYXRpb24tMTc2NTk5NzMzMTA0Mi02NDYyYTRiOTc1MGJhLWFmMjYxMWExLTZiNWRkYmQw {"name":"operations/cHJvamVjdHMvcm9hZHRyaXAtcm95YWxlLWRldi1kMjY1Mi9sb2NhdGlvbnMvdXMtY2VudHJhbDEvb3BlcmF0aW9ucy9vcGVyYXRpb24tMTc2NTk5NzMzMTA0Mi02NDYyYTRiOTc1MGJhLWFmMjYxMWExLTZiNWRkYmQw","metadata":{"@type":"type.googleapis.com/google.cloud.functions.v1.OperationMetadataV1","target":"projects/roadtrip-royale-dev-d2652/locations/us-central1/functions/removeFamilyMember","type":"CREATE_FUNCTION","request":{"@type":"type.googleapis.com/google.cloud.functions.v1.CloudFunction","name":"projects/roadtrip-royale-dev-d2652/locations/us-central1/functions/removeFamilyMember","httpsTrigger":{"securityLevel":"SECURE_ALWAYS"},"entryPoint":"removeFamilyMember","updateTime":"1970-01-01T00:00:00Z","labels":{"deployment-tool":"cli-firebase","deployment-callable":"true","firebase-functions-hash":"7ed776848df965fd162ccf2b17e5157713773c4d"},"sourceUploadUrl":"https://storage.googleapis.com/uploads-995950081560.us-central1.cloudfunctions.appspot.com/d3e4617f-c584-410e-b8fc-d9c3cfc0c12d.zip?GoogleAccessId=service-900272218936@gcf-admin-robot.iam.gserviceaccount.com&Expires=1765999052&Signature=ZVoB%2BvLwqtAEitcDaZMHjVFx971YfVOKBAJlNy57P5EBVNCAPUHzOu4gg6R3cBdkNT0mbkPjDkKJPYMkjY5v4iZ%2BRlnvdGEOqZiSD0sbJ20i0xElss5EV9c7eIoitrkLH5aDhuLwmVX3XLbEyiZpSzy5XK6sK7ikawv%2FxsV5w%2Fy8cfcCG6KSTUXPDvMvMADSzkP25FVuy3gXjrL14zPEd15fMHF5BsU%2F6YmBNTFNFaiR3PxBjbtqRFozdKJEFlyiONvqn3pusSuKEBv3O2uGeIce48wacKz8kvZVlkqv0smUXLO6dqAGsoHoN1zV3dzieFV76WfnPiP36F4UiKeD8w%3D%3D","environmentVariables":{"FIREBASE_CONFIG":"{\"projectId\":\"roadtrip-royale-dev-d2652\",\"storageBucket\":\"roadtrip-royale-dev-d2652.firebasestorage.app\"}","GCLOUD_PROJECT":"roadtrip-royale-dev-d2652","EVENTARC_CLOUD_EVENT_SOURCE":"projects/roadtrip-royale-dev-d2652/locations/us-central1/functions/removeFamilyMember"},"runtime":"nodejs20","buildEnvironmentVariables":{"GOOGLE_NODE_RUN_SCRIPTS":""},"sourceToken":"eac1cfcc-da93-458f-9960-d8d7778c4fbb","dockerRegistry":"ARTIFACT_REGISTRY"},"versionId":"1","updateTime":"2025-12-17T18:48:51.372336156Z","buildId":"742e9056-7596-40d8-aebb-03a385eb9042","sourceToken":"eac1cfcc-da93-458f-9960-d8d7778c4fbb","buildName":"projects/900272218936/locations/us-central1/builds/742e9056-7596-40d8-aebb-03a385eb9042"}}
[debug] [2025-12-17T18:48:55.350Z] Got source token eac1cfcc-da93-458f-9960-d8d7778c4fbb for region us-central1
[debug] [2025-12-17T18:48:55.363Z] [create-default-us-central1-sendFamilyInvite] Retrying task index 0
[debug] [2025-12-17T18:48:55.363Z] Checked if tokens are valid: true, expires at: 1766000738358
[debug] [2025-12-17T18:48:55.363Z] Checked if tokens are valid: true, expires at: 1766000738358
[debug] [2025-12-17T18:48:55.363Z] >>> [apiv2][query] GET https://cloudfunctions.googleapis.com/v1/operations/cHJvamVjdHMvcm9hZHRyaXAtcm95YWxlLWRldi1kMjY1Mi9sb2NhdGlvbnMvdXMtY2VudHJhbDEvb3BlcmF0aW9ucy9vcGVyYXRpb24tMTc2NTk5NzMzMTAzNi02NDYyYTRiOTczN2E5LTY5OWVmNjE2LWI1NTkyODI1 [none]
[debug] [2025-12-17T18:48:55.380Z] <<< [apiv2][status] GET https://cloudfunctions.googleapis.com/v1/operations/cHJvamVjdHMvcm9hZHRyaXAtcm95YWxlLWRldi1kMjY1Mi9sb2NhdGlvbnMvdXMtY2VudHJhbDEvb3BlcmF0aW9ucy9vcGVyYXRpb24tMTc2NTk5NzMzMTAwMS02NDYyYTRiOTZhZmM2LTU2ZDdlNTE1LTA5MDg3M2Iy 200
[debug] [2025-12-17T18:48:55.380Z] <<< [apiv2][body] GET https://cloudfunctions.googleapis.com/v1/operations/cHJvamVjdHMvcm9hZHRyaXAtcm95YWxlLWRldi1kMjY1Mi9sb2NhdGlvbnMvdXMtY2VudHJhbDEvb3BlcmF0aW9ucy9vcGVyYXRpb24tMTc2NTk5NzMzMTAwMS02NDYyYTRiOTZhZmM2LTU2ZDdlNTE1LTA5MDg3M2Iy {"name":"operations/cHJvamVjdHMvcm9hZHRyaXAtcm95YWxlLWRldi1kMjY1Mi9sb2NhdGlvbnMvdXMtY2VudHJhbDEvb3BlcmF0aW9ucy9vcGVyYXRpb24tMTc2NTk5NzMzMTAwMS02NDYyYTRiOTZhZmM2LTU2ZDdlNTE1LTA5MDg3M2Iy","metadata":{"@type":"type.googleapis.com/google.cloud.functions.v1.OperationMetadataV1","target":"projects/roadtrip-royale-dev-d2652/locations/us-central1/functions/approveFamilyJoinRequest_CaptainStep","type":"CREATE_FUNCTION","request":{"@type":"type.googleapis.com/google.cloud.functions.v1.CloudFunction","name":"projects/roadtrip-royale-dev-d2652/locations/us-central1/functions/approveFamilyJoinRequest_CaptainStep","httpsTrigger":{"securityLevel":"SECURE_ALWAYS"},"entryPoint":"approveFamilyJoinRequest_CaptainStep","updateTime":"1970-01-01T00:00:00Z","labels":{"deployment-tool":"cli-firebase","deployment-callable":"true","firebase-functions-hash":"7ed776848df965fd162ccf2b17e5157713773c4d"},"sourceUploadUrl":"https://storage.googleapis.com/uploads-995950081560.us-central1.cloudfunctions.appspot.com/d3e4617f-c584-410e-b8fc-d9c3cfc0c12d.zip?GoogleAccessId=service-900272218936@gcf-admin-robot.iam.gserviceaccount.com&Expires=1765999052&Signature=ZVoB%2BvLwqtAEitcDaZMHjVFx971YfVOKBAJlNy57P5EBVNCAPUHzOu4gg6R3cBdkNT0mbkPjDkKJPYMkjY5v4iZ%2BRlnvdGEOqZiSD0sbJ20i0xElss5EV9c7eIoitrkLH5aDhuLwmVX3XLbEyiZpSzy5XK6sK7ikawv%2FxsV5w%2Fy8cfcCG6KSTUXPDvMvMADSzkP25FVuy3gXjrL14zPEd15fMHF5BsU%2F6YmBNTFNFaiR3PxBjbtqRFozdKJEFlyiONvqn3pusSuKEBv3O2uGeIce48wacKz8kvZVlkqv0smUXLO6dqAGsoHoN1zV3dzieFV76WfnPiP36F4UiKeD8w%3D%3D","environmentVariables":{"FIREBASE_CONFIG":"{\"projectId\":\"roadtrip-royale-dev-d2652\",\"storageBucket\":\"roadtrip-royale-dev-d2652.firebasestorage.app\"}","GCLOUD_PROJECT":"roadtrip-royale-dev-d2652","EVENTARC_CLOUD_EVENT_SOURCE":"projects/roadtrip-royale-dev-d2652/locations/us-central1/functions/approveFamilyJoinRequest_CaptainStep"},"runtime":"nodejs20","buildEnvironmentVariables":{"GOOGLE_NODE_RUN_SCRIPTS":""},"sourceToken":"eac1cfcc-da93-458f-9960-d8d7778c4fbb","dockerRegistry":"ARTIFACT_REGISTRY"},"versionId":"1","updateTime":"2025-12-17T18:48:51.372448928Z","buildId":"742e9056-7596-40d8-aebb-03a385eb9042","sourceToken":"eac1cfcc-da93-458f-9960-d8d7778c4fbb","buildName":"projects/900272218936/locations/us-central1/builds/742e9056-7596-40d8-aebb-03a385eb9042"}}
[debug] [2025-12-17T18:48:55.380Z] Got source token eac1cfcc-da93-458f-9960-d8d7778c4fbb for region us-central1
[debug] [2025-12-17T18:48:55.381Z] <<< [apiv2][status] GET https://cloudfunctions.googleapis.com/v1/operations/cHJvamVjdHMvcm9hZHRyaXAtcm95YWxlLWRldi1kMjY1Mi9sb2NhdGlvbnMvdXMtY2VudHJhbDEvb3BlcmF0aW9ucy9vcGVyYXRpb24tMTc2NTk5NzMzMTA0MC02NDYyYTRiOTc0OTZkLTI5NTAzZGQ1LTc0NGI2NWNl 200
[debug] [2025-12-17T18:48:55.381Z] <<< [apiv2][body] GET https://cloudfunctions.googleapis.com/v1/operations/cHJvamVjdHMvcm9hZHRyaXAtcm95YWxlLWRldi1kMjY1Mi9sb2NhdGlvbnMvdXMtY2VudHJhbDEvb3BlcmF0aW9ucy9vcGVyYXRpb24tMTc2NTk5NzMzMTA0MC02NDYyYTRiOTc0OTZkLTI5NTAzZGQ1LTc0NGI2NWNl {"name":"operations/cHJvamVjdHMvcm9hZHRyaXAtcm95YWxlLWRldi1kMjY1Mi9sb2NhdGlvbnMvdXMtY2VudHJhbDEvb3BlcmF0aW9ucy9vcGVyYXRpb24tMTc2NTk5NzMzMTA0MC02NDYyYTRiOTc0OTZkLTI5NTAzZGQ1LTc0NGI2NWNl","metadata":{"@type":"type.googleapis.com/google.cloud.functions.v1.OperationMetadataV1","target":"projects/roadtrip-royale-dev-d2652/locations/us-central1/functions/respondToFamilyInvite_UserStep","type":"CREATE_FUNCTION","request":{"@type":"type.googleapis.com/google.cloud.functions.v1.CloudFunction","name":"projects/roadtrip-royale-dev-d2652/locations/us-central1/functions/respondToFamilyInvite_UserStep","httpsTrigger":{"securityLevel":"SECURE_ALWAYS"},"entryPoint":"respondToFamilyInvite_UserStep","updateTime":"1970-01-01T00:00:00Z","labels":{"deployment-tool":"cli-firebase","deployment-callable":"true","firebase-functions-hash":"7ed776848df965fd162ccf2b17e5157713773c4d"},"sourceUploadUrl":"https://storage.googleapis.com/uploads-995950081560.us-central1.cloudfunctions.appspot.com/d3e4617f-c584-410e-b8fc-d9c3cfc0c12d.zip?GoogleAccessId=service-900272218936@gcf-admin-robot.iam.gserviceaccount.com&Expires=1765999052&Signature=ZVoB%2BvLwqtAEitcDaZMHjVFx971YfVOKBAJlNy57P5EBVNCAPUHzOu4gg6R3cBdkNT0mbkPjDkKJPYMkjY5v4iZ%2BRlnvdGEOqZiSD0sbJ20i0xElss5EV9c7eIoitrkLH5aDhuLwmVX3XLbEyiZpSzy5XK6sK7ikawv%2FxsV5w%2Fy8cfcCG6KSTUXPDvMvMADSzkP25FVuy3gXjrL14zPEd15fMHF5BsU%2F6YmBNTFNFaiR3PxBjbtqRFozdKJEFlyiONvqn3pusSuKEBv3O2uGeIce48wacKz8kvZVlkqv0smUXLO6dqAGsoHoN1zV3dzieFV76WfnPiP36F4UiKeD8w%3D%3D","environmentVariables":{"FIREBASE_CONFIG":"{\"projectId\":\"roadtrip-royale-dev-d2652\",\"storageBucket\":\"roadtrip-royale-dev-d2652.firebasestorage.app\"}","GCLOUD_PROJECT":"roadtrip-royale-dev-d2652","EVENTARC_CLOUD_EVENT_SOURCE":"projects/roadtrip-royale-dev-d2652/locations/us-central1/functions/respondToFamilyInvite_UserStep"},"runtime":"nodejs20","buildEnvironmentVariables":{"GOOGLE_NODE_RUN_SCRIPTS":""},"sourceToken":"eac1cfcc-da93-458f-9960-d8d7778c4fbb","dockerRegistry":"ARTIFACT_REGISTRY"},"versionId":"1","updateTime":"2025-12-17T18:48:51.423889349Z","buildId":"742e9056-7596-40d8-aebb-03a385eb9042","sourceToken":"eac1cfcc-da93-458f-9960-d8d7778c4fbb","buildName":"projects/900272218936/locations/us-central1/builds/742e9056-7596-40d8-aebb-03a385eb9042"}}
[debug] [2025-12-17T18:48:55.381Z] Got source token eac1cfcc-da93-458f-9960-d8d7778c4fbb for region us-central1
[debug] [2025-12-17T18:48:55.401Z] [create-default-us-central1-redeemShareCode] Retrying task index 0
[debug] [2025-12-17T18:48:55.402Z] Checked if tokens are valid: true, expires at: 1766000738358
[debug] [2025-12-17T18:48:55.402Z] Checked if tokens are valid: true, expires at: 1766000738358
[debug] [2025-12-17T18:48:55.402Z] >>> [apiv2][query] GET https://cloudfunctions.googleapis.com/v1/operations/cHJvamVjdHMvcm9hZHRyaXAtcm95YWxlLWRldi1kMjY1Mi9sb2NhdGlvbnMvdXMtY2VudHJhbDEvb3BlcmF0aW9ucy9vcGVyYXRpb24tMTc2NTk5NzMzMDk3MC02NDYyYTRiOTYzNWI5LTk2MDgyYjY2LWE0MzE2Zjdj [none]
[debug] [2025-12-17T18:48:55.427Z] [create-default-us-central1-expireInvitesAndCodes] Retrying task index 0
[debug] [2025-12-17T18:48:55.427Z] Checked if tokens are valid: true, expires at: 1766000738358
[debug] [2025-12-17T18:48:55.427Z] Checked if tokens are valid: true, expires at: 1766000738358
[debug] [2025-12-17T18:48:55.427Z] >>> [apiv2][query] GET https://cloudfunctions.googleapis.com/v1/operations/cHJvamVjdHMvcm9hZHRyaXAtcm95YWxlLWRldi1kMjY1Mi9sb2NhdGlvbnMvdXMtY2VudHJhbDEvb3BlcmF0aW9ucy9vcGVyYXRpb24tMTc2NTk5NzMzMTAyOC02NDYyYTRiOTcxYjA1LWFmZTc1MzZmLWUwNmY4OTcw [none]
[debug] [2025-12-17T18:48:55.444Z] <<< [apiv2][status] GET https://cloudfunctions.googleapis.com/v1/operations/cHJvamVjdHMvcm9hZHRyaXAtcm95YWxlLWRldi1kMjY1Mi9sb2NhdGlvbnMvdXMtY2VudHJhbDEvb3BlcmF0aW9ucy9vcGVyYXRpb24tMTc2NTk5NzMzMTAwMi02NDYyYTRiOTZiMzE2LWZhZGE0MWQ3LTE2NGM2Njcy 200
[debug] [2025-12-17T18:48:55.444Z] <<< [apiv2][body] GET https://cloudfunctions.googleapis.com/v1/operations/cHJvamVjdHMvcm9hZHRyaXAtcm95YWxlLWRldi1kMjY1Mi9sb2NhdGlvbnMvdXMtY2VudHJhbDEvb3BlcmF0aW9ucy9vcGVyYXRpb24tMTc2NTk5NzMzMTAwMi02NDYyYTRiOTZiMzE2LWZhZGE0MWQ3LTE2NGM2Njcy {"name":"operations/cHJvamVjdHMvcm9hZHRyaXAtcm95YWxlLWRldi1kMjY1Mi9sb2NhdGlvbnMvdXMtY2VudHJhbDEvb3BlcmF0aW9ucy9vcGVyYXRpb24tMTc2NTk5NzMzMTAwMi02NDYyYTRiOTZiMzE2LWZhZGE0MWQ3LTE2NGM2Njcy","metadata":{"@type":"type.googleapis.com/google.cloud.functions.v1.OperationMetadataV1","target":"projects/roadtrip-royale-dev-d2652/locations/us-central1/functions/createFamily","type":"CREATE_FUNCTION","request":{"@type":"type.googleapis.com/google.cloud.functions.v1.CloudFunction","name":"projects/roadtrip-royale-dev-d2652/locations/us-central1/functions/createFamily","httpsTrigger":{"securityLevel":"SECURE_ALWAYS"},"entryPoint":"createFamily","updateTime":"1970-01-01T00:00:00Z","labels":{"deployment-tool":"cli-firebase","deployment-callable":"true","firebase-functions-hash":"7ed776848df965fd162ccf2b17e5157713773c4d"},"sourceUploadUrl":"https://storage.googleapis.com/uploads-995950081560.us-central1.cloudfunctions.appspot.com/d3e4617f-c584-410e-b8fc-d9c3cfc0c12d.zip?GoogleAccessId=service-900272218936@gcf-admin-robot.iam.gserviceaccount.com&Expires=1765999052&Signature=ZVoB%2BvLwqtAEitcDaZMHjVFx971YfVOKBAJlNy57P5EBVNCAPUHzOu4gg6R3cBdkNT0mbkPjDkKJPYMkjY5v4iZ%2BRlnvdGEOqZiSD0sbJ20i0xElss5EV9c7eIoitrkLH5aDhuLwmVX3XLbEyiZpSzy5XK6sK7ikawv%2FxsV5w%2Fy8cfcCG6KSTUXPDvMvMADSzkP25FVuy3gXjrL14zPEd15fMHF5BsU%2F6YmBNTFNFaiR3PxBjbtqRFozdKJEFlyiONvqn3pusSuKEBv3O2uGeIce48wacKz8kvZVlkqv0smUXLO6dqAGsoHoN1zV3dzieFV76WfnPiP36F4UiKeD8w%3D%3D","environmentVariables":{"FIREBASE_CONFIG":"{\"projectId\":\"roadtrip-royale-dev-d2652\",\"storageBucket\":\"roadtrip-royale-dev-d2652.firebasestorage.app\"}","GCLOUD_PROJECT":"roadtrip-royale-dev-d2652","EVENTARC_CLOUD_EVENT_SOURCE":"projects/roadtrip-royale-dev-d2652/locations/us-central1/functions/createFamily"},"runtime":"nodejs20","buildEnvironmentVariables":{"GOOGLE_NODE_RUN_SCRIPTS":""},"sourceToken":"eac1cfcc-da93-458f-9960-d8d7778c4fbb","dockerRegistry":"ARTIFACT_REGISTRY"},"versionId":"1","updateTime":"2025-12-17T18:48:51.415564963Z","buildId":"742e9056-7596-40d8-aebb-03a385eb9042","sourceToken":"eac1cfcc-da93-458f-9960-d8d7778c4fbb","buildName":"projects/900272218936/locations/us-central1/builds/742e9056-7596-40d8-aebb-03a385eb9042"}}
[debug] [2025-12-17T18:48:55.444Z] Got source token eac1cfcc-da93-458f-9960-d8d7778c4fbb for region us-central1
[debug] [2025-12-17T18:48:55.451Z] <<< [apiv2][status] GET https://cloudfunctions.googleapis.com/v1/operations/cHJvamVjdHMvcm9hZHRyaXAtcm95YWxlLWRldi1kMjY1Mi9sb2NhdGlvbnMvdXMtY2VudHJhbDEvb3BlcmF0aW9ucy9vcGVyYXRpb24tMTc2NTk5NzMzMTAxNC02NDYyYTRiOTZlMTdlLWY5YjNjZTFlLWYwOTQ3NDc2 200
[debug] [2025-12-17T18:48:55.451Z] <<< [apiv2][body] GET https://cloudfunctions.googleapis.com/v1/operations/cHJvamVjdHMvcm9hZHRyaXAtcm95YWxlLWRldi1kMjY1Mi9sb2NhdGlvbnMvdXMtY2VudHJhbDEvb3BlcmF0aW9ucy9vcGVyYXRpb24tMTc2NTk5NzMzMTAxNC02NDYyYTRiOTZlMTdlLWY5YjNjZTFlLWYwOTQ3NDc2 {"name":"operations/cHJvamVjdHMvcm9hZHRyaXAtcm95YWxlLWRldi1kMjY1Mi9sb2NhdGlvbnMvdXMtY2VudHJhbDEvb3BlcmF0aW9ucy9vcGVyYXRpb24tMTc2NTk5NzMzMTAxNC02NDYyYTRiOTZlMTdlLWY5YjNjZTFlLWYwOTQ3NDc2","metadata":{"@type":"type.googleapis.com/google.cloud.functions.v1.OperationMetadataV1","target":"projects/roadtrip-royale-dev-d2652/locations/us-central1/functions/onAuthUserDeleted","type":"CREATE_FUNCTION","request":{"@type":"type.googleapis.com/google.cloud.functions.v1.CloudFunction","name":"projects/roadtrip-royale-dev-d2652/locations/us-central1/functions/onAuthUserDeleted","eventTrigger":{"eventType":"providers/firebase.auth/eventTypes/user.delete","resource":"projects/roadtrip-royale-dev-d2652","failurePolicy":{}},"entryPoint":"onAuthUserDeleted","updateTime":"1970-01-01T00:00:00Z","labels":{"deployment-tool":"cli-firebase","firebase-functions-hash":"7ed776848df965fd162ccf2b17e5157713773c4d"},"sourceUploadUrl":"https://storage.googleapis.com/uploads-995950081560.us-central1.cloudfunctions.appspot.com/d3e4617f-c584-410e-b8fc-d9c3cfc0c12d.zip?GoogleAccessId=service-900272218936@gcf-admin-robot.iam.gserviceaccount.com&Expires=1765999052&Signature=ZVoB%2BvLwqtAEitcDaZMHjVFx971YfVOKBAJlNy57P5EBVNCAPUHzOu4gg6R3cBdkNT0mbkPjDkKJPYMkjY5v4iZ%2BRlnvdGEOqZiSD0sbJ20i0xElss5EV9c7eIoitrkLH5aDhuLwmVX3XLbEyiZpSzy5XK6sK7ikawv%2FxsV5w%2Fy8cfcCG6KSTUXPDvMvMADSzkP25FVuy3gXjrL14zPEd15fMHF5BsU%2F6YmBNTFNFaiR3PxBjbtqRFozdKJEFlyiONvqn3pusSuKEBv3O2uGeIce48wacKz8kvZVlkqv0smUXLO6dqAGsoHoN1zV3dzieFV76WfnPiP36F4UiKeD8w%3D%3D","environmentVariables":{"FIREBASE_CONFIG":"{\"projectId\":\"roadtrip-royale-dev-d2652\",\"storageBucket\":\"roadtrip-royale-dev-d2652.firebasestorage.app\"}","GCLOUD_PROJECT":"roadtrip-royale-dev-d2652","EVENTARC_CLOUD_EVENT_SOURCE":"projects/roadtrip-royale-dev-d2652/locations/us-central1/functions/onAuthUserDeleted"},"runtime":"nodejs20","buildEnvironmentVariables":{"GOOGLE_NODE_RUN_SCRIPTS":""},"sourceToken":"eac1cfcc-da93-458f-9960-d8d7778c4fbb","dockerRegistry":"ARTIFACT_REGISTRY"},"versionId":"1","updateTime":"2025-12-17T18:48:51.394815298Z","buildId":"742e9056-7596-40d8-aebb-03a385eb9042","sourceToken":"eac1cfcc-da93-458f-9960-d8d7778c4fbb","buildName":"projects/900272218936/locations/us-central1/builds/742e9056-7596-40d8-aebb-03a385eb9042"}}
[debug] [2025-12-17T18:48:55.451Z] Got source token eac1cfcc-da93-458f-9960-d8d7778c4fbb for region us-central1
[debug] [2025-12-17T18:48:55.463Z] <<< [apiv2][status] GET https://cloudfunctions.googleapis.com/v1/operations/cHJvamVjdHMvcm9hZHRyaXAtcm95YWxlLWRldi1kMjY1Mi9sb2NhdGlvbnMvdXMtY2VudHJhbDEvb3BlcmF0aW9ucy9vcGVyYXRpb24tMTc2NTk5NzMzMTAzNi02NDYyYTRiOTczN2E5LTY5OWVmNjE2LWI1NTkyODI1 200
[debug] [2025-12-17T18:48:55.463Z] <<< [apiv2][body] GET https://cloudfunctions.googleapis.com/v1/operations/cHJvamVjdHMvcm9hZHRyaXAtcm95YWxlLWRldi1kMjY1Mi9sb2NhdGlvbnMvdXMtY2VudHJhbDEvb3BlcmF0aW9ucy9vcGVyYXRpb24tMTc2NTk5NzMzMTAzNi02NDYyYTRiOTczN2E5LTY5OWVmNjE2LWI1NTkyODI1 {"name":"operations/cHJvamVjdHMvcm9hZHRyaXAtcm95YWxlLWRldi1kMjY1Mi9sb2NhdGlvbnMvdXMtY2VudHJhbDEvb3BlcmF0aW9ucy9vcGVyYXRpb24tMTc2NTk5NzMzMTAzNi02NDYyYTRiOTczN2E5LTY5OWVmNjE2LWI1NTkyODI1","metadata":{"@type":"type.googleapis.com/google.cloud.functions.v1.OperationMetadataV1","target":"projects/roadtrip-royale-dev-d2652/locations/us-central1/functions/sendFamilyInvite","type":"CREATE_FUNCTION","request":{"@type":"type.googleapis.com/google.cloud.functions.v1.CloudFunction","name":"projects/roadtrip-royale-dev-d2652/locations/us-central1/functions/sendFamilyInvite","httpsTrigger":{"securityLevel":"SECURE_ALWAYS"},"entryPoint":"sendFamilyInvite","updateTime":"1970-01-01T00:00:00Z","labels":{"deployment-tool":"cli-firebase","deployment-callable":"true","firebase-functions-hash":"7ed776848df965fd162ccf2b17e5157713773c4d"},"sourceUploadUrl":"https://storage.googleapis.com/uploads-995950081560.us-central1.cloudfunctions.appspot.com/d3e4617f-c584-410e-b8fc-d9c3cfc0c12d.zip?GoogleAccessId=service-900272218936@gcf-admin-robot.iam.gserviceaccount.com&Expires=1765999052&Signature=ZVoB%2BvLwqtAEitcDaZMHjVFx971YfVOKBAJlNy57P5EBVNCAPUHzOu4gg6R3cBdkNT0mbkPjDkKJPYMkjY5v4iZ%2BRlnvdGEOqZiSD0sbJ20i0xElss5EV9c7eIoitrkLH5aDhuLwmVX3XLbEyiZpSzy5XK6sK7ikawv%2FxsV5w%2Fy8cfcCG6KSTUXPDvMvMADSzkP25FVuy3gXjrL14zPEd15fMHF5BsU%2F6YmBNTFNFaiR3PxBjbtqRFozdKJEFlyiONvqn3pusSuKEBv3O2uGeIce48wacKz8kvZVlkqv0smUXLO6dqAGsoHoN1zV3dzieFV76WfnPiP36F4UiKeD8w%3D%3D","environmentVariables":{"FIREBASE_CONFIG":"{\"projectId\":\"roadtrip-royale-dev-d2652\",\"storageBucket\":\"roadtrip-royale-dev-d2652.firebasestorage.app\"}","GCLOUD_PROJECT":"roadtrip-royale-dev-d2652","EVENTARC_CLOUD_EVENT_SOURCE":"projects/roadtrip-royale-dev-d2652/locations/us-central1/functions/sendFamilyInvite"},"runtime":"nodejs20","buildEnvironmentVariables":{"GOOGLE_NODE_RUN_SCRIPTS":""},"sourceToken":"eac1cfcc-da93-458f-9960-d8d7778c4fbb","dockerRegistry":"ARTIFACT_REGISTRY"},"versionId":"1","updateTime":"2025-12-17T18:48:51.408666717Z","buildId":"742e9056-7596-40d8-aebb-03a385eb9042","sourceToken":"eac1cfcc-da93-458f-9960-d8d7778c4fbb","buildName":"projects/900272218936/locations/us-central1/builds/742e9056-7596-40d8-aebb-03a385eb9042"}}
[debug] [2025-12-17T18:48:55.463Z] Got source token eac1cfcc-da93-458f-9960-d8d7778c4fbb for region us-central1
[debug] [2025-12-17T18:48:55.463Z] <<< [apiv2][status] GET https://cloudfunctions.googleapis.com/v1/operations/cHJvamVjdHMvcm9hZHRyaXAtcm95YWxlLWRldi1kMjY1Mi9sb2NhdGlvbnMvdXMtY2VudHJhbDEvb3BlcmF0aW9ucy9vcGVyYXRpb24tMTc2NTk5NzMzMTA0Mi02NDYyYTRiOTc1MDQwLWM0ZGExOWZhLTZkYWMyNDA5 200
[debug] [2025-12-17T18:48:55.463Z] <<< [apiv2][body] GET https://cloudfunctions.googleapis.com/v1/operations/cHJvamVjdHMvcm9hZHRyaXAtcm95YWxlLWRldi1kMjY1Mi9sb2NhdGlvbnMvdXMtY2VudHJhbDEvb3BlcmF0aW9ucy9vcGVyYXRpb24tMTc2NTk5NzMzMTA0Mi02NDYyYTRiOTc1MDQwLWM0ZGExOWZhLTZkYWMyNDA5 {"name":"operations/cHJvamVjdHMvcm9hZHRyaXAtcm95YWxlLWRldi1kMjY1Mi9sb2NhdGlvbnMvdXMtY2VudHJhbDEvb3BlcmF0aW9ucy9vcGVyYXRpb24tMTc2NTk5NzMzMTA0Mi02NDYyYTRiOTc1MDQwLWM0ZGExOWZhLTZkYWMyNDA5","metadata":{"@type":"type.googleapis.com/google.cloud.functions.v1.OperationMetadataV1","target":"projects/roadtrip-royale-dev-d2652/locations/us-central1/functions/sendFriendInvite","type":"CREATE_FUNCTION","request":{"@type":"type.googleapis.com/google.cloud.functions.v1.CloudFunction","name":"projects/roadtrip-royale-dev-d2652/locations/us-central1/functions/sendFriendInvite","httpsTrigger":{"securityLevel":"SECURE_ALWAYS"},"entryPoint":"sendFriendInvite","updateTime":"1970-01-01T00:00:00Z","labels":{"deployment-tool":"cli-firebase","deployment-callable":"true","firebase-functions-hash":"7ed776848df965fd162ccf2b17e5157713773c4d"},"sourceUploadUrl":"https://storage.googleapis.com/uploads-995950081560.us-central1.cloudfunctions.appspot.com/d3e4617f-c584-410e-b8fc-d9c3cfc0c12d.zip?GoogleAccessId=service-900272218936@gcf-admin-robot.iam.gserviceaccount.com&Expires=1765999052&Signature=ZVoB%2BvLwqtAEitcDaZMHjVFx971YfVOKBAJlNy57P5EBVNCAPUHzOu4gg6R3cBdkNT0mbkPjDkKJPYMkjY5v4iZ%2BRlnvdGEOqZiSD0sbJ20i0xElss5EV9c7eIoitrkLH5aDhuLwmVX3XLbEyiZpSzy5XK6sK7ikawv%2FxsV5w%2Fy8cfcCG6KSTUXPDvMvMADSzkP25FVuy3gXjrL14zPEd15fMHF5BsU%2F6YmBNTFNFaiR3PxBjbtqRFozdKJEFlyiONvqn3pusSuKEBv3O2uGeIce48wacKz8kvZVlkqv0smUXLO6dqAGsoHoN1zV3dzieFV76WfnPiP36F4UiKeD8w%3D%3D","environmentVariables":{"FIREBASE_CONFIG":"{\"projectId\":\"roadtrip-royale-dev-d2652\",\"storageBucket\":\"roadtrip-royale-dev-d2652.firebasestorage.app\"}","GCLOUD_PROJECT":"roadtrip-royale-dev-d2652","EVENTARC_CLOUD_EVENT_SOURCE":"projects/roadtrip-royale-dev-d2652/locations/us-central1/functions/sendFriendInvite"},"runtime":"nodejs20","buildEnvironmentVariables":{"GOOGLE_NODE_RUN_SCRIPTS":""},"sourceToken":"eac1cfcc-da93-458f-9960-d8d7778c4fbb","dockerRegistry":"ARTIFACT_REGISTRY"},"versionId":"1","updateTime":"2025-12-17T18:48:51.380398411Z","buildId":"742e9056-7596-40d8-aebb-03a385eb9042","sourceToken":"eac1cfcc-da93-458f-9960-d8d7778c4fbb","buildName":"projects/900272218936/locations/us-central1/builds/742e9056-7596-40d8-aebb-03a385eb9042"}}
[debug] [2025-12-17T18:48:55.463Z] Got source token eac1cfcc-da93-458f-9960-d8d7778c4fbb for region us-central1
[debug] [2025-12-17T18:48:55.478Z] <<< [apiv2][status] GET https://cloudfunctions.googleapis.com/v1/operations/cHJvamVjdHMvcm9hZHRyaXAtcm95YWxlLWRldi1kMjY1Mi9sb2NhdGlvbnMvdXMtY2VudHJhbDEvb3BlcmF0aW9ucy9vcGVyYXRpb24tMTc2NTk5NzMzMTAwMi02NDYyYTRiOTZiM2VmLWU2MzZhOWRkLTIyYTc4MWU1 200
[debug] [2025-12-17T18:48:55.478Z] <<< [apiv2][body] GET https://cloudfunctions.googleapis.com/v1/operations/cHJvamVjdHMvcm9hZHRyaXAtcm95YWxlLWRldi1kMjY1Mi9sb2NhdGlvbnMvdXMtY2VudHJhbDEvb3BlcmF0aW9ucy9vcGVyYXRpb24tMTc2NTk5NzMzMTAwMi02NDYyYTRiOTZiM2VmLWU2MzZhOWRkLTIyYTc4MWU1 {"name":"operations/cHJvamVjdHMvcm9hZHRyaXAtcm95YWxlLWRldi1kMjY1Mi9sb2NhdGlvbnMvdXMtY2VudHJhbDEvb3BlcmF0aW9ucy9vcGVyYXRpb24tMTc2NTk5NzMzMTAwMi02NDYyYTRiOTZiM2VmLWU2MzZhOWRkLTIyYTc4MWU1","metadata":{"@type":"type.googleapis.com/google.cloud.functions.v1.OperationMetadataV1","target":"projects/roadtrip-royale-dev-d2652/locations/us-central1/functions/respondToFriendInvite","type":"CREATE_FUNCTION","request":{"@type":"type.googleapis.com/google.cloud.functions.v1.CloudFunction","name":"projects/roadtrip-royale-dev-d2652/locations/us-central1/functions/respondToFriendInvite","httpsTrigger":{"securityLevel":"SECURE_ALWAYS"},"entryPoint":"respondToFriendInvite","updateTime":"1970-01-01T00:00:00Z","labels":{"deployment-tool":"cli-firebase","deployment-callable":"true","firebase-functions-hash":"7ed776848df965fd162ccf2b17e5157713773c4d"},"sourceUploadUrl":"https://storage.googleapis.com/uploads-995950081560.us-central1.cloudfunctions.appspot.com/d3e4617f-c584-410e-b8fc-d9c3cfc0c12d.zip?GoogleAccessId=service-900272218936@gcf-admin-robot.iam.gserviceaccount.com&Expires=1765999052&Signature=ZVoB%2BvLwqtAEitcDaZMHjVFx971YfVOKBAJlNy57P5EBVNCAPUHzOu4gg6R3cBdkNT0mbkPjDkKJPYMkjY5v4iZ%2BRlnvdGEOqZiSD0sbJ20i0xElss5EV9c7eIoitrkLH5aDhuLwmVX3XLbEyiZpSzy5XK6sK7ikawv%2FxsV5w%2Fy8cfcCG6KSTUXPDvMvMADSzkP25FVuy3gXjrL14zPEd15fMHF5BsU%2F6YmBNTFNFaiR3PxBjbtqRFozdKJEFlyiONvqn3pusSuKEBv3O2uGeIce48wacKz8kvZVlkqv0smUXLO6dqAGsoHoN1zV3dzieFV76WfnPiP36F4UiKeD8w%3D%3D","environmentVariables":{"FIREBASE_CONFIG":"{\"projectId\":\"roadtrip-royale-dev-d2652\",\"storageBucket\":\"roadtrip-royale-dev-d2652.firebasestorage.app\"}","GCLOUD_PROJECT":"roadtrip-royale-dev-d2652","EVENTARC_CLOUD_EVENT_SOURCE":"projects/roadtrip-royale-dev-d2652/locations/us-central1/functions/respondToFriendInvite"},"runtime":"nodejs20","buildEnvironmentVariables":{"GOOGLE_NODE_RUN_SCRIPTS":""},"sourceToken":"eac1cfcc-da93-458f-9960-d8d7778c4fbb","dockerRegistry":"ARTIFACT_REGISTRY"},"versionId":"1","updateTime":"2025-12-17T18:48:51.358298964Z","buildId":"742e9056-7596-40d8-aebb-03a385eb9042","sourceToken":"eac1cfcc-da93-458f-9960-d8d7778c4fbb","buildName":"projects/900272218936/locations/us-central1/builds/742e9056-7596-40d8-aebb-03a385eb9042"}}
[debug] [2025-12-17T18:48:55.478Z] Got source token eac1cfcc-da93-458f-9960-d8d7778c4fbb for region us-central1
[debug] [2025-12-17T18:48:55.506Z] <<< [apiv2][status] GET https://cloudfunctions.googleapis.com/v1/operations/cHJvamVjdHMvcm9hZHRyaXAtcm95YWxlLWRldi1kMjY1Mi9sb2NhdGlvbnMvdXMtY2VudHJhbDEvb3BlcmF0aW9ucy9vcGVyYXRpb24tMTc2NTk5NzMzMDk3MC02NDYyYTRiOTYzNWI5LTk2MDgyYjY2LWE0MzE2Zjdj 200
[debug] [2025-12-17T18:48:55.507Z] <<< [apiv2][body] GET https://cloudfunctions.googleapis.com/v1/operations/cHJvamVjdHMvcm9hZHRyaXAtcm95YWxlLWRldi1kMjY1Mi9sb2NhdGlvbnMvdXMtY2VudHJhbDEvb3BlcmF0aW9ucy9vcGVyYXRpb24tMTc2NTk5NzMzMDk3MC02NDYyYTRiOTYzNWI5LTk2MDgyYjY2LWE0MzE2Zjdj {"name":"operations/cHJvamVjdHMvcm9hZHRyaXAtcm95YWxlLWRldi1kMjY1Mi9sb2NhdGlvbnMvdXMtY2VudHJhbDEvb3BlcmF0aW9ucy9vcGVyYXRpb24tMTc2NTk5NzMzMDk3MC02NDYyYTRiOTYzNWI5LTk2MDgyYjY2LWE0MzE2Zjdj","metadata":{"@type":"type.googleapis.com/google.cloud.functions.v1.OperationMetadataV1","target":"projects/roadtrip-royale-dev-d2652/locations/us-central1/functions/redeemShareCode","type":"CREATE_FUNCTION","request":{"@type":"type.googleapis.com/google.cloud.functions.v1.CloudFunction","name":"projects/roadtrip-royale-dev-d2652/locations/us-central1/functions/redeemShareCode","httpsTrigger":{"securityLevel":"SECURE_ALWAYS"},"entryPoint":"redeemShareCode","updateTime":"1970-01-01T00:00:00Z","labels":{"deployment-tool":"cli-firebase","deployment-callable":"true","firebase-functions-hash":"7ed776848df965fd162ccf2b17e5157713773c4d"},"sourceUploadUrl":"https://storage.googleapis.com/uploads-995950081560.us-central1.cloudfunctions.appspot.com/d3e4617f-c584-410e-b8fc-d9c3cfc0c12d.zip?GoogleAccessId=service-900272218936@gcf-admin-robot.iam.gserviceaccount.com&Expires=1765999052&Signature=ZVoB%2BvLwqtAEitcDaZMHjVFx971YfVOKBAJlNy57P5EBVNCAPUHzOu4gg6R3cBdkNT0mbkPjDkKJPYMkjY5v4iZ%2BRlnvdGEOqZiSD0sbJ20i0xElss5EV9c7eIoitrkLH5aDhuLwmVX3XLbEyiZpSzy5XK6sK7ikawv%2FxsV5w%2Fy8cfcCG6KSTUXPDvMvMADSzkP25FVuy3gXjrL14zPEd15fMHF5BsU%2F6YmBNTFNFaiR3PxBjbtqRFozdKJEFlyiONvqn3pusSuKEBv3O2uGeIce48wacKz8kvZVlkqv0smUXLO6dqAGsoHoN1zV3dzieFV76WfnPiP36F4UiKeD8w%3D%3D","environmentVariables":{"FIREBASE_CONFIG":"{\"projectId\":\"roadtrip-royale-dev-d2652\",\"storageBucket\":\"roadtrip-royale-dev-d2652.firebasestorage.app\"}","GCLOUD_PROJECT":"roadtrip-royale-dev-d2652","EVENTARC_CLOUD_EVENT_SOURCE":"projects/roadtrip-royale-dev-d2652/locations/us-central1/functions/redeemShareCode"},"runtime":"nodejs20","buildEnvironmentVariables":{"GOOGLE_NODE_RUN_SCRIPTS":""},"sourceToken":"eac1cfcc-da93-458f-9960-d8d7778c4fbb","dockerRegistry":"ARTIFACT_REGISTRY"},"versionId":"1","updateTime":"2025-12-17T18:48:51.336976200Z","buildId":"742e9056-7596-40d8-aebb-03a385eb9042","sourceToken":"eac1cfcc-da93-458f-9960-d8d7778c4fbb","buildName":"projects/900272218936/locations/us-central1/builds/742e9056-7596-40d8-aebb-03a385eb9042"}}
[debug] [2025-12-17T18:48:55.507Z] Got source token eac1cfcc-da93-458f-9960-d8d7778c4fbb for region us-central1
[debug] [2025-12-17T18:48:55.517Z] <<< [apiv2][status] GET https://cloudfunctions.googleapis.com/v1/operations/cHJvamVjdHMvcm9hZHRyaXAtcm95YWxlLWRldi1kMjY1Mi9sb2NhdGlvbnMvdXMtY2VudHJhbDEvb3BlcmF0aW9ucy9vcGVyYXRpb24tMTc2NTk5NzMzMTAyOC02NDYyYTRiOTcxYjA1LWFmZTc1MzZmLWUwNmY4OTcw 200
[debug] [2025-12-17T18:48:55.517Z] <<< [apiv2][body] GET https://cloudfunctions.googleapis.com/v1/operations/cHJvamVjdHMvcm9hZHRyaXAtcm95YWxlLWRldi1kMjY1Mi9sb2NhdGlvbnMvdXMtY2VudHJhbDEvb3BlcmF0aW9ucy9vcGVyYXRpb24tMTc2NTk5NzMzMTAyOC02NDYyYTRiOTcxYjA1LWFmZTc1MzZmLWUwNmY4OTcw {"name":"operations/cHJvamVjdHMvcm9hZHRyaXAtcm95YWxlLWRldi1kMjY1Mi9sb2NhdGlvbnMvdXMtY2VudHJhbDEvb3BlcmF0aW9ucy9vcGVyYXRpb24tMTc2NTk5NzMzMTAyOC02NDYyYTRiOTcxYjA1LWFmZTc1MzZmLWUwNmY4OTcw","metadata":{"@type":"type.googleapis.com/google.cloud.functions.v1.OperationMetadataV1","target":"projects/roadtrip-royale-dev-d2652/locations/us-central1/functions/expireInvitesAndCodes","type":"CREATE_FUNCTION","request":{"@type":"type.googleapis.com/google.cloud.functions.v1.CloudFunction","name":"projects/roadtrip-royale-dev-d2652/locations/us-central1/functions/expireInvitesAndCodes","eventTrigger":{"eventType":"google.pubsub.topic.publish","resource":"projects/roadtrip-royale-dev-d2652/topics/firebase-schedule-expireInvitesAndCodes-us-central1","failurePolicy":{}},"entryPoint":"expireInvitesAndCodes","updateTime":"1970-01-01T00:00:00Z","labels":{"deployment-tool":"cli-firebase","deployment-scheduled":"true","firebase-functions-hash":"7ed776848df965fd162ccf2b17e5157713773c4d"},"sourceUploadUrl":"https://storage.googleapis.com/uploads-995950081560.us-central1.cloudfunctions.appspot.com/d3e4617f-c584-410e-b8fc-d9c3cfc0c12d.zip?GoogleAccessId=service-900272218936@gcf-admin-robot.iam.gserviceaccount.com&Expires=1765999052&Signature=ZVoB%2BvLwqtAEitcDaZMHjVFx971YfVOKBAJlNy57P5EBVNCAPUHzOu4gg6R3cBdkNT0mbkPjDkKJPYMkjY5v4iZ%2BRlnvdGEOqZiSD0sbJ20i0xElss5EV9c7eIoitrkLH5aDhuLwmVX3XLbEyiZpSzy5XK6sK7ikawv%2FxsV5w%2Fy8cfcCG6KSTUXPDvMvMADSzkP25FVuy3gXjrL14zPEd15fMHF5BsU%2F6YmBNTFNFaiR3PxBjbtqRFozdKJEFlyiONvqn3pusSuKEBv3O2uGeIce48wacKz8kvZVlkqv0smUXLO6dqAGsoHoN1zV3dzieFV76WfnPiP36F4UiKeD8w%3D%3D","environmentVariables":{"FIREBASE_CONFIG":"{\"projectId\":\"roadtrip-royale-dev-d2652\",\"storageBucket\":\"roadtrip-royale-dev-d2652.firebasestorage.app\"}","GCLOUD_PROJECT":"roadtrip-royale-dev-d2652","EVENTARC_CLOUD_EVENT_SOURCE":"projects/roadtrip-royale-dev-d2652/locations/us-central1/functions/expireInvitesAndCodes"},"runtime":"nodejs20","buildEnvironmentVariables":{"GOOGLE_NODE_RUN_SCRIPTS":""},"sourceToken":"eac1cfcc-da93-458f-9960-d8d7778c4fbb","dockerRegistry":"ARTIFACT_REGISTRY"},"versionId":"1","updateTime":"2025-12-17T18:48:51.386885577Z","buildId":"742e9056-7596-40d8-aebb-03a385eb9042","sourceToken":"eac1cfcc-da93-458f-9960-d8d7778c4fbb","buildName":"projects/900272218936/locations/us-central1/builds/742e9056-7596-40d8-aebb-03a385eb9042"}}
[debug] [2025-12-17T18:48:55.517Z] Got source token eac1cfcc-da93-458f-9960-d8d7778c4fbb for region us-central1
[debug] [2025-12-17T18:48:59.297Z] [create-default-us-central1-changeFamilyMemberRole] Retrying task index 0
[debug] [2025-12-17T18:48:59.298Z] Checked if tokens are valid: true, expires at: 1766000738358
[debug] [2025-12-17T18:48:59.298Z] Checked if tokens are valid: true, expires at: 1766000738358
[debug] [2025-12-17T18:48:59.298Z] >>> [apiv2][query] GET https://cloudfunctions.googleapis.com/v1/operations/cHJvamVjdHMvcm9hZHRyaXAtcm95YWxlLWRldi1kMjY1Mi9sb2NhdGlvbnMvdXMtY2VudHJhbDEvb3BlcmF0aW9ucy9vcGVyYXRpb24tMTc2NTk5NzMzMDk3MS02NDYyYTRiOTYzYmQ1LTMxOWQwMWY2LTQwYTM0YzY3 [none]
[debug] [2025-12-17T18:48:59.351Z] [create-default-us-central1-removeFamilyMember] Retrying task index 0
[debug] [2025-12-17T18:48:59.358Z] Checked if tokens are valid: true, expires at: 1766000738358
[debug] [2025-12-17T18:48:59.358Z] Checked if tokens are valid: true, expires at: 1766000738358
[debug] [2025-12-17T18:48:59.358Z] >>> [apiv2][query] GET https://cloudfunctions.googleapis.com/v1/operations/cHJvamVjdHMvcm9hZHRyaXAtcm95YWxlLWRldi1kMjY1Mi9sb2NhdGlvbnMvdXMtY2VudHJhbDEvb3BlcmF0aW9ucy9vcGVyYXRpb24tMTc2NTk5NzMzMTA0Mi02NDYyYTRiOTc1MGJhLWFmMjYxMWExLTZiNWRkYmQw [none]
[debug] [2025-12-17T18:48:59.381Z] [create-default-us-central1-approveFamilyJoinRequest_CaptainStep] Retrying task index 0
[debug] [2025-12-17T18:48:59.381Z] Checked if tokens are valid: true, expires at: 1766000738358
[debug] [2025-12-17T18:48:59.381Z] Checked if tokens are valid: true, expires at: 1766000738358
[debug] [2025-12-17T18:48:59.381Z] >>> [apiv2][query] GET https://cloudfunctions.googleapis.com/v1/operations/cHJvamVjdHMvcm9hZHRyaXAtcm95YWxlLWRldi1kMjY1Mi9sb2NhdGlvbnMvdXMtY2VudHJhbDEvb3BlcmF0aW9ucy9vcGVyYXRpb24tMTc2NTk5NzMzMTAwMS02NDYyYTRiOTZhZmM2LTU2ZDdlNTE1LTA5MDg3M2Iy [none]
[debug] [2025-12-17T18:48:59.382Z] [create-default-us-central1-respondToFamilyInvite_UserStep] Retrying task index 0
[debug] [2025-12-17T18:48:59.382Z] Checked if tokens are valid: true, expires at: 1766000738358
[debug] [2025-12-17T18:48:59.382Z] Checked if tokens are valid: true, expires at: 1766000738358
[debug] [2025-12-17T18:48:59.382Z] >>> [apiv2][query] GET https://cloudfunctions.googleapis.com/v1/operations/cHJvamVjdHMvcm9hZHRyaXAtcm95YWxlLWRldi1kMjY1Mi9sb2NhdGlvbnMvdXMtY2VudHJhbDEvb3BlcmF0aW9ucy9vcGVyYXRpb24tMTc2NTk5NzMzMTA0MC02NDYyYTRiOTc0OTZkLTI5NTAzZGQ1LTc0NGI2NWNl [none]
[debug] [2025-12-17T18:48:59.386Z] <<< [apiv2][status] GET https://cloudfunctions.googleapis.com/v1/operations/cHJvamVjdHMvcm9hZHRyaXAtcm95YWxlLWRldi1kMjY1Mi9sb2NhdGlvbnMvdXMtY2VudHJhbDEvb3BlcmF0aW9ucy9vcGVyYXRpb24tMTc2NTk5NzMzMDk3MS02NDYyYTRiOTYzYmQ1LTMxOWQwMWY2LTQwYTM0YzY3 200
[debug] [2025-12-17T18:48:59.386Z] <<< [apiv2][body] GET https://cloudfunctions.googleapis.com/v1/operations/cHJvamVjdHMvcm9hZHRyaXAtcm95YWxlLWRldi1kMjY1Mi9sb2NhdGlvbnMvdXMtY2VudHJhbDEvb3BlcmF0aW9ucy9vcGVyYXRpb24tMTc2NTk5NzMzMDk3MS02NDYyYTRiOTYzYmQ1LTMxOWQwMWY2LTQwYTM0YzY3 {"name":"operations/cHJvamVjdHMvcm9hZHRyaXAtcm95YWxlLWRldi1kMjY1Mi9sb2NhdGlvbnMvdXMtY2VudHJhbDEvb3BlcmF0aW9ucy9vcGVyYXRpb24tMTc2NTk5NzMzMDk3MS02NDYyYTRiOTYzYmQ1LTMxOWQwMWY2LTQwYTM0YzY3","metadata":{"@type":"type.googleapis.com/google.cloud.functions.v1.OperationMetadataV1","target":"projects/roadtrip-royale-dev-d2652/locations/us-central1/functions/changeFamilyMemberRole","type":"CREATE_FUNCTION","request":{"@type":"type.googleapis.com/google.cloud.functions.v1.CloudFunction","name":"projects/roadtrip-royale-dev-d2652/locations/us-central1/functions/changeFamilyMemberRole","httpsTrigger":{"securityLevel":"SECURE_ALWAYS"},"entryPoint":"changeFamilyMemberRole","updateTime":"1970-01-01T00:00:00Z","labels":{"deployment-tool":"cli-firebase","deployment-callable":"true","firebase-functions-hash":"7ed776848df965fd162ccf2b17e5157713773c4d"},"sourceUploadUrl":"https://storage.googleapis.com/uploads-995950081560.us-central1.cloudfunctions.appspot.com/d3e4617f-c584-410e-b8fc-d9c3cfc0c12d.zip?GoogleAccessId=service-900272218936@gcf-admin-robot.iam.gserviceaccount.com&Expires=1765999052&Signature=ZVoB%2BvLwqtAEitcDaZMHjVFx971YfVOKBAJlNy57P5EBVNCAPUHzOu4gg6R3cBdkNT0mbkPjDkKJPYMkjY5v4iZ%2BRlnvdGEOqZiSD0sbJ20i0xElss5EV9c7eIoitrkLH5aDhuLwmVX3XLbEyiZpSzy5XK6sK7ikawv%2FxsV5w%2Fy8cfcCG6KSTUXPDvMvMADSzkP25FVuy3gXjrL14zPEd15fMHF5BsU%2F6YmBNTFNFaiR3PxBjbtqRFozdKJEFlyiONvqn3pusSuKEBv3O2uGeIce48wacKz8kvZVlkqv0smUXLO6dqAGsoHoN1zV3dzieFV76WfnPiP36F4UiKeD8w%3D%3D","environmentVariables":{"FIREBASE_CONFIG":"{\"projectId\":\"roadtrip-royale-dev-d2652\",\"storageBucket\":\"roadtrip-royale-dev-d2652.firebasestorage.app\"}","GCLOUD_PROJECT":"roadtrip-royale-dev-d2652","EVENTARC_CLOUD_EVENT_SOURCE":"projects/roadtrip-royale-dev-d2652/locations/us-central1/functions/changeFamilyMemberRole"},"runtime":"nodejs20","buildEnvironmentVariables":{"GOOGLE_NODE_RUN_SCRIPTS":""},"sourceToken":"eac1cfcc-da93-458f-9960-d8d7778c4fbb","dockerRegistry":"ARTIFACT_REGISTRY"},"versionId":"1","updateTime":"2025-12-17T18:48:51.292961029Z","buildId":"742e9056-7596-40d8-aebb-03a385eb9042","sourceToken":"eac1cfcc-da93-458f-9960-d8d7778c4fbb","buildName":"projects/900272218936/locations/us-central1/builds/742e9056-7596-40d8-aebb-03a385eb9042"}}
[debug] [2025-12-17T18:48:59.386Z] Got source token eac1cfcc-da93-458f-9960-d8d7778c4fbb for region us-central1
[debug] [2025-12-17T18:48:59.446Z] [create-default-us-central1-createFamily] Retrying task index 0
[debug] [2025-12-17T18:48:59.448Z] Checked if tokens are valid: true, expires at: 1766000738358
[debug] [2025-12-17T18:48:59.448Z] Checked if tokens are valid: true, expires at: 1766000738358
[debug] [2025-12-17T18:48:59.448Z] >>> [apiv2][query] GET https://cloudfunctions.googleapis.com/v1/operations/cHJvamVjdHMvcm9hZHRyaXAtcm95YWxlLWRldi1kMjY1Mi9sb2NhdGlvbnMvdXMtY2VudHJhbDEvb3BlcmF0aW9ucy9vcGVyYXRpb24tMTc2NTk5NzMzMTAwMi02NDYyYTRiOTZiMzE2LWZhZGE0MWQ3LTE2NGM2Njcy [none]
[debug] [2025-12-17T18:48:59.451Z] [create-default-us-central1-onAuthUserDeleted] Retrying task index 0
[debug] [2025-12-17T18:48:59.452Z] Checked if tokens are valid: true, expires at: 1766000738358
[debug] [2025-12-17T18:48:59.452Z] Checked if tokens are valid: true, expires at: 1766000738358
[debug] [2025-12-17T18:48:59.452Z] >>> [apiv2][query] GET https://cloudfunctions.googleapis.com/v1/operations/cHJvamVjdHMvcm9hZHRyaXAtcm95YWxlLWRldi1kMjY1Mi9sb2NhdGlvbnMvdXMtY2VudHJhbDEvb3BlcmF0aW9ucy9vcGVyYXRpb24tMTc2NTk5NzMzMTAxNC02NDYyYTRiOTZlMTdlLWY5YjNjZTFlLWYwOTQ3NDc2 [none]
[debug] [2025-12-17T18:48:59.452Z] <<< [apiv2][status] GET https://cloudfunctions.googleapis.com/v1/operations/cHJvamVjdHMvcm9hZHRyaXAtcm95YWxlLWRldi1kMjY1Mi9sb2NhdGlvbnMvdXMtY2VudHJhbDEvb3BlcmF0aW9ucy9vcGVyYXRpb24tMTc2NTk5NzMzMTA0Mi02NDYyYTRiOTc1MGJhLWFmMjYxMWExLTZiNWRkYmQw 200
[debug] [2025-12-17T18:48:59.452Z] <<< [apiv2][body] GET https://cloudfunctions.googleapis.com/v1/operations/cHJvamVjdHMvcm9hZHRyaXAtcm95YWxlLWRldi1kMjY1Mi9sb2NhdGlvbnMvdXMtY2VudHJhbDEvb3BlcmF0aW9ucy9vcGVyYXRpb24tMTc2NTk5NzMzMTA0Mi02NDYyYTRiOTc1MGJhLWFmMjYxMWExLTZiNWRkYmQw {"name":"operations/cHJvamVjdHMvcm9hZHRyaXAtcm95YWxlLWRldi1kMjY1Mi9sb2NhdGlvbnMvdXMtY2VudHJhbDEvb3BlcmF0aW9ucy9vcGVyYXRpb24tMTc2NTk5NzMzMTA0Mi02NDYyYTRiOTc1MGJhLWFmMjYxMWExLTZiNWRkYmQw","metadata":{"@type":"type.googleapis.com/google.cloud.functions.v1.OperationMetadataV1","target":"projects/roadtrip-royale-dev-d2652/locations/us-central1/functions/removeFamilyMember","type":"CREATE_FUNCTION","request":{"@type":"type.googleapis.com/google.cloud.functions.v1.CloudFunction","name":"projects/roadtrip-royale-dev-d2652/locations/us-central1/functions/removeFamilyMember","httpsTrigger":{"securityLevel":"SECURE_ALWAYS"},"entryPoint":"removeFamilyMember","updateTime":"1970-01-01T00:00:00Z","labels":{"deployment-tool":"cli-firebase","deployment-callable":"true","firebase-functions-hash":"7ed776848df965fd162ccf2b17e5157713773c4d"},"sourceUploadUrl":"https://storage.googleapis.com/uploads-995950081560.us-central1.cloudfunctions.appspot.com/d3e4617f-c584-410e-b8fc-d9c3cfc0c12d.zip?GoogleAccessId=service-900272218936@gcf-admin-robot.iam.gserviceaccount.com&Expires=1765999052&Signature=ZVoB%2BvLwqtAEitcDaZMHjVFx971YfVOKBAJlNy57P5EBVNCAPUHzOu4gg6R3cBdkNT0mbkPjDkKJPYMkjY5v4iZ%2BRlnvdGEOqZiSD0sbJ20i0xElss5EV9c7eIoitrkLH5aDhuLwmVX3XLbEyiZpSzy5XK6sK7ikawv%2FxsV5w%2Fy8cfcCG6KSTUXPDvMvMADSzkP25FVuy3gXjrL14zPEd15fMHF5BsU%2F6YmBNTFNFaiR3PxBjbtqRFozdKJEFlyiONvqn3pusSuKEBv3O2uGeIce48wacKz8kvZVlkqv0smUXLO6dqAGsoHoN1zV3dzieFV76WfnPiP36F4UiKeD8w%3D%3D","environmentVariables":{"FIREBASE_CONFIG":"{\"projectId\":\"roadtrip-royale-dev-d2652\",\"storageBucket\":\"roadtrip-royale-dev-d2652.firebasestorage.app\"}","GCLOUD_PROJECT":"roadtrip-royale-dev-d2652","EVENTARC_CLOUD_EVENT_SOURCE":"projects/roadtrip-royale-dev-d2652/locations/us-central1/functions/removeFamilyMember"},"runtime":"nodejs20","buildEnvironmentVariables":{"GOOGLE_NODE_RUN_SCRIPTS":""},"sourceToken":"eac1cfcc-da93-458f-9960-d8d7778c4fbb","dockerRegistry":"ARTIFACT_REGISTRY"},"versionId":"1","updateTime":"2025-12-17T18:48:51.372336156Z","buildId":"742e9056-7596-40d8-aebb-03a385eb9042","sourceToken":"eac1cfcc-da93-458f-9960-d8d7778c4fbb","buildName":"projects/900272218936/locations/us-central1/builds/742e9056-7596-40d8-aebb-03a385eb9042"}}
[debug] [2025-12-17T18:48:59.452Z] Got source token eac1cfcc-da93-458f-9960-d8d7778c4fbb for region us-central1
[debug] [2025-12-17T18:48:59.465Z] [create-default-us-central1-sendFamilyInvite] Retrying task index 0
[debug] [2025-12-17T18:48:59.465Z] Checked if tokens are valid: true, expires at: 1766000738358
[debug] [2025-12-17T18:48:59.465Z] Checked if tokens are valid: true, expires at: 1766000738358
[debug] [2025-12-17T18:48:59.465Z] >>> [apiv2][query] GET https://cloudfunctions.googleapis.com/v1/operations/cHJvamVjdHMvcm9hZHRyaXAtcm95YWxlLWRldi1kMjY1Mi9sb2NhdGlvbnMvdXMtY2VudHJhbDEvb3BlcmF0aW9ucy9vcGVyYXRpb24tMTc2NTk5NzMzMTAzNi02NDYyYTRiOTczN2E5LTY5OWVmNjE2LWI1NTkyODI1 [none]
[debug] [2025-12-17T18:48:59.466Z] [create-default-us-central1-sendFriendInvite] Retrying task index 0
[debug] [2025-12-17T18:48:59.466Z] Checked if tokens are valid: true, expires at: 1766000738358
[debug] [2025-12-17T18:48:59.466Z] Checked if tokens are valid: true, expires at: 1766000738358
[debug] [2025-12-17T18:48:59.466Z] >>> [apiv2][query] GET https://cloudfunctions.googleapis.com/v1/operations/cHJvamVjdHMvcm9hZHRyaXAtcm95YWxlLWRldi1kMjY1Mi9sb2NhdGlvbnMvdXMtY2VudHJhbDEvb3BlcmF0aW9ucy9vcGVyYXRpb24tMTc2NTk5NzMzMTA0Mi02NDYyYTRiOTc1MDQwLWM0ZGExOWZhLTZkYWMyNDA5 [none]
[debug] [2025-12-17T18:48:59.476Z] <<< [apiv2][status] GET https://cloudfunctions.googleapis.com/v1/operations/cHJvamVjdHMvcm9hZHRyaXAtcm95YWxlLWRldi1kMjY1Mi9sb2NhdGlvbnMvdXMtY2VudHJhbDEvb3BlcmF0aW9ucy9vcGVyYXRpb24tMTc2NTk5NzMzMTA0MC02NDYyYTRiOTc0OTZkLTI5NTAzZGQ1LTc0NGI2NWNl 200
[debug] [2025-12-17T18:48:59.476Z] <<< [apiv2][body] GET https://cloudfunctions.googleapis.com/v1/operations/cHJvamVjdHMvcm9hZHRyaXAtcm95YWxlLWRldi1kMjY1Mi9sb2NhdGlvbnMvdXMtY2VudHJhbDEvb3BlcmF0aW9ucy9vcGVyYXRpb24tMTc2NTk5NzMzMTA0MC02NDYyYTRiOTc0OTZkLTI5NTAzZGQ1LTc0NGI2NWNl {"name":"operations/cHJvamVjdHMvcm9hZHRyaXAtcm95YWxlLWRldi1kMjY1Mi9sb2NhdGlvbnMvdXMtY2VudHJhbDEvb3BlcmF0aW9ucy9vcGVyYXRpb24tMTc2NTk5NzMzMTA0MC02NDYyYTRiOTc0OTZkLTI5NTAzZGQ1LTc0NGI2NWNl","metadata":{"@type":"type.googleapis.com/google.cloud.functions.v1.OperationMetadataV1","target":"projects/roadtrip-royale-dev-d2652/locations/us-central1/functions/respondToFamilyInvite_UserStep","type":"CREATE_FUNCTION","request":{"@type":"type.googleapis.com/google.cloud.functions.v1.CloudFunction","name":"projects/roadtrip-royale-dev-d2652/locations/us-central1/functions/respondToFamilyInvite_UserStep","httpsTrigger":{"securityLevel":"SECURE_ALWAYS"},"entryPoint":"respondToFamilyInvite_UserStep","updateTime":"1970-01-01T00:00:00Z","labels":{"deployment-tool":"cli-firebase","deployment-callable":"true","firebase-functions-hash":"7ed776848df965fd162ccf2b17e5157713773c4d"},"sourceUploadUrl":"https://storage.googleapis.com/uploads-995950081560.us-central1.cloudfunctions.appspot.com/d3e4617f-c584-410e-b8fc-d9c3cfc0c12d.zip?GoogleAccessId=service-900272218936@gcf-admin-robot.iam.gserviceaccount.com&Expires=1765999052&Signature=ZVoB%2BvLwqtAEitcDaZMHjVFx971YfVOKBAJlNy57P5EBVNCAPUHzOu4gg6R3cBdkNT0mbkPjDkKJPYMkjY5v4iZ%2BRlnvdGEOqZiSD0sbJ20i0xElss5EV9c7eIoitrkLH5aDhuLwmVX3XLbEyiZpSzy5XK6sK7ikawv%2FxsV5w%2Fy8cfcCG6KSTUXPDvMvMADSzkP25FVuy3gXjrL14zPEd15fMHF5BsU%2F6YmBNTFNFaiR3PxBjbtqRFozdKJEFlyiONvqn3pusSuKEBv3O2uGeIce48wacKz8kvZVlkqv0smUXLO6dqAGsoHoN1zV3dzieFV76WfnPiP36F4UiKeD8w%3D%3D","environmentVariables":{"FIREBASE_CONFIG":"{\"projectId\":\"roadtrip-royale-dev-d2652\",\"storageBucket\":\"roadtrip-royale-dev-d2652.firebasestorage.app\"}","GCLOUD_PROJECT":"roadtrip-royale-dev-d2652","EVENTARC_CLOUD_EVENT_SOURCE":"projects/roadtrip-royale-dev-d2652/locations/us-central1/functions/respondToFamilyInvite_UserStep"},"runtime":"nodejs20","buildEnvironmentVariables":{"GOOGLE_NODE_RUN_SCRIPTS":""},"sourceToken":"eac1cfcc-da93-458f-9960-d8d7778c4fbb","dockerRegistry":"ARTIFACT_REGISTRY"},"versionId":"1","updateTime":"2025-12-17T18:48:51.423889349Z","buildId":"742e9056-7596-40d8-aebb-03a385eb9042","sourceToken":"eac1cfcc-da93-458f-9960-d8d7778c4fbb","buildName":"projects/900272218936/locations/us-central1/builds/742e9056-7596-40d8-aebb-03a385eb9042"}}
[debug] [2025-12-17T18:48:59.476Z] Got source token eac1cfcc-da93-458f-9960-d8d7778c4fbb for region us-central1
[debug] [2025-12-17T18:48:59.477Z] <<< [apiv2][status] GET https://cloudfunctions.googleapis.com/v1/operations/cHJvamVjdHMvcm9hZHRyaXAtcm95YWxlLWRldi1kMjY1Mi9sb2NhdGlvbnMvdXMtY2VudHJhbDEvb3BlcmF0aW9ucy9vcGVyYXRpb24tMTc2NTk5NzMzMTAwMS02NDYyYTRiOTZhZmM2LTU2ZDdlNTE1LTA5MDg3M2Iy 200
[debug] [2025-12-17T18:48:59.477Z] <<< [apiv2][body] GET https://cloudfunctions.googleapis.com/v1/operations/cHJvamVjdHMvcm9hZHRyaXAtcm95YWxlLWRldi1kMjY1Mi9sb2NhdGlvbnMvdXMtY2VudHJhbDEvb3BlcmF0aW9ucy9vcGVyYXRpb24tMTc2NTk5NzMzMTAwMS02NDYyYTRiOTZhZmM2LTU2ZDdlNTE1LTA5MDg3M2Iy {"name":"operations/cHJvamVjdHMvcm9hZHRyaXAtcm95YWxlLWRldi1kMjY1Mi9sb2NhdGlvbnMvdXMtY2VudHJhbDEvb3BlcmF0aW9ucy9vcGVyYXRpb24tMTc2NTk5NzMzMTAwMS02NDYyYTRiOTZhZmM2LTU2ZDdlNTE1LTA5MDg3M2Iy","metadata":{"@type":"type.googleapis.com/google.cloud.functions.v1.OperationMetadataV1","target":"projects/roadtrip-royale-dev-d2652/locations/us-central1/functions/approveFamilyJoinRequest_CaptainStep","type":"CREATE_FUNCTION","request":{"@type":"type.googleapis.com/google.cloud.functions.v1.CloudFunction","name":"projects/roadtrip-royale-dev-d2652/locations/us-central1/functions/approveFamilyJoinRequest_CaptainStep","httpsTrigger":{"securityLevel":"SECURE_ALWAYS"},"entryPoint":"approveFamilyJoinRequest_CaptainStep","updateTime":"1970-01-01T00:00:00Z","labels":{"deployment-tool":"cli-firebase","deployment-callable":"true","firebase-functions-hash":"7ed776848df965fd162ccf2b17e5157713773c4d"},"sourceUploadUrl":"https://storage.googleapis.com/uploads-995950081560.us-central1.cloudfunctions.appspot.com/d3e4617f-c584-410e-b8fc-d9c3cfc0c12d.zip?GoogleAccessId=service-900272218936@gcf-admin-robot.iam.gserviceaccount.com&Expires=1765999052&Signature=ZVoB%2BvLwqtAEitcDaZMHjVFx971YfVOKBAJlNy57P5EBVNCAPUHzOu4gg6R3cBdkNT0mbkPjDkKJPYMkjY5v4iZ%2BRlnvdGEOqZiSD0sbJ20i0xElss5EV9c7eIoitrkLH5aDhuLwmVX3XLbEyiZpSzy5XK6sK7ikawv%2FxsV5w%2Fy8cfcCG6KSTUXPDvMvMADSzkP25FVuy3gXjrL14zPEd15fMHF5BsU%2F6YmBNTFNFaiR3PxBjbtqRFozdKJEFlyiONvqn3pusSuKEBv3O2uGeIce48wacKz8kvZVlkqv0smUXLO6dqAGsoHoN1zV3dzieFV76WfnPiP36F4UiKeD8w%3D%3D","environmentVariables":{"FIREBASE_CONFIG":"{\"projectId\":\"roadtrip-royale-dev-d2652\",\"storageBucket\":\"roadtrip-royale-dev-d2652.firebasestorage.app\"}","GCLOUD_PROJECT":"roadtrip-royale-dev-d2652","EVENTARC_CLOUD_EVENT_SOURCE":"projects/roadtrip-royale-dev-d2652/locations/us-central1/functions/approveFamilyJoinRequest_CaptainStep"},"runtime":"nodejs20","buildEnvironmentVariables":{"GOOGLE_NODE_RUN_SCRIPTS":""},"sourceToken":"eac1cfcc-da93-458f-9960-d8d7778c4fbb","dockerRegistry":"ARTIFACT_REGISTRY"},"versionId":"1","updateTime":"2025-12-17T18:48:51.372448928Z","buildId":"742e9056-7596-40d8-aebb-03a385eb9042","sourceToken":"eac1cfcc-da93-458f-9960-d8d7778c4fbb","buildName":"projects/900272218936/locations/us-central1/builds/742e9056-7596-40d8-aebb-03a385eb9042"}}
[debug] [2025-12-17T18:48:59.477Z] Got source token eac1cfcc-da93-458f-9960-d8d7778c4fbb for region us-central1
[debug] [2025-12-17T18:48:59.479Z] [create-default-us-central1-respondToFriendInvite] Retrying task index 0
[debug] [2025-12-17T18:48:59.479Z] Checked if tokens are valid: true, expires at: 1766000738358
[debug] [2025-12-17T18:48:59.479Z] Checked if tokens are valid: true, expires at: 1766000738358
[debug] [2025-12-17T18:48:59.479Z] >>> [apiv2][query] GET https://cloudfunctions.googleapis.com/v1/operations/cHJvamVjdHMvcm9hZHRyaXAtcm95YWxlLWRldi1kMjY1Mi9sb2NhdGlvbnMvdXMtY2VudHJhbDEvb3BlcmF0aW9ucy9vcGVyYXRpb24tMTc2NTk5NzMzMTAwMi02NDYyYTRiOTZiM2VmLWU2MzZhOWRkLTIyYTc4MWU1 [none]
[debug] [2025-12-17T18:48:59.508Z] [create-default-us-central1-redeemShareCode] Retrying task index 0
[debug] [2025-12-17T18:48:59.508Z] Checked if tokens are valid: true, expires at: 1766000738358
[debug] [2025-12-17T18:48:59.508Z] Checked if tokens are valid: true, expires at: 1766000738358
[debug] [2025-12-17T18:48:59.508Z] >>> [apiv2][query] GET https://cloudfunctions.googleapis.com/v1/operations/cHJvamVjdHMvcm9hZHRyaXAtcm95YWxlLWRldi1kMjY1Mi9sb2NhdGlvbnMvdXMtY2VudHJhbDEvb3BlcmF0aW9ucy9vcGVyYXRpb24tMTc2NTk5NzMzMDk3MC02NDYyYTRiOTYzNWI5LTk2MDgyYjY2LWE0MzE2Zjdj [none]
[debug] [2025-12-17T18:48:59.517Z] [create-default-us-central1-expireInvitesAndCodes] Retrying task index 0
[debug] [2025-12-17T18:48:59.518Z] Checked if tokens are valid: true, expires at: 1766000738358
[debug] [2025-12-17T18:48:59.518Z] Checked if tokens are valid: true, expires at: 1766000738358
[debug] [2025-12-17T18:48:59.518Z] >>> [apiv2][query] GET https://cloudfunctions.googleapis.com/v1/operations/cHJvamVjdHMvcm9hZHRyaXAtcm95YWxlLWRldi1kMjY1Mi9sb2NhdGlvbnMvdXMtY2VudHJhbDEvb3BlcmF0aW9ucy9vcGVyYXRpb24tMTc2NTk5NzMzMTAyOC02NDYyYTRiOTcxYjA1LWFmZTc1MzZmLWUwNmY4OTcw [none]
[debug] [2025-12-17T18:48:59.559Z] <<< [apiv2][status] GET https://cloudfunctions.googleapis.com/v1/operations/cHJvamVjdHMvcm9hZHRyaXAtcm95YWxlLWRldi1kMjY1Mi9sb2NhdGlvbnMvdXMtY2VudHJhbDEvb3BlcmF0aW9ucy9vcGVyYXRpb24tMTc2NTk5NzMzMTAzNi02NDYyYTRiOTczN2E5LTY5OWVmNjE2LWI1NTkyODI1 200
[debug] [2025-12-17T18:48:59.560Z] <<< [apiv2][body] GET https://cloudfunctions.googleapis.com/v1/operations/cHJvamVjdHMvcm9hZHRyaXAtcm95YWxlLWRldi1kMjY1Mi9sb2NhdGlvbnMvdXMtY2VudHJhbDEvb3BlcmF0aW9ucy9vcGVyYXRpb24tMTc2NTk5NzMzMTAzNi02NDYyYTRiOTczN2E5LTY5OWVmNjE2LWI1NTkyODI1 {"name":"operations/cHJvamVjdHMvcm9hZHRyaXAtcm95YWxlLWRldi1kMjY1Mi9sb2NhdGlvbnMvdXMtY2VudHJhbDEvb3BlcmF0aW9ucy9vcGVyYXRpb24tMTc2NTk5NzMzMTAzNi02NDYyYTRiOTczN2E5LTY5OWVmNjE2LWI1NTkyODI1","metadata":{"@type":"type.googleapis.com/google.cloud.functions.v1.OperationMetadataV1","target":"projects/roadtrip-royale-dev-d2652/locations/us-central1/functions/sendFamilyInvite","type":"CREATE_FUNCTION","request":{"@type":"type.googleapis.com/google.cloud.functions.v1.CloudFunction","name":"projects/roadtrip-royale-dev-d2652/locations/us-central1/functions/sendFamilyInvite","httpsTrigger":{"securityLevel":"SECURE_ALWAYS"},"entryPoint":"sendFamilyInvite","updateTime":"1970-01-01T00:00:00Z","labels":{"deployment-tool":"cli-firebase","deployment-callable":"true","firebase-functions-hash":"7ed776848df965fd162ccf2b17e5157713773c4d"},"sourceUploadUrl":"https://storage.googleapis.com/uploads-995950081560.us-central1.cloudfunctions.appspot.com/d3e4617f-c584-410e-b8fc-d9c3cfc0c12d.zip?GoogleAccessId=service-900272218936@gcf-admin-robot.iam.gserviceaccount.com&Expires=1765999052&Signature=ZVoB%2BvLwqtAEitcDaZMHjVFx971YfVOKBAJlNy57P5EBVNCAPUHzOu4gg6R3cBdkNT0mbkPjDkKJPYMkjY5v4iZ%2BRlnvdGEOqZiSD0sbJ20i0xElss5EV9c7eIoitrkLH5aDhuLwmVX3XLbEyiZpSzy5XK6sK7ikawv%2FxsV5w%2Fy8cfcCG6KSTUXPDvMvMADSzkP25FVuy3gXjrL14zPEd15fMHF5BsU%2F6YmBNTFNFaiR3PxBjbtqRFozdKJEFlyiONvqn3pusSuKEBv3O2uGeIce48wacKz8kvZVlkqv0smUXLO6dqAGsoHoN1zV3dzieFV76WfnPiP36F4UiKeD8w%3D%3D","environmentVariables":{"FIREBASE_CONFIG":"{\"projectId\":\"roadtrip-royale-dev-d2652\",\"storageBucket\":\"roadtrip-royale-dev-d2652.firebasestorage.app\"}","GCLOUD_PROJECT":"roadtrip-royale-dev-d2652","EVENTARC_CLOUD_EVENT_SOURCE":"projects/roadtrip-royale-dev-d2652/locations/us-central1/functions/sendFamilyInvite"},"runtime":"nodejs20","buildEnvironmentVariables":{"GOOGLE_NODE_RUN_SCRIPTS":""},"sourceToken":"eac1cfcc-da93-458f-9960-d8d7778c4fbb","dockerRegistry":"ARTIFACT_REGISTRY"},"versionId":"1","updateTime":"2025-12-17T18:48:51.408666717Z","buildId":"742e9056-7596-40d8-aebb-03a385eb9042","sourceToken":"eac1cfcc-da93-458f-9960-d8d7778c4fbb","buildName":"projects/900272218936/locations/us-central1/builds/742e9056-7596-40d8-aebb-03a385eb9042"}}
[debug] [2025-12-17T18:48:59.560Z] Got source token eac1cfcc-da93-458f-9960-d8d7778c4fbb for region us-central1
[debug] [2025-12-17T18:48:59.560Z] <<< [apiv2][status] GET https://cloudfunctions.googleapis.com/v1/operations/cHJvamVjdHMvcm9hZHRyaXAtcm95YWxlLWRldi1kMjY1Mi9sb2NhdGlvbnMvdXMtY2VudHJhbDEvb3BlcmF0aW9ucy9vcGVyYXRpb24tMTc2NTk5NzMzMTAxNC02NDYyYTRiOTZlMTdlLWY5YjNjZTFlLWYwOTQ3NDc2 200
[debug] [2025-12-17T18:48:59.560Z] <<< [apiv2][body] GET https://cloudfunctions.googleapis.com/v1/operations/cHJvamVjdHMvcm9hZHRyaXAtcm95YWxlLWRldi1kMjY1Mi9sb2NhdGlvbnMvdXMtY2VudHJhbDEvb3BlcmF0aW9ucy9vcGVyYXRpb24tMTc2NTk5NzMzMTAxNC02NDYyYTRiOTZlMTdlLWY5YjNjZTFlLWYwOTQ3NDc2 {"name":"operations/cHJvamVjdHMvcm9hZHRyaXAtcm95YWxlLWRldi1kMjY1Mi9sb2NhdGlvbnMvdXMtY2VudHJhbDEvb3BlcmF0aW9ucy9vcGVyYXRpb24tMTc2NTk5NzMzMTAxNC02NDYyYTRiOTZlMTdlLWY5YjNjZTFlLWYwOTQ3NDc2","metadata":{"@type":"type.googleapis.com/google.cloud.functions.v1.OperationMetadataV1","target":"projects/roadtrip-royale-dev-d2652/locations/us-central1/functions/onAuthUserDeleted","type":"CREATE_FUNCTION","request":{"@type":"type.googleapis.com/google.cloud.functions.v1.CloudFunction","name":"projects/roadtrip-royale-dev-d2652/locations/us-central1/functions/onAuthUserDeleted","eventTrigger":{"eventType":"providers/firebase.auth/eventTypes/user.delete","resource":"projects/roadtrip-royale-dev-d2652","failurePolicy":{}},"entryPoint":"onAuthUserDeleted","updateTime":"1970-01-01T00:00:00Z","labels":{"deployment-tool":"cli-firebase","firebase-functions-hash":"7ed776848df965fd162ccf2b17e5157713773c4d"},"sourceUploadUrl":"https://storage.googleapis.com/uploads-995950081560.us-central1.cloudfunctions.appspot.com/d3e4617f-c584-410e-b8fc-d9c3cfc0c12d.zip?GoogleAccessId=service-900272218936@gcf-admin-robot.iam.gserviceaccount.com&Expires=1765999052&Signature=ZVoB%2BvLwqtAEitcDaZMHjVFx971YfVOKBAJlNy57P5EBVNCAPUHzOu4gg6R3cBdkNT0mbkPjDkKJPYMkjY5v4iZ%2BRlnvdGEOqZiSD0sbJ20i0xElss5EV9c7eIoitrkLH5aDhuLwmVX3XLbEyiZpSzy5XK6sK7ikawv%2FxsV5w%2Fy8cfcCG6KSTUXPDvMvMADSzkP25FVuy3gXjrL14zPEd15fMHF5BsU%2F6YmBNTFNFaiR3PxBjbtqRFozdKJEFlyiONvqn3pusSuKEBv3O2uGeIce48wacKz8kvZVlkqv0smUXLO6dqAGsoHoN1zV3dzieFV76WfnPiP36F4UiKeD8w%3D%3D","environmentVariables":{"FIREBASE_CONFIG":"{\"projectId\":\"roadtrip-royale-dev-d2652\",\"storageBucket\":\"roadtrip-royale-dev-d2652.firebasestorage.app\"}","GCLOUD_PROJECT":"roadtrip-royale-dev-d2652","EVENTARC_CLOUD_EVENT_SOURCE":"projects/roadtrip-royale-dev-d2652/locations/us-central1/functions/onAuthUserDeleted"},"runtime":"nodejs20","buildEnvironmentVariables":{"GOOGLE_NODE_RUN_SCRIPTS":""},"sourceToken":"eac1cfcc-da93-458f-9960-d8d7778c4fbb","dockerRegistry":"ARTIFACT_REGISTRY"},"versionId":"1","updateTime":"2025-12-17T18:48:51.394815298Z","buildId":"742e9056-7596-40d8-aebb-03a385eb9042","sourceToken":"eac1cfcc-da93-458f-9960-d8d7778c4fbb","buildName":"projects/900272218936/locations/us-central1/builds/742e9056-7596-40d8-aebb-03a385eb9042"}}
[debug] [2025-12-17T18:48:59.560Z] Got source token eac1cfcc-da93-458f-9960-d8d7778c4fbb for region us-central1
[debug] [2025-12-17T18:48:59.562Z] <<< [apiv2][status] GET https://cloudfunctions.googleapis.com/v1/operations/cHJvamVjdHMvcm9hZHRyaXAtcm95YWxlLWRldi1kMjY1Mi9sb2NhdGlvbnMvdXMtY2VudHJhbDEvb3BlcmF0aW9ucy9vcGVyYXRpb24tMTc2NTk5NzMzMTA0Mi02NDYyYTRiOTc1MDQwLWM0ZGExOWZhLTZkYWMyNDA5 200
[debug] [2025-12-17T18:48:59.562Z] <<< [apiv2][body] GET https://cloudfunctions.googleapis.com/v1/operations/cHJvamVjdHMvcm9hZHRyaXAtcm95YWxlLWRldi1kMjY1Mi9sb2NhdGlvbnMvdXMtY2VudHJhbDEvb3BlcmF0aW9ucy9vcGVyYXRpb24tMTc2NTk5NzMzMTA0Mi02NDYyYTRiOTc1MDQwLWM0ZGExOWZhLTZkYWMyNDA5 {"name":"operations/cHJvamVjdHMvcm9hZHRyaXAtcm95YWxlLWRldi1kMjY1Mi9sb2NhdGlvbnMvdXMtY2VudHJhbDEvb3BlcmF0aW9ucy9vcGVyYXRpb24tMTc2NTk5NzMzMTA0Mi02NDYyYTRiOTc1MDQwLWM0ZGExOWZhLTZkYWMyNDA5","metadata":{"@type":"type.googleapis.com/google.cloud.functions.v1.OperationMetadataV1","target":"projects/roadtrip-royale-dev-d2652/locations/us-central1/functions/sendFriendInvite","type":"CREATE_FUNCTION","request":{"@type":"type.googleapis.com/google.cloud.functions.v1.CloudFunction","name":"projects/roadtrip-royale-dev-d2652/locations/us-central1/functions/sendFriendInvite","httpsTrigger":{"securityLevel":"SECURE_ALWAYS"},"entryPoint":"sendFriendInvite","updateTime":"1970-01-01T00:00:00Z","labels":{"deployment-tool":"cli-firebase","deployment-callable":"true","firebase-functions-hash":"7ed776848df965fd162ccf2b17e5157713773c4d"},"sourceUploadUrl":"https://storage.googleapis.com/uploads-995950081560.us-central1.cloudfunctions.appspot.com/d3e4617f-c584-410e-b8fc-d9c3cfc0c12d.zip?GoogleAccessId=service-900272218936@gcf-admin-robot.iam.gserviceaccount.com&Expires=1765999052&Signature=ZVoB%2BvLwqtAEitcDaZMHjVFx971YfVOKBAJlNy57P5EBVNCAPUHzOu4gg6R3cBdkNT0mbkPjDkKJPYMkjY5v4iZ%2BRlnvdGEOqZiSD0sbJ20i0xElss5EV9c7eIoitrkLH5aDhuLwmVX3XLbEyiZpSzy5XK6sK7ikawv%2FxsV5w%2Fy8cfcCG6KSTUXPDvMvMADSzkP25FVuy3gXjrL14zPEd15fMHF5BsU%2F6YmBNTFNFaiR3PxBjbtqRFozdKJEFlyiONvqn3pusSuKEBv3O2uGeIce48wacKz8kvZVlkqv0smUXLO6dqAGsoHoN1zV3dzieFV76WfnPiP36F4UiKeD8w%3D%3D","environmentVariables":{"FIREBASE_CONFIG":"{\"projectId\":\"roadtrip-royale-dev-d2652\",\"storageBucket\":\"roadtrip-royale-dev-d2652.firebasestorage.app\"}","GCLOUD_PROJECT":"roadtrip-royale-dev-d2652","EVENTARC_CLOUD_EVENT_SOURCE":"projects/roadtrip-royale-dev-d2652/locations/us-central1/functions/sendFriendInvite"},"runtime":"nodejs20","buildEnvironmentVariables":{"GOOGLE_NODE_RUN_SCRIPTS":""},"sourceToken":"eac1cfcc-da93-458f-9960-d8d7778c4fbb","dockerRegistry":"ARTIFACT_REGISTRY"},"versionId":"1","updateTime":"2025-12-17T18:48:51.380398411Z","buildId":"742e9056-7596-40d8-aebb-03a385eb9042","sourceToken":"eac1cfcc-da93-458f-9960-d8d7778c4fbb","buildName":"projects/900272218936/locations/us-central1/builds/742e9056-7596-40d8-aebb-03a385eb9042"}}
[debug] [2025-12-17T18:48:59.562Z] Got source token eac1cfcc-da93-458f-9960-d8d7778c4fbb for region us-central1
[debug] [2025-12-17T18:48:59.580Z] <<< [apiv2][status] GET https://cloudfunctions.googleapis.com/v1/operations/cHJvamVjdHMvcm9hZHRyaXAtcm95YWxlLWRldi1kMjY1Mi9sb2NhdGlvbnMvdXMtY2VudHJhbDEvb3BlcmF0aW9ucy9vcGVyYXRpb24tMTc2NTk5NzMzMTAwMi02NDYyYTRiOTZiM2VmLWU2MzZhOWRkLTIyYTc4MWU1 200
[debug] [2025-12-17T18:48:59.580Z] <<< [apiv2][body] GET https://cloudfunctions.googleapis.com/v1/operations/cHJvamVjdHMvcm9hZHRyaXAtcm95YWxlLWRldi1kMjY1Mi9sb2NhdGlvbnMvdXMtY2VudHJhbDEvb3BlcmF0aW9ucy9vcGVyYXRpb24tMTc2NTk5NzMzMTAwMi02NDYyYTRiOTZiM2VmLWU2MzZhOWRkLTIyYTc4MWU1 {"name":"operations/cHJvamVjdHMvcm9hZHRyaXAtcm95YWxlLWRldi1kMjY1Mi9sb2NhdGlvbnMvdXMtY2VudHJhbDEvb3BlcmF0aW9ucy9vcGVyYXRpb24tMTc2NTk5NzMzMTAwMi02NDYyYTRiOTZiM2VmLWU2MzZhOWRkLTIyYTc4MWU1","metadata":{"@type":"type.googleapis.com/google.cloud.functions.v1.OperationMetadataV1","target":"projects/roadtrip-royale-dev-d2652/locations/us-central1/functions/respondToFriendInvite","type":"CREATE_FUNCTION","request":{"@type":"type.googleapis.com/google.cloud.functions.v1.CloudFunction","name":"projects/roadtrip-royale-dev-d2652/locations/us-central1/functions/respondToFriendInvite","httpsTrigger":{"securityLevel":"SECURE_ALWAYS"},"entryPoint":"respondToFriendInvite","updateTime":"1970-01-01T00:00:00Z","labels":{"deployment-tool":"cli-firebase","deployment-callable":"true","firebase-functions-hash":"7ed776848df965fd162ccf2b17e5157713773c4d"},"sourceUploadUrl":"https://storage.googleapis.com/uploads-995950081560.us-central1.cloudfunctions.appspot.com/d3e4617f-c584-410e-b8fc-d9c3cfc0c12d.zip?GoogleAccessId=service-900272218936@gcf-admin-robot.iam.gserviceaccount.com&Expires=1765999052&Signature=ZVoB%2BvLwqtAEitcDaZMHjVFx971YfVOKBAJlNy57P5EBVNCAPUHzOu4gg6R3cBdkNT0mbkPjDkKJPYMkjY5v4iZ%2BRlnvdGEOqZiSD0sbJ20i0xElss5EV9c7eIoitrkLH5aDhuLwmVX3XLbEyiZpSzy5XK6sK7ikawv%2FxsV5w%2Fy8cfcCG6KSTUXPDvMvMADSzkP25FVuy3gXjrL14zPEd15fMHF5BsU%2F6YmBNTFNFaiR3PxBjbtqRFozdKJEFlyiONvqn3pusSuKEBv3O2uGeIce48wacKz8kvZVlkqv0smUXLO6dqAGsoHoN1zV3dzieFV76WfnPiP36F4UiKeD8w%3D%3D","environmentVariables":{"FIREBASE_CONFIG":"{\"projectId\":\"roadtrip-royale-dev-d2652\",\"storageBucket\":\"roadtrip-royale-dev-d2652.firebasestorage.app\"}","GCLOUD_PROJECT":"roadtrip-royale-dev-d2652","EVENTARC_CLOUD_EVENT_SOURCE":"projects/roadtrip-royale-dev-d2652/locations/us-central1/functions/respondToFriendInvite"},"runtime":"nodejs20","buildEnvironmentVariables":{"GOOGLE_NODE_RUN_SCRIPTS":""},"sourceToken":"eac1cfcc-da93-458f-9960-d8d7778c4fbb","dockerRegistry":"ARTIFACT_REGISTRY"},"versionId":"1","updateTime":"2025-12-17T18:48:51.358298964Z","buildId":"742e9056-7596-40d8-aebb-03a385eb9042","sourceToken":"eac1cfcc-da93-458f-9960-d8d7778c4fbb","buildName":"projects/900272218936/locations/us-central1/builds/742e9056-7596-40d8-aebb-03a385eb9042"}}
[debug] [2025-12-17T18:48:59.580Z] Got source token eac1cfcc-da93-458f-9960-d8d7778c4fbb for region us-central1
[debug] [2025-12-17T18:48:59.620Z] <<< [apiv2][status] GET https://cloudfunctions.googleapis.com/v1/operations/cHJvamVjdHMvcm9hZHRyaXAtcm95YWxlLWRldi1kMjY1Mi9sb2NhdGlvbnMvdXMtY2VudHJhbDEvb3BlcmF0aW9ucy9vcGVyYXRpb24tMTc2NTk5NzMzMDk3MC02NDYyYTRiOTYzNWI5LTk2MDgyYjY2LWE0MzE2Zjdj 200
[debug] [2025-12-17T18:48:59.620Z] <<< [apiv2][body] GET https://cloudfunctions.googleapis.com/v1/operations/cHJvamVjdHMvcm9hZHRyaXAtcm95YWxlLWRldi1kMjY1Mi9sb2NhdGlvbnMvdXMtY2VudHJhbDEvb3BlcmF0aW9ucy9vcGVyYXRpb24tMTc2NTk5NzMzMDk3MC02NDYyYTRiOTYzNWI5LTk2MDgyYjY2LWE0MzE2Zjdj {"name":"operations/cHJvamVjdHMvcm9hZHRyaXAtcm95YWxlLWRldi1kMjY1Mi9sb2NhdGlvbnMvdXMtY2VudHJhbDEvb3BlcmF0aW9ucy9vcGVyYXRpb24tMTc2NTk5NzMzMDk3MC02NDYyYTRiOTYzNWI5LTk2MDgyYjY2LWE0MzE2Zjdj","metadata":{"@type":"type.googleapis.com/google.cloud.functions.v1.OperationMetadataV1","target":"projects/roadtrip-royale-dev-d2652/locations/us-central1/functions/redeemShareCode","type":"CREATE_FUNCTION","request":{"@type":"type.googleapis.com/google.cloud.functions.v1.CloudFunction","name":"projects/roadtrip-royale-dev-d2652/locations/us-central1/functions/redeemShareCode","httpsTrigger":{"securityLevel":"SECURE_ALWAYS"},"entryPoint":"redeemShareCode","updateTime":"1970-01-01T00:00:00Z","labels":{"deployment-tool":"cli-firebase","deployment-callable":"true","firebase-functions-hash":"7ed776848df965fd162ccf2b17e5157713773c4d"},"sourceUploadUrl":"https://storage.googleapis.com/uploads-995950081560.us-central1.cloudfunctions.appspot.com/d3e4617f-c584-410e-b8fc-d9c3cfc0c12d.zip?GoogleAccessId=service-900272218936@gcf-admin-robot.iam.gserviceaccount.com&Expires=1765999052&Signature=ZVoB%2BvLwqtAEitcDaZMHjVFx971YfVOKBAJlNy57P5EBVNCAPUHzOu4gg6R3cBdkNT0mbkPjDkKJPYMkjY5v4iZ%2BRlnvdGEOqZiSD0sbJ20i0xElss5EV9c7eIoitrkLH5aDhuLwmVX3XLbEyiZpSzy5XK6sK7ikawv%2FxsV5w%2Fy8cfcCG6KSTUXPDvMvMADSzkP25FVuy3gXjrL14zPEd15fMHF5BsU%2F6YmBNTFNFaiR3PxBjbtqRFozdKJEFlyiONvqn3pusSuKEBv3O2uGeIce48wacKz8kvZVlkqv0smUXLO6dqAGsoHoN1zV3dzieFV76WfnPiP36F4UiKeD8w%3D%3D","environmentVariables":{"FIREBASE_CONFIG":"{\"projectId\":\"roadtrip-royale-dev-d2652\",\"storageBucket\":\"roadtrip-royale-dev-d2652.firebasestorage.app\"}","GCLOUD_PROJECT":"roadtrip-royale-dev-d2652","EVENTARC_CLOUD_EVENT_SOURCE":"projects/roadtrip-royale-dev-d2652/locations/us-central1/functions/redeemShareCode"},"runtime":"nodejs20","buildEnvironmentVariables":{"GOOGLE_NODE_RUN_SCRIPTS":""},"sourceToken":"eac1cfcc-da93-458f-9960-d8d7778c4fbb","dockerRegistry":"ARTIFACT_REGISTRY"},"versionId":"1","updateTime":"2025-12-17T18:48:51.336976200Z","buildId":"742e9056-7596-40d8-aebb-03a385eb9042","sourceToken":"eac1cfcc-da93-458f-9960-d8d7778c4fbb","buildName":"projects/900272218936/locations/us-central1/builds/742e9056-7596-40d8-aebb-03a385eb9042"}}
[debug] [2025-12-17T18:48:59.620Z] Got source token eac1cfcc-da93-458f-9960-d8d7778c4fbb for region us-central1
[debug] [2025-12-17T18:48:59.621Z] <<< [apiv2][status] GET https://cloudfunctions.googleapis.com/v1/operations/cHJvamVjdHMvcm9hZHRyaXAtcm95YWxlLWRldi1kMjY1Mi9sb2NhdGlvbnMvdXMtY2VudHJhbDEvb3BlcmF0aW9ucy9vcGVyYXRpb24tMTc2NTk5NzMzMTAwMi02NDYyYTRiOTZiMzE2LWZhZGE0MWQ3LTE2NGM2Njcy 200
[debug] [2025-12-17T18:48:59.621Z] <<< [apiv2][body] GET https://cloudfunctions.googleapis.com/v1/operations/cHJvamVjdHMvcm9hZHRyaXAtcm95YWxlLWRldi1kMjY1Mi9sb2NhdGlvbnMvdXMtY2VudHJhbDEvb3BlcmF0aW9ucy9vcGVyYXRpb24tMTc2NTk5NzMzMTAwMi02NDYyYTRiOTZiMzE2LWZhZGE0MWQ3LTE2NGM2Njcy {"name":"operations/cHJvamVjdHMvcm9hZHRyaXAtcm95YWxlLWRldi1kMjY1Mi9sb2NhdGlvbnMvdXMtY2VudHJhbDEvb3BlcmF0aW9ucy9vcGVyYXRpb24tMTc2NTk5NzMzMTAwMi02NDYyYTRiOTZiMzE2LWZhZGE0MWQ3LTE2NGM2Njcy","metadata":{"@type":"type.googleapis.com/google.cloud.functions.v1.OperationMetadataV1","target":"projects/roadtrip-royale-dev-d2652/locations/us-central1/functions/createFamily","type":"CREATE_FUNCTION","request":{"@type":"type.googleapis.com/google.cloud.functions.v1.CloudFunction","name":"projects/roadtrip-royale-dev-d2652/locations/us-central1/functions/createFamily","httpsTrigger":{"securityLevel":"SECURE_ALWAYS"},"entryPoint":"createFamily","updateTime":"1970-01-01T00:00:00Z","labels":{"deployment-tool":"cli-firebase","deployment-callable":"true","firebase-functions-hash":"7ed776848df965fd162ccf2b17e5157713773c4d"},"sourceUploadUrl":"https://storage.googleapis.com/uploads-995950081560.us-central1.cloudfunctions.appspot.com/d3e4617f-c584-410e-b8fc-d9c3cfc0c12d.zip?GoogleAccessId=service-900272218936@gcf-admin-robot.iam.gserviceaccount.com&Expires=1765999052&Signature=ZVoB%2BvLwqtAEitcDaZMHjVFx971YfVOKBAJlNy57P5EBVNCAPUHzOu4gg6R3cBdkNT0mbkPjDkKJPYMkjY5v4iZ%2BRlnvdGEOqZiSD0sbJ20i0xElss5EV9c7eIoitrkLH5aDhuLwmVX3XLbEyiZpSzy5XK6sK7ikawv%2FxsV5w%2Fy8cfcCG6KSTUXPDvMvMADSzkP25FVuy3gXjrL14zPEd15fMHF5BsU%2F6YmBNTFNFaiR3PxBjbtqRFozdKJEFlyiONvqn3pusSuKEBv3O2uGeIce48wacKz8kvZVlkqv0smUXLO6dqAGsoHoN1zV3dzieFV76WfnPiP36F4UiKeD8w%3D%3D","environmentVariables":{"FIREBASE_CONFIG":"{\"projectId\":\"roadtrip-royale-dev-d2652\",\"storageBucket\":\"roadtrip-royale-dev-d2652.firebasestorage.app\"}","GCLOUD_PROJECT":"roadtrip-royale-dev-d2652","EVENTARC_CLOUD_EVENT_SOURCE":"projects/roadtrip-royale-dev-d2652/locations/us-central1/functions/createFamily"},"runtime":"nodejs20","buildEnvironmentVariables":{"GOOGLE_NODE_RUN_SCRIPTS":""},"sourceToken":"eac1cfcc-da93-458f-9960-d8d7778c4fbb","dockerRegistry":"ARTIFACT_REGISTRY"},"versionId":"1","updateTime":"2025-12-17T18:48:51.415564963Z","buildId":"742e9056-7596-40d8-aebb-03a385eb9042","sourceToken":"eac1cfcc-da93-458f-9960-d8d7778c4fbb","buildName":"projects/900272218936/locations/us-central1/builds/742e9056-7596-40d8-aebb-03a385eb9042"}}
[debug] [2025-12-17T18:48:59.621Z] Got source token eac1cfcc-da93-458f-9960-d8d7778c4fbb for region us-central1
[debug] [2025-12-17T18:48:59.689Z] <<< [apiv2][status] GET https://cloudfunctions.googleapis.com/v1/operations/cHJvamVjdHMvcm9hZHRyaXAtcm95YWxlLWRldi1kMjY1Mi9sb2NhdGlvbnMvdXMtY2VudHJhbDEvb3BlcmF0aW9ucy9vcGVyYXRpb24tMTc2NTk5NzMzMTAyOC02NDYyYTRiOTcxYjA1LWFmZTc1MzZmLWUwNmY4OTcw 200
[debug] [2025-12-17T18:48:59.689Z] <<< [apiv2][body] GET https://cloudfunctions.googleapis.com/v1/operations/cHJvamVjdHMvcm9hZHRyaXAtcm95YWxlLWRldi1kMjY1Mi9sb2NhdGlvbnMvdXMtY2VudHJhbDEvb3BlcmF0aW9ucy9vcGVyYXRpb24tMTc2NTk5NzMzMTAyOC02NDYyYTRiOTcxYjA1LWFmZTc1MzZmLWUwNmY4OTcw {"name":"operations/cHJvamVjdHMvcm9hZHRyaXAtcm95YWxlLWRldi1kMjY1Mi9sb2NhdGlvbnMvdXMtY2VudHJhbDEvb3BlcmF0aW9ucy9vcGVyYXRpb24tMTc2NTk5NzMzMTAyOC02NDYyYTRiOTcxYjA1LWFmZTc1MzZmLWUwNmY4OTcw","metadata":{"@type":"type.googleapis.com/google.cloud.functions.v1.OperationMetadataV1","target":"projects/roadtrip-royale-dev-d2652/locations/us-central1/functions/expireInvitesAndCodes","type":"CREATE_FUNCTION","request":{"@type":"type.googleapis.com/google.cloud.functions.v1.CloudFunction","name":"projects/roadtrip-royale-dev-d2652/locations/us-central1/functions/expireInvitesAndCodes","eventTrigger":{"eventType":"google.pubsub.topic.publish","resource":"projects/roadtrip-royale-dev-d2652/topics/firebase-schedule-expireInvitesAndCodes-us-central1","failurePolicy":{}},"entryPoint":"expireInvitesAndCodes","updateTime":"1970-01-01T00:00:00Z","labels":{"deployment-tool":"cli-firebase","deployment-scheduled":"true","firebase-functions-hash":"7ed776848df965fd162ccf2b17e5157713773c4d"},"sourceUploadUrl":"https://storage.googleapis.com/uploads-995950081560.us-central1.cloudfunctions.appspot.com/d3e4617f-c584-410e-b8fc-d9c3cfc0c12d.zip?GoogleAccessId=service-900272218936@gcf-admin-robot.iam.gserviceaccount.com&Expires=1765999052&Signature=ZVoB%2BvLwqtAEitcDaZMHjVFx971YfVOKBAJlNy57P5EBVNCAPUHzOu4gg6R3cBdkNT0mbkPjDkKJPYMkjY5v4iZ%2BRlnvdGEOqZiSD0sbJ20i0xElss5EV9c7eIoitrkLH5aDhuLwmVX3XLbEyiZpSzy5XK6sK7ikawv%2FxsV5w%2Fy8cfcCG6KSTUXPDvMvMADSzkP25FVuy3gXjrL14zPEd15fMHF5BsU%2F6YmBNTFNFaiR3PxBjbtqRFozdKJEFlyiONvqn3pusSuKEBv3O2uGeIce48wacKz8kvZVlkqv0smUXLO6dqAGsoHoN1zV3dzieFV76WfnPiP36F4UiKeD8w%3D%3D","environmentVariables":{"FIREBASE_CONFIG":"{\"projectId\":\"roadtrip-royale-dev-d2652\",\"storageBucket\":\"roadtrip-royale-dev-d2652.firebasestorage.app\"}","GCLOUD_PROJECT":"roadtrip-royale-dev-d2652","EVENTARC_CLOUD_EVENT_SOURCE":"projects/roadtrip-royale-dev-d2652/locations/us-central1/functions/expireInvitesAndCodes"},"runtime":"nodejs20","buildEnvironmentVariables":{"GOOGLE_NODE_RUN_SCRIPTS":""},"sourceToken":"eac1cfcc-da93-458f-9960-d8d7778c4fbb","dockerRegistry":"ARTIFACT_REGISTRY"},"versionId":"1","updateTime":"2025-12-17T18:48:51.386885577Z","buildId":"742e9056-7596-40d8-aebb-03a385eb9042","sourceToken":"eac1cfcc-da93-458f-9960-d8d7778c4fbb","buildName":"projects/900272218936/locations/us-central1/builds/742e9056-7596-40d8-aebb-03a385eb9042"}}
[debug] [2025-12-17T18:48:59.689Z] Got source token eac1cfcc-da93-458f-9960-d8d7778c4fbb for region us-central1
[debug] [2025-12-17T18:49:00.862Z] [create-default-us-central1-createShareCode] Retrying task index 0
[debug] [2025-12-17T18:49:00.862Z] Checked if tokens are valid: true, expires at: 1766000738358
[debug] [2025-12-17T18:49:00.862Z] Checked if tokens are valid: true, expires at: 1766000738358
[debug] [2025-12-17T18:49:00.862Z] >>> [apiv2][query] GET https://cloudfunctions.googleapis.com/v1/operations/cHJvamVjdHMvcm9hZHRyaXAtcm95YWxlLWRldi1kMjY1Mi9sb2NhdGlvbnMvdXMtY2VudHJhbDEvb3BlcmF0aW9ucy9vcGVyYXRpb24tMTc2NTk5NzI1MjY4MC02NDYyYTQ2ZWI5YTkxLTRiNDZjNjczLTNlMjliZWY3 [none]
[debug] [2025-12-17T18:49:00.978Z] <<< [apiv2][status] GET https://cloudfunctions.googleapis.com/v1/operations/cHJvamVjdHMvcm9hZHRyaXAtcm95YWxlLWRldi1kMjY1Mi9sb2NhdGlvbnMvdXMtY2VudHJhbDEvb3BlcmF0aW9ucy9vcGVyYXRpb24tMTc2NTk5NzI1MjY4MC02NDYyYTQ2ZWI5YTkxLTRiNDZjNjczLTNlMjliZWY3 200
[debug] [2025-12-17T18:49:00.979Z] <<< [apiv2][body] GET https://cloudfunctions.googleapis.com/v1/operations/cHJvamVjdHMvcm9hZHRyaXAtcm95YWxlLWRldi1kMjY1Mi9sb2NhdGlvbnMvdXMtY2VudHJhbDEvb3BlcmF0aW9ucy9vcGVyYXRpb24tMTc2NTk5NzI1MjY4MC02NDYyYTQ2ZWI5YTkxLTRiNDZjNjczLTNlMjliZWY3 {"name":"operations/cHJvamVjdHMvcm9hZHRyaXAtcm95YWxlLWRldi1kMjY1Mi9sb2NhdGlvbnMvdXMtY2VudHJhbDEvb3BlcmF0aW9ucy9vcGVyYXRpb24tMTc2NTk5NzI1MjY4MC02NDYyYTQ2ZWI5YTkxLTRiNDZjNjczLTNlMjliZWY3","metadata":{"@type":"type.googleapis.com/google.cloud.functions.v1.OperationMetadataV1","target":"projects/roadtrip-royale-dev-d2652/locations/us-central1/functions/createShareCode","type":"CREATE_FUNCTION","request":{"@type":"type.googleapis.com/google.cloud.functions.v1.CloudFunction","name":"projects/roadtrip-royale-dev-d2652/locations/us-central1/functions/createShareCode","httpsTrigger":{"securityLevel":"SECURE_ALWAYS"},"entryPoint":"createShareCode","updateTime":"1970-01-01T00:00:00Z","labels":{"deployment-tool":"cli-firebase","deployment-callable":"true","firebase-functions-hash":"7ed776848df965fd162ccf2b17e5157713773c4d"},"sourceUploadUrl":"https://storage.googleapis.com/uploads-995950081560.us-central1.cloudfunctions.appspot.com/d3e4617f-c584-410e-b8fc-d9c3cfc0c12d.zip?GoogleAccessId=service-900272218936@gcf-admin-robot.iam.gserviceaccount.com&Expires=1765999052&Signature=ZVoB%2BvLwqtAEitcDaZMHjVFx971YfVOKBAJlNy57P5EBVNCAPUHzOu4gg6R3cBdkNT0mbkPjDkKJPYMkjY5v4iZ%2BRlnvdGEOqZiSD0sbJ20i0xElss5EV9c7eIoitrkLH5aDhuLwmVX3XLbEyiZpSzy5XK6sK7ikawv%2FxsV5w%2Fy8cfcCG6KSTUXPDvMvMADSzkP25FVuy3gXjrL14zPEd15fMHF5BsU%2F6YmBNTFNFaiR3PxBjbtqRFozdKJEFlyiONvqn3pusSuKEBv3O2uGeIce48wacKz8kvZVlkqv0smUXLO6dqAGsoHoN1zV3dzieFV76WfnPiP36F4UiKeD8w%3D%3D","environmentVariables":{"FIREBASE_CONFIG":"{\"projectId\":\"roadtrip-royale-dev-d2652\",\"storageBucket\":\"roadtrip-royale-dev-d2652.firebasestorage.app\"}","GCLOUD_PROJECT":"roadtrip-royale-dev-d2652","EVENTARC_CLOUD_EVENT_SOURCE":"projects/roadtrip-royale-dev-d2652/locations/us-central1/functions/createShareCode"},"runtime":"nodejs20","buildEnvironmentVariables":{"GOOGLE_NODE_RUN_SCRIPTS":""},"dockerRegistry":"ARTIFACT_REGISTRY"},"versionId":"1","updateTime":"2025-12-17T18:48:52.380728630Z","buildId":"742e9056-7596-40d8-aebb-03a385eb9042","sourceToken":"eac1cfcc-da93-458f-9960-d8d7778c4fbb","buildName":"projects/900272218936/locations/us-central1/builds/742e9056-7596-40d8-aebb-03a385eb9042"},"done":true,"response":{"@type":"type.googleapis.com/google.cloud.functions.v1.CloudFunction","name":"projects/roadtrip-royale-dev-d2652/locations/us-central1/functions/createShareCode","httpsTrigger":{"url":"https://us-central1-roadtrip-royale-dev-d2652.cloudfunctions.net/createShareCode","securityLevel":"SECURE_ALWAYS"},"status":"ACTIVE","entryPoint":"createShareCode","timeout":"60s","availableMemoryMb":256,"serviceAccountEmail":"roadtrip-royale-dev-d2652@appspot.gserviceaccount.com","updateTime":"2025-12-17T18:47:33.087683515Z","versionId":"1","labels":{"deployment-callable":"true","firebase-functions-hash":"7ed776848df965fd162ccf2b17e5157713773c4d","deployment-tool":"cli-firebase"},"sourceUploadUrl":"https://storage.googleapis.com/uploads-995950081560.us-central1.cloudfunctions.appspot.com/d3e4617f-c584-410e-b8fc-d9c3cfc0c12d.zip","environmentVariables":{"FIREBASE_CONFIG":"{\"projectId\":\"roadtrip-royale-dev-d2652\",\"storageBucket\":\"roadtrip-royale-dev-d2652.firebasestorage.app\"}","GCLOUD_PROJECT":"roadtrip-royale-dev-d2652","EVENTARC_CLOUD_EVENT_SOURCE":"projects/roadtrip-royale-dev-d2652/locations/us-central1/functions/createShareCode"},"runtime":"nodejs20","ingressSettings":"ALLOW_ALL","buildId":"742e9056-7596-40d8-aebb-03a385eb9042","buildEnvironmentVariables":{"GOOGLE_NODE_RUN_SCRIPTS":""},"buildName":"projects/900272218936/locations/us-central1/builds/742e9056-7596-40d8-aebb-03a385eb9042","dockerRegistry":"ARTIFACT_REGISTRY","automaticUpdatePolicy":{},"buildServiceAccount":"projects/roadtrip-royale-dev-d2652/serviceAccounts/900272218936-compute@developer.gserviceaccount.com","satisfiesPzi":true}}
[debug] [2025-12-17T18:49:00.979Z] Got source token eac1cfcc-da93-458f-9960-d8d7778c4fbb for region us-central1
[debug] [2025-12-17T18:49:00.980Z] Checked if tokens are valid: true, expires at: 1766000738358
[debug] [2025-12-17T18:49:00.980Z] Checked if tokens are valid: true, expires at: 1766000738358
[debug] [2025-12-17T18:49:00.980Z] >>> [apiv2][query] POST https://cloudfunctions.googleapis.com/v1/projects/roadtrip-royale-dev-d2652/locations/us-central1/functions/createShareCode:setIamPolicy [none]
[debug] [2025-12-17T18:49:00.980Z] >>> [apiv2][body] POST https://cloudfunctions.googleapis.com/v1/projects/roadtrip-royale-dev-d2652/locations/us-central1/functions/createShareCode:setIamPolicy {"policy":{"bindings":[{"role":"roles/cloudfunctions.invoker","members":["allUsers"]}],"etag":"","version":3},"updateMask":"bindings,etag,version"}
[debug] [2025-12-17T18:49:01.313Z] <<< [apiv2][status] POST https://cloudfunctions.googleapis.com/v1/projects/roadtrip-royale-dev-d2652/locations/us-central1/functions/createShareCode:setIamPolicy 200
[debug] [2025-12-17T18:49:01.313Z] <<< [apiv2][body] POST https://cloudfunctions.googleapis.com/v1/projects/roadtrip-royale-dev-d2652/locations/us-central1/functions/createShareCode:setIamPolicy {"version":1,"etag":"BwZGKkwzOU4=","bindings":[{"role":"roles/cloudfunctions.invoker","members":["allUsers"]}]}
[info] ✔  functions[createShareCode(us-central1)] Successful create operation. 
[debug] [2025-12-17T18:49:07.387Z] [create-default-us-central1-changeFamilyMemberRole] Retrying task index 0
[debug] [2025-12-17T18:49:07.387Z] Checked if tokens are valid: true, expires at: 1766000738358
[debug] [2025-12-17T18:49:07.387Z] Checked if tokens are valid: true, expires at: 1766000738358
[debug] [2025-12-17T18:49:07.387Z] >>> [apiv2][query] GET https://cloudfunctions.googleapis.com/v1/operations/cHJvamVjdHMvcm9hZHRyaXAtcm95YWxlLWRldi1kMjY1Mi9sb2NhdGlvbnMvdXMtY2VudHJhbDEvb3BlcmF0aW9ucy9vcGVyYXRpb24tMTc2NTk5NzMzMDk3MS02NDYyYTRiOTYzYmQ1LTMxOWQwMWY2LTQwYTM0YzY3 [none]
[debug] [2025-12-17T18:49:07.455Z] [create-default-us-central1-removeFamilyMember] Retrying task index 0
[debug] [2025-12-17T18:49:07.456Z] Checked if tokens are valid: true, expires at: 1766000738358
[debug] [2025-12-17T18:49:07.456Z] Checked if tokens are valid: true, expires at: 1766000738358
[debug] [2025-12-17T18:49:07.456Z] >>> [apiv2][query] GET https://cloudfunctions.googleapis.com/v1/operations/cHJvamVjdHMvcm9hZHRyaXAtcm95YWxlLWRldi1kMjY1Mi9sb2NhdGlvbnMvdXMtY2VudHJhbDEvb3BlcmF0aW9ucy9vcGVyYXRpb24tMTc2NTk5NzMzMTA0Mi02NDYyYTRiOTc1MGJhLWFmMjYxMWExLTZiNWRkYmQw [none]
[debug] [2025-12-17T18:49:07.477Z] [create-default-us-central1-respondToFamilyInvite_UserStep] Retrying task index 0
[debug] [2025-12-17T18:49:07.477Z] Checked if tokens are valid: true, expires at: 1766000738358
[debug] [2025-12-17T18:49:07.477Z] Checked if tokens are valid: true, expires at: 1766000738358
[debug] [2025-12-17T18:49:07.477Z] >>> [apiv2][query] GET https://cloudfunctions.googleapis.com/v1/operations/cHJvamVjdHMvcm9hZHRyaXAtcm95YWxlLWRldi1kMjY1Mi9sb2NhdGlvbnMvdXMtY2VudHJhbDEvb3BlcmF0aW9ucy9vcGVyYXRpb24tMTc2NTk5NzMzMTA0MC02NDYyYTRiOTc0OTZkLTI5NTAzZGQ1LTc0NGI2NWNl [none]
[debug] [2025-12-17T18:49:07.479Z] [create-default-us-central1-approveFamilyJoinRequest_CaptainStep] Retrying task index 0
[debug] [2025-12-17T18:49:07.479Z] Checked if tokens are valid: true, expires at: 1766000738358
[debug] [2025-12-17T18:49:07.479Z] Checked if tokens are valid: true, expires at: 1766000738358
[debug] [2025-12-17T18:49:07.479Z] >>> [apiv2][query] GET https://cloudfunctions.googleapis.com/v1/operations/cHJvamVjdHMvcm9hZHRyaXAtcm95YWxlLWRldi1kMjY1Mi9sb2NhdGlvbnMvdXMtY2VudHJhbDEvb3BlcmF0aW9ucy9vcGVyYXRpb24tMTc2NTk5NzMzMTAwMS02NDYyYTRiOTZhZmM2LTU2ZDdlNTE1LTA5MDg3M2Iy [none]
[debug] [2025-12-17T18:49:07.532Z] <<< [apiv2][status] GET https://cloudfunctions.googleapis.com/v1/operations/cHJvamVjdHMvcm9hZHRyaXAtcm95YWxlLWRldi1kMjY1Mi9sb2NhdGlvbnMvdXMtY2VudHJhbDEvb3BlcmF0aW9ucy9vcGVyYXRpb24tMTc2NTk5NzMzMDk3MS02NDYyYTRiOTYzYmQ1LTMxOWQwMWY2LTQwYTM0YzY3 200
[debug] [2025-12-17T18:49:07.532Z] <<< [apiv2][body] GET https://cloudfunctions.googleapis.com/v1/operations/cHJvamVjdHMvcm9hZHRyaXAtcm95YWxlLWRldi1kMjY1Mi9sb2NhdGlvbnMvdXMtY2VudHJhbDEvb3BlcmF0aW9ucy9vcGVyYXRpb24tMTc2NTk5NzMzMDk3MS02NDYyYTRiOTYzYmQ1LTMxOWQwMWY2LTQwYTM0YzY3 {"name":"operations/cHJvamVjdHMvcm9hZHRyaXAtcm95YWxlLWRldi1kMjY1Mi9sb2NhdGlvbnMvdXMtY2VudHJhbDEvb3BlcmF0aW9ucy9vcGVyYXRpb24tMTc2NTk5NzMzMDk3MS02NDYyYTRiOTYzYmQ1LTMxOWQwMWY2LTQwYTM0YzY3","metadata":{"@type":"type.googleapis.com/google.cloud.functions.v1.OperationMetadataV1","target":"projects/roadtrip-royale-dev-d2652/locations/us-central1/functions/changeFamilyMemberRole","type":"CREATE_FUNCTION","request":{"@type":"type.googleapis.com/google.cloud.functions.v1.CloudFunction","name":"projects/roadtrip-royale-dev-d2652/locations/us-central1/functions/changeFamilyMemberRole","httpsTrigger":{"securityLevel":"SECURE_ALWAYS"},"entryPoint":"changeFamilyMemberRole","updateTime":"1970-01-01T00:00:00Z","labels":{"deployment-tool":"cli-firebase","deployment-callable":"true","firebase-functions-hash":"7ed776848df965fd162ccf2b17e5157713773c4d"},"sourceUploadUrl":"https://storage.googleapis.com/uploads-995950081560.us-central1.cloudfunctions.appspot.com/d3e4617f-c584-410e-b8fc-d9c3cfc0c12d.zip?GoogleAccessId=service-900272218936@gcf-admin-robot.iam.gserviceaccount.com&Expires=1765999052&Signature=ZVoB%2BvLwqtAEitcDaZMHjVFx971YfVOKBAJlNy57P5EBVNCAPUHzOu4gg6R3cBdkNT0mbkPjDkKJPYMkjY5v4iZ%2BRlnvdGEOqZiSD0sbJ20i0xElss5EV9c7eIoitrkLH5aDhuLwmVX3XLbEyiZpSzy5XK6sK7ikawv%2FxsV5w%2Fy8cfcCG6KSTUXPDvMvMADSzkP25FVuy3gXjrL14zPEd15fMHF5BsU%2F6YmBNTFNFaiR3PxBjbtqRFozdKJEFlyiONvqn3pusSuKEBv3O2uGeIce48wacKz8kvZVlkqv0smUXLO6dqAGsoHoN1zV3dzieFV76WfnPiP36F4UiKeD8w%3D%3D","environmentVariables":{"FIREBASE_CONFIG":"{\"projectId\":\"roadtrip-royale-dev-d2652\",\"storageBucket\":\"roadtrip-royale-dev-d2652.firebasestorage.app\"}","GCLOUD_PROJECT":"roadtrip-royale-dev-d2652","EVENTARC_CLOUD_EVENT_SOURCE":"projects/roadtrip-royale-dev-d2652/locations/us-central1/functions/changeFamilyMemberRole"},"runtime":"nodejs20","buildEnvironmentVariables":{"GOOGLE_NODE_RUN_SCRIPTS":""},"sourceToken":"eac1cfcc-da93-458f-9960-d8d7778c4fbb","dockerRegistry":"ARTIFACT_REGISTRY"},"versionId":"1","updateTime":"2025-12-17T18:49:05.578885558Z","buildId":"742e9056-7596-40d8-aebb-03a385eb9042","sourceToken":"eac1cfcc-da93-458f-9960-d8d7778c4fbb","buildName":"projects/900272218936/locations/us-central1/builds/742e9056-7596-40d8-aebb-03a385eb9042"},"done":true,"response":{"@type":"type.googleapis.com/google.cloud.functions.v1.CloudFunction","name":"projects/roadtrip-royale-dev-d2652/locations/us-central1/functions/changeFamilyMemberRole","httpsTrigger":{"url":"https://us-central1-roadtrip-royale-dev-d2652.cloudfunctions.net/changeFamilyMemberRole","securityLevel":"SECURE_ALWAYS"},"status":"ACTIVE","entryPoint":"changeFamilyMemberRole","timeout":"60s","availableMemoryMb":256,"serviceAccountEmail":"roadtrip-royale-dev-d2652@appspot.gserviceaccount.com","updateTime":"2025-12-17T18:48:51.289493399Z","versionId":"1","labels":{"deployment-tool":"cli-firebase","deployment-callable":"true","firebase-functions-hash":"7ed776848df965fd162ccf2b17e5157713773c4d"},"sourceUploadUrl":"https://storage.googleapis.com/uploads-995950081560.us-central1.cloudfunctions.appspot.com/d3e4617f-c584-410e-b8fc-d9c3cfc0c12d.zip","environmentVariables":{"FIREBASE_CONFIG":"{\"projectId\":\"roadtrip-royale-dev-d2652\",\"storageBucket\":\"roadtrip-royale-dev-d2652.firebasestorage.app\"}","GCLOUD_PROJECT":"roadtrip-royale-dev-d2652","EVENTARC_CLOUD_EVENT_SOURCE":"projects/roadtrip-royale-dev-d2652/locations/us-central1/functions/changeFamilyMemberRole"},"runtime":"nodejs20","ingressSettings":"ALLOW_ALL","buildId":"742e9056-7596-40d8-aebb-03a385eb9042","buildEnvironmentVariables":{"GOOGLE_NODE_RUN_SCRIPTS":""},"buildName":"projects/900272218936/locations/us-central1/builds/742e9056-7596-40d8-aebb-03a385eb9042","dockerRegistry":"ARTIFACT_REGISTRY","automaticUpdatePolicy":{},"buildServiceAccount":"projects/roadtrip-royale-dev-d2652/serviceAccounts/900272218936-compute@developer.gserviceaccount.com","satisfiesPzi":true}}
[debug] [2025-12-17T18:49:07.533Z] Got source token eac1cfcc-da93-458f-9960-d8d7778c4fbb for region us-central1
[debug] [2025-12-17T18:49:07.533Z] Checked if tokens are valid: true, expires at: 1766000738358
[debug] [2025-12-17T18:49:07.533Z] Checked if tokens are valid: true, expires at: 1766000738358
[debug] [2025-12-17T18:49:07.533Z] >>> [apiv2][query] POST https://cloudfunctions.googleapis.com/v1/projects/roadtrip-royale-dev-d2652/locations/us-central1/functions/changeFamilyMemberRole:setIamPolicy [none]
[debug] [2025-12-17T18:49:07.533Z] >>> [apiv2][body] POST https://cloudfunctions.googleapis.com/v1/projects/roadtrip-royale-dev-d2652/locations/us-central1/functions/changeFamilyMemberRole:setIamPolicy {"policy":{"bindings":[{"role":"roles/cloudfunctions.invoker","members":["allUsers"]}],"etag":"","version":3},"updateMask":"bindings,etag,version"}
[debug] [2025-12-17T18:49:07.561Z] [create-default-us-central1-sendFamilyInvite] Retrying task index 0
[debug] [2025-12-17T18:49:07.562Z] Checked if tokens are valid: true, expires at: 1766000738358
[debug] [2025-12-17T18:49:07.562Z] Checked if tokens are valid: true, expires at: 1766000738358
[debug] [2025-12-17T18:49:07.562Z] >>> [apiv2][query] GET https://cloudfunctions.googleapis.com/v1/operations/cHJvamVjdHMvcm9hZHRyaXAtcm95YWxlLWRldi1kMjY1Mi9sb2NhdGlvbnMvdXMtY2VudHJhbDEvb3BlcmF0aW9ucy9vcGVyYXRpb24tMTc2NTk5NzMzMTAzNi02NDYyYTRiOTczN2E5LTY5OWVmNjE2LWI1NTkyODI1 [none]
[debug] [2025-12-17T18:49:07.563Z] [create-default-us-central1-onAuthUserDeleted] Retrying task index 0
[debug] [2025-12-17T18:49:07.563Z] Checked if tokens are valid: true, expires at: 1766000738358
[debug] [2025-12-17T18:49:07.563Z] Checked if tokens are valid: true, expires at: 1766000738358
[debug] [2025-12-17T18:49:07.563Z] >>> [apiv2][query] GET https://cloudfunctions.googleapis.com/v1/operations/cHJvamVjdHMvcm9hZHRyaXAtcm95YWxlLWRldi1kMjY1Mi9sb2NhdGlvbnMvdXMtY2VudHJhbDEvb3BlcmF0aW9ucy9vcGVyYXRpb24tMTc2NTk5NzMzMTAxNC02NDYyYTRiOTZlMTdlLWY5YjNjZTFlLWYwOTQ3NDc2 [none]
[debug] [2025-12-17T18:49:07.563Z] [create-default-us-central1-sendFriendInvite] Retrying task index 0
[debug] [2025-12-17T18:49:07.563Z] Checked if tokens are valid: true, expires at: 1766000738358
[debug] [2025-12-17T18:49:07.563Z] Checked if tokens are valid: true, expires at: 1766000738358
[debug] [2025-12-17T18:49:07.563Z] >>> [apiv2][query] GET https://cloudfunctions.googleapis.com/v1/operations/cHJvamVjdHMvcm9hZHRyaXAtcm95YWxlLWRldi1kMjY1Mi9sb2NhdGlvbnMvdXMtY2VudHJhbDEvb3BlcmF0aW9ucy9vcGVyYXRpb24tMTc2NTk5NzMzMTA0Mi02NDYyYTRiOTc1MDQwLWM0ZGExOWZhLTZkYWMyNDA5 [none]
[debug] [2025-12-17T18:49:07.571Z] <<< [apiv2][status] GET https://cloudfunctions.googleapis.com/v1/operations/cHJvamVjdHMvcm9hZHRyaXAtcm95YWxlLWRldi1kMjY1Mi9sb2NhdGlvbnMvdXMtY2VudHJhbDEvb3BlcmF0aW9ucy9vcGVyYXRpb24tMTc2NTk5NzMzMTA0Mi02NDYyYTRiOTc1MGJhLWFmMjYxMWExLTZiNWRkYmQw 200
[debug] [2025-12-17T18:49:07.571Z] <<< [apiv2][body] GET https://cloudfunctions.googleapis.com/v1/operations/cHJvamVjdHMvcm9hZHRyaXAtcm95YWxlLWRldi1kMjY1Mi9sb2NhdGlvbnMvdXMtY2VudHJhbDEvb3BlcmF0aW9ucy9vcGVyYXRpb24tMTc2NTk5NzMzMTA0Mi02NDYyYTRiOTc1MGJhLWFmMjYxMWExLTZiNWRkYmQw {"name":"operations/cHJvamVjdHMvcm9hZHRyaXAtcm95YWxlLWRldi1kMjY1Mi9sb2NhdGlvbnMvdXMtY2VudHJhbDEvb3BlcmF0aW9ucy9vcGVyYXRpb24tMTc2NTk5NzMzMTA0Mi02NDYyYTRiOTc1MGJhLWFmMjYxMWExLTZiNWRkYmQw","metadata":{"@type":"type.googleapis.com/google.cloud.functions.v1.OperationMetadataV1","target":"projects/roadtrip-royale-dev-d2652/locations/us-central1/functions/removeFamilyMember","type":"CREATE_FUNCTION","request":{"@type":"type.googleapis.com/google.cloud.functions.v1.CloudFunction","name":"projects/roadtrip-royale-dev-d2652/locations/us-central1/functions/removeFamilyMember","httpsTrigger":{"securityLevel":"SECURE_ALWAYS"},"entryPoint":"removeFamilyMember","updateTime":"1970-01-01T00:00:00Z","labels":{"deployment-tool":"cli-firebase","deployment-callable":"true","firebase-functions-hash":"7ed776848df965fd162ccf2b17e5157713773c4d"},"sourceUploadUrl":"https://storage.googleapis.com/uploads-995950081560.us-central1.cloudfunctions.appspot.com/d3e4617f-c584-410e-b8fc-d9c3cfc0c12d.zip?GoogleAccessId=service-900272218936@gcf-admin-robot.iam.gserviceaccount.com&Expires=1765999052&Signature=ZVoB%2BvLwqtAEitcDaZMHjVFx971YfVOKBAJlNy57P5EBVNCAPUHzOu4gg6R3cBdkNT0mbkPjDkKJPYMkjY5v4iZ%2BRlnvdGEOqZiSD0sbJ20i0xElss5EV9c7eIoitrkLH5aDhuLwmVX3XLbEyiZpSzy5XK6sK7ikawv%2FxsV5w%2Fy8cfcCG6KSTUXPDvMvMADSzkP25FVuy3gXjrL14zPEd15fMHF5BsU%2F6YmBNTFNFaiR3PxBjbtqRFozdKJEFlyiONvqn3pusSuKEBv3O2uGeIce48wacKz8kvZVlkqv0smUXLO6dqAGsoHoN1zV3dzieFV76WfnPiP36F4UiKeD8w%3D%3D","environmentVariables":{"FIREBASE_CONFIG":"{\"projectId\":\"roadtrip-royale-dev-d2652\",\"storageBucket\":\"roadtrip-royale-dev-d2652.firebasestorage.app\"}","GCLOUD_PROJECT":"roadtrip-royale-dev-d2652","EVENTARC_CLOUD_EVENT_SOURCE":"projects/roadtrip-royale-dev-d2652/locations/us-central1/functions/removeFamilyMember"},"runtime":"nodejs20","buildEnvironmentVariables":{"GOOGLE_NODE_RUN_SCRIPTS":""},"sourceToken":"eac1cfcc-da93-458f-9960-d8d7778c4fbb","dockerRegistry":"ARTIFACT_REGISTRY"},"versionId":"1","updateTime":"2025-12-17T18:49:05.610364879Z","buildId":"742e9056-7596-40d8-aebb-03a385eb9042","sourceToken":"eac1cfcc-da93-458f-9960-d8d7778c4fbb","buildName":"projects/900272218936/locations/us-central1/builds/742e9056-7596-40d8-aebb-03a385eb9042"},"done":true,"response":{"@type":"type.googleapis.com/google.cloud.functions.v1.CloudFunction","name":"projects/roadtrip-royale-dev-d2652/locations/us-central1/functions/removeFamilyMember","httpsTrigger":{"url":"https://us-central1-roadtrip-royale-dev-d2652.cloudfunctions.net/removeFamilyMember","securityLevel":"SECURE_ALWAYS"},"status":"ACTIVE","entryPoint":"removeFamilyMember","timeout":"60s","availableMemoryMb":256,"serviceAccountEmail":"roadtrip-royale-dev-d2652@appspot.gserviceaccount.com","updateTime":"2025-12-17T18:48:51.367131446Z","versionId":"1","labels":{"deployment-tool":"cli-firebase","deployment-callable":"true","firebase-functions-hash":"7ed776848df965fd162ccf2b17e5157713773c4d"},"sourceUploadUrl":"https://storage.googleapis.com/uploads-995950081560.us-central1.cloudfunctions.appspot.com/d3e4617f-c584-410e-b8fc-d9c3cfc0c12d.zip","environmentVariables":{"FIREBASE_CONFIG":"{\"projectId\":\"roadtrip-royale-dev-d2652\",\"storageBucket\":\"roadtrip-royale-dev-d2652.firebasestorage.app\"}","GCLOUD_PROJECT":"roadtrip-royale-dev-d2652","EVENTARC_CLOUD_EVENT_SOURCE":"projects/roadtrip-royale-dev-d2652/locations/us-central1/functions/removeFamilyMember"},"runtime":"nodejs20","ingressSettings":"ALLOW_ALL","buildId":"742e9056-7596-40d8-aebb-03a385eb9042","buildEnvironmentVariables":{"GOOGLE_NODE_RUN_SCRIPTS":""},"buildName":"projects/900272218936/locations/us-central1/builds/742e9056-7596-40d8-aebb-03a385eb9042","dockerRegistry":"ARTIFACT_REGISTRY","automaticUpdatePolicy":{},"buildServiceAccount":"projects/roadtrip-royale-dev-d2652/serviceAccounts/900272218936-compute@developer.gserviceaccount.com","satisfiesPzi":true}}
[debug] [2025-12-17T18:49:07.571Z] Got source token eac1cfcc-da93-458f-9960-d8d7778c4fbb for region us-central1
[debug] [2025-12-17T18:49:07.571Z] Checked if tokens are valid: true, expires at: 1766000738358
[debug] [2025-12-17T18:49:07.571Z] Checked if tokens are valid: true, expires at: 1766000738358
[debug] [2025-12-17T18:49:07.571Z] >>> [apiv2][query] POST https://cloudfunctions.googleapis.com/v1/projects/roadtrip-royale-dev-d2652/locations/us-central1/functions/removeFamilyMember:setIamPolicy [none]
[debug] [2025-12-17T18:49:07.571Z] >>> [apiv2][body] POST https://cloudfunctions.googleapis.com/v1/projects/roadtrip-royale-dev-d2652/locations/us-central1/functions/removeFamilyMember:setIamPolicy {"policy":{"bindings":[{"role":"roles/cloudfunctions.invoker","members":["allUsers"]}],"etag":"","version":3},"updateMask":"bindings,etag,version"}
[debug] [2025-12-17T18:49:07.581Z] [create-default-us-central1-respondToFriendInvite] Retrying task index 0
[debug] [2025-12-17T18:49:07.581Z] Checked if tokens are valid: true, expires at: 1766000738358
[debug] [2025-12-17T18:49:07.581Z] Checked if tokens are valid: true, expires at: 1766000738358
[debug] [2025-12-17T18:49:07.582Z] >>> [apiv2][query] GET https://cloudfunctions.googleapis.com/v1/operations/cHJvamVjdHMvcm9hZHRyaXAtcm95YWxlLWRldi1kMjY1Mi9sb2NhdGlvbnMvdXMtY2VudHJhbDEvb3BlcmF0aW9ucy9vcGVyYXRpb24tMTc2NTk5NzMzMTAwMi02NDYyYTRiOTZiM2VmLWU2MzZhOWRkLTIyYTc4MWU1 [none]
[debug] [2025-12-17T18:49:07.607Z] <<< [apiv2][status] GET https://cloudfunctions.googleapis.com/v1/operations/cHJvamVjdHMvcm9hZHRyaXAtcm95YWxlLWRldi1kMjY1Mi9sb2NhdGlvbnMvdXMtY2VudHJhbDEvb3BlcmF0aW9ucy9vcGVyYXRpb24tMTc2NTk5NzMzMTA0MC02NDYyYTRiOTc0OTZkLTI5NTAzZGQ1LTc0NGI2NWNl 200
[debug] [2025-12-17T18:49:07.607Z] <<< [apiv2][body] GET https://cloudfunctions.googleapis.com/v1/operations/cHJvamVjdHMvcm9hZHRyaXAtcm95YWxlLWRldi1kMjY1Mi9sb2NhdGlvbnMvdXMtY2VudHJhbDEvb3BlcmF0aW9ucy9vcGVyYXRpb24tMTc2NTk5NzMzMTA0MC02NDYyYTRiOTc0OTZkLTI5NTAzZGQ1LTc0NGI2NWNl {"name":"operations/cHJvamVjdHMvcm9hZHRyaXAtcm95YWxlLWRldi1kMjY1Mi9sb2NhdGlvbnMvdXMtY2VudHJhbDEvb3BlcmF0aW9ucy9vcGVyYXRpb24tMTc2NTk5NzMzMTA0MC02NDYyYTRiOTc0OTZkLTI5NTAzZGQ1LTc0NGI2NWNl","metadata":{"@type":"type.googleapis.com/google.cloud.functions.v1.OperationMetadataV1","target":"projects/roadtrip-royale-dev-d2652/locations/us-central1/functions/respondToFamilyInvite_UserStep","type":"CREATE_FUNCTION","request":{"@type":"type.googleapis.com/google.cloud.functions.v1.CloudFunction","name":"projects/roadtrip-royale-dev-d2652/locations/us-central1/functions/respondToFamilyInvite_UserStep","httpsTrigger":{"securityLevel":"SECURE_ALWAYS"},"entryPoint":"respondToFamilyInvite_UserStep","updateTime":"1970-01-01T00:00:00Z","labels":{"deployment-tool":"cli-firebase","deployment-callable":"true","firebase-functions-hash":"7ed776848df965fd162ccf2b17e5157713773c4d"},"sourceUploadUrl":"https://storage.googleapis.com/uploads-995950081560.us-central1.cloudfunctions.appspot.com/d3e4617f-c584-410e-b8fc-d9c3cfc0c12d.zip?GoogleAccessId=service-900272218936@gcf-admin-robot.iam.gserviceaccount.com&Expires=1765999052&Signature=ZVoB%2BvLwqtAEitcDaZMHjVFx971YfVOKBAJlNy57P5EBVNCAPUHzOu4gg6R3cBdkNT0mbkPjDkKJPYMkjY5v4iZ%2BRlnvdGEOqZiSD0sbJ20i0xElss5EV9c7eIoitrkLH5aDhuLwmVX3XLbEyiZpSzy5XK6sK7ikawv%2FxsV5w%2Fy8cfcCG6KSTUXPDvMvMADSzkP25FVuy3gXjrL14zPEd15fMHF5BsU%2F6YmBNTFNFaiR3PxBjbtqRFozdKJEFlyiONvqn3pusSuKEBv3O2uGeIce48wacKz8kvZVlkqv0smUXLO6dqAGsoHoN1zV3dzieFV76WfnPiP36F4UiKeD8w%3D%3D","environmentVariables":{"FIREBASE_CONFIG":"{\"projectId\":\"roadtrip-royale-dev-d2652\",\"storageBucket\":\"roadtrip-royale-dev-d2652.firebasestorage.app\"}","GCLOUD_PROJECT":"roadtrip-royale-dev-d2652","EVENTARC_CLOUD_EVENT_SOURCE":"projects/roadtrip-royale-dev-d2652/locations/us-central1/functions/respondToFamilyInvite_UserStep"},"runtime":"nodejs20","buildEnvironmentVariables":{"GOOGLE_NODE_RUN_SCRIPTS":""},"sourceToken":"eac1cfcc-da93-458f-9960-d8d7778c4fbb","dockerRegistry":"ARTIFACT_REGISTRY"},"versionId":"1","updateTime":"2025-12-17T18:49:05.187785446Z","buildId":"742e9056-7596-40d8-aebb-03a385eb9042","sourceToken":"eac1cfcc-da93-458f-9960-d8d7778c4fbb","buildName":"projects/900272218936/locations/us-central1/builds/742e9056-7596-40d8-aebb-03a385eb9042"},"done":true,"response":{"@type":"type.googleapis.com/google.cloud.functions.v1.CloudFunction","name":"projects/roadtrip-royale-dev-d2652/locations/us-central1/functions/respondToFamilyInvite_UserStep","httpsTrigger":{"url":"https://us-central1-roadtrip-royale-dev-d2652.cloudfunctions.net/respondToFamilyInvite_UserStep","securityLevel":"SECURE_ALWAYS"},"status":"ACTIVE","entryPoint":"respondToFamilyInvite_UserStep","timeout":"60s","availableMemoryMb":256,"serviceAccountEmail":"roadtrip-royale-dev-d2652@appspot.gserviceaccount.com","updateTime":"2025-12-17T18:48:51.420409669Z","versionId":"1","labels":{"firebase-functions-hash":"7ed776848df965fd162ccf2b17e5157713773c4d","deployment-tool":"cli-firebase","deployment-callable":"true"},"sourceUploadUrl":"https://storage.googleapis.com/uploads-995950081560.us-central1.cloudfunctions.appspot.com/d3e4617f-c584-410e-b8fc-d9c3cfc0c12d.zip","environmentVariables":{"FIREBASE_CONFIG":"{\"projectId\":\"roadtrip-royale-dev-d2652\",\"storageBucket\":\"roadtrip-royale-dev-d2652.firebasestorage.app\"}","GCLOUD_PROJECT":"roadtrip-royale-dev-d2652","EVENTARC_CLOUD_EVENT_SOURCE":"projects/roadtrip-royale-dev-d2652/locations/us-central1/functions/respondToFamilyInvite_UserStep"},"runtime":"nodejs20","ingressSettings":"ALLOW_ALL","buildId":"742e9056-7596-40d8-aebb-03a385eb9042","buildEnvironmentVariables":{"GOOGLE_NODE_RUN_SCRIPTS":""},"buildName":"projects/900272218936/locations/us-central1/builds/742e9056-7596-40d8-aebb-03a385eb9042","dockerRegistry":"ARTIFACT_REGISTRY","automaticUpdatePolicy":{},"buildServiceAccount":"projects/roadtrip-royale-dev-d2652/serviceAccounts/900272218936-compute@developer.gserviceaccount.com","satisfiesPzi":true}}
[debug] [2025-12-17T18:49:07.607Z] Got source token eac1cfcc-da93-458f-9960-d8d7778c4fbb for region us-central1
[debug] [2025-12-17T18:49:07.607Z] Checked if tokens are valid: true, expires at: 1766000738358
[debug] [2025-12-17T18:49:07.607Z] Checked if tokens are valid: true, expires at: 1766000738358
[debug] [2025-12-17T18:49:07.607Z] >>> [apiv2][query] POST https://cloudfunctions.googleapis.com/v1/projects/roadtrip-royale-dev-d2652/locations/us-central1/functions/respondToFamilyInvite_UserStep:setIamPolicy [none]
[debug] [2025-12-17T18:49:07.607Z] >>> [apiv2][body] POST https://cloudfunctions.googleapis.com/v1/projects/roadtrip-royale-dev-d2652/locations/us-central1/functions/respondToFamilyInvite_UserStep:setIamPolicy {"policy":{"bindings":[{"role":"roles/cloudfunctions.invoker","members":["allUsers"]}],"etag":"","version":3},"updateMask":"bindings,etag,version"}
[debug] [2025-12-17T18:49:07.621Z] [create-default-us-central1-redeemShareCode] Retrying task index 0
[debug] [2025-12-17T18:49:07.621Z] Checked if tokens are valid: true, expires at: 1766000738358
[debug] [2025-12-17T18:49:07.621Z] Checked if tokens are valid: true, expires at: 1766000738358
[debug] [2025-12-17T18:49:07.621Z] >>> [apiv2][query] GET https://cloudfunctions.googleapis.com/v1/operations/cHJvamVjdHMvcm9hZHRyaXAtcm95YWxlLWRldi1kMjY1Mi9sb2NhdGlvbnMvdXMtY2VudHJhbDEvb3BlcmF0aW9ucy9vcGVyYXRpb24tMTc2NTk5NzMzMDk3MC02NDYyYTRiOTYzNWI5LTk2MDgyYjY2LWE0MzE2Zjdj [none]
[debug] [2025-12-17T18:49:07.622Z] [create-default-us-central1-createFamily] Retrying task index 0
[debug] [2025-12-17T18:49:07.622Z] Checked if tokens are valid: true, expires at: 1766000738358
[debug] [2025-12-17T18:49:07.622Z] Checked if tokens are valid: true, expires at: 1766000738358
[debug] [2025-12-17T18:49:07.622Z] >>> [apiv2][query] GET https://cloudfunctions.googleapis.com/v1/operations/cHJvamVjdHMvcm9hZHRyaXAtcm95YWxlLWRldi1kMjY1Mi9sb2NhdGlvbnMvdXMtY2VudHJhbDEvb3BlcmF0aW9ucy9vcGVyYXRpb24tMTc2NTk5NzMzMTAwMi02NDYyYTRiOTZiMzE2LWZhZGE0MWQ3LTE2NGM2Njcy [none]
[debug] [2025-12-17T18:49:07.682Z] <<< [apiv2][status] GET https://cloudfunctions.googleapis.com/v1/operations/cHJvamVjdHMvcm9hZHRyaXAtcm95YWxlLWRldi1kMjY1Mi9sb2NhdGlvbnMvdXMtY2VudHJhbDEvb3BlcmF0aW9ucy9vcGVyYXRpb24tMTc2NTk5NzMzMTAwMS02NDYyYTRiOTZhZmM2LTU2ZDdlNTE1LTA5MDg3M2Iy 200
[debug] [2025-12-17T18:49:07.683Z] <<< [apiv2][body] GET https://cloudfunctions.googleapis.com/v1/operations/cHJvamVjdHMvcm9hZHRyaXAtcm95YWxlLWRldi1kMjY1Mi9sb2NhdGlvbnMvdXMtY2VudHJhbDEvb3BlcmF0aW9ucy9vcGVyYXRpb24tMTc2NTk5NzMzMTAwMS02NDYyYTRiOTZhZmM2LTU2ZDdlNTE1LTA5MDg3M2Iy {"name":"operations/cHJvamVjdHMvcm9hZHRyaXAtcm95YWxlLWRldi1kMjY1Mi9sb2NhdGlvbnMvdXMtY2VudHJhbDEvb3BlcmF0aW9ucy9vcGVyYXRpb24tMTc2NTk5NzMzMTAwMS02NDYyYTRiOTZhZmM2LTU2ZDdlNTE1LTA5MDg3M2Iy","metadata":{"@type":"type.googleapis.com/google.cloud.functions.v1.OperationMetadataV1","target":"projects/roadtrip-royale-dev-d2652/locations/us-central1/functions/approveFamilyJoinRequest_CaptainStep","type":"CREATE_FUNCTION","request":{"@type":"type.googleapis.com/google.cloud.functions.v1.CloudFunction","name":"projects/roadtrip-royale-dev-d2652/locations/us-central1/functions/approveFamilyJoinRequest_CaptainStep","httpsTrigger":{"securityLevel":"SECURE_ALWAYS"},"entryPoint":"approveFamilyJoinRequest_CaptainStep","updateTime":"1970-01-01T00:00:00Z","labels":{"deployment-tool":"cli-firebase","deployment-callable":"true","firebase-functions-hash":"7ed776848df965fd162ccf2b17e5157713773c4d"},"sourceUploadUrl":"https://storage.googleapis.com/uploads-995950081560.us-central1.cloudfunctions.appspot.com/d3e4617f-c584-410e-b8fc-d9c3cfc0c12d.zip?GoogleAccessId=service-900272218936@gcf-admin-robot.iam.gserviceaccount.com&Expires=1765999052&Signature=ZVoB%2BvLwqtAEitcDaZMHjVFx971YfVOKBAJlNy57P5EBVNCAPUHzOu4gg6R3cBdkNT0mbkPjDkKJPYMkjY5v4iZ%2BRlnvdGEOqZiSD0sbJ20i0xElss5EV9c7eIoitrkLH5aDhuLwmVX3XLbEyiZpSzy5XK6sK7ikawv%2FxsV5w%2Fy8cfcCG6KSTUXPDvMvMADSzkP25FVuy3gXjrL14zPEd15fMHF5BsU%2F6YmBNTFNFaiR3PxBjbtqRFozdKJEFlyiONvqn3pusSuKEBv3O2uGeIce48wacKz8kvZVlkqv0smUXLO6dqAGsoHoN1zV3dzieFV76WfnPiP36F4UiKeD8w%3D%3D","environmentVariables":{"FIREBASE_CONFIG":"{\"projectId\":\"roadtrip-royale-dev-d2652\",\"storageBucket\":\"roadtrip-royale-dev-d2652.firebasestorage.app\"}","GCLOUD_PROJECT":"roadtrip-royale-dev-d2652","EVENTARC_CLOUD_EVENT_SOURCE":"projects/roadtrip-royale-dev-d2652/locations/us-central1/functions/approveFamilyJoinRequest_CaptainStep"},"runtime":"nodejs20","buildEnvironmentVariables":{"GOOGLE_NODE_RUN_SCRIPTS":""},"sourceToken":"eac1cfcc-da93-458f-9960-d8d7778c4fbb","dockerRegistry":"ARTIFACT_REGISTRY"},"versionId":"1","updateTime":"2025-12-17T18:48:51.372448928Z","buildId":"742e9056-7596-40d8-aebb-03a385eb9042","sourceToken":"eac1cfcc-da93-458f-9960-d8d7778c4fbb","buildName":"projects/900272218936/locations/us-central1/builds/742e9056-7596-40d8-aebb-03a385eb9042"}}
[debug] [2025-12-17T18:49:07.683Z] Got source token eac1cfcc-da93-458f-9960-d8d7778c4fbb for region us-central1
[debug] [2025-12-17T18:49:07.683Z] <<< [apiv2][status] GET https://cloudfunctions.googleapis.com/v1/operations/cHJvamVjdHMvcm9hZHRyaXAtcm95YWxlLWRldi1kMjY1Mi9sb2NhdGlvbnMvdXMtY2VudHJhbDEvb3BlcmF0aW9ucy9vcGVyYXRpb24tMTc2NTk5NzMzMTAzNi02NDYyYTRiOTczN2E5LTY5OWVmNjE2LWI1NTkyODI1 200
[debug] [2025-12-17T18:49:07.683Z] <<< [apiv2][body] GET https://cloudfunctions.googleapis.com/v1/operations/cHJvamVjdHMvcm9hZHRyaXAtcm95YWxlLWRldi1kMjY1Mi9sb2NhdGlvbnMvdXMtY2VudHJhbDEvb3BlcmF0aW9ucy9vcGVyYXRpb24tMTc2NTk5NzMzMTAzNi02NDYyYTRiOTczN2E5LTY5OWVmNjE2LWI1NTkyODI1 {"name":"operations/cHJvamVjdHMvcm9hZHRyaXAtcm95YWxlLWRldi1kMjY1Mi9sb2NhdGlvbnMvdXMtY2VudHJhbDEvb3BlcmF0aW9ucy9vcGVyYXRpb24tMTc2NTk5NzMzMTAzNi02NDYyYTRiOTczN2E5LTY5OWVmNjE2LWI1NTkyODI1","metadata":{"@type":"type.googleapis.com/google.cloud.functions.v1.OperationMetadataV1","target":"projects/roadtrip-royale-dev-d2652/locations/us-central1/functions/sendFamilyInvite","type":"CREATE_FUNCTION","request":{"@type":"type.googleapis.com/google.cloud.functions.v1.CloudFunction","name":"projects/roadtrip-royale-dev-d2652/locations/us-central1/functions/sendFamilyInvite","httpsTrigger":{"securityLevel":"SECURE_ALWAYS"},"entryPoint":"sendFamilyInvite","updateTime":"1970-01-01T00:00:00Z","labels":{"deployment-tool":"cli-firebase","deployment-callable":"true","firebase-functions-hash":"7ed776848df965fd162ccf2b17e5157713773c4d"},"sourceUploadUrl":"https://storage.googleapis.com/uploads-995950081560.us-central1.cloudfunctions.appspot.com/d3e4617f-c584-410e-b8fc-d9c3cfc0c12d.zip?GoogleAccessId=service-900272218936@gcf-admin-robot.iam.gserviceaccount.com&Expires=1765999052&Signature=ZVoB%2BvLwqtAEitcDaZMHjVFx971YfVOKBAJlNy57P5EBVNCAPUHzOu4gg6R3cBdkNT0mbkPjDkKJPYMkjY5v4iZ%2BRlnvdGEOqZiSD0sbJ20i0xElss5EV9c7eIoitrkLH5aDhuLwmVX3XLbEyiZpSzy5XK6sK7ikawv%2FxsV5w%2Fy8cfcCG6KSTUXPDvMvMADSzkP25FVuy3gXjrL14zPEd15fMHF5BsU%2F6YmBNTFNFaiR3PxBjbtqRFozdKJEFlyiONvqn3pusSuKEBv3O2uGeIce48wacKz8kvZVlkqv0smUXLO6dqAGsoHoN1zV3dzieFV76WfnPiP36F4UiKeD8w%3D%3D","environmentVariables":{"FIREBASE_CONFIG":"{\"projectId\":\"roadtrip-royale-dev-d2652\",\"storageBucket\":\"roadtrip-royale-dev-d2652.firebasestorage.app\"}","GCLOUD_PROJECT":"roadtrip-royale-dev-d2652","EVENTARC_CLOUD_EVENT_SOURCE":"projects/roadtrip-royale-dev-d2652/locations/us-central1/functions/sendFamilyInvite"},"runtime":"nodejs20","buildEnvironmentVariables":{"GOOGLE_NODE_RUN_SCRIPTS":""},"sourceToken":"eac1cfcc-da93-458f-9960-d8d7778c4fbb","dockerRegistry":"ARTIFACT_REGISTRY"},"versionId":"1","updateTime":"2025-12-17T18:49:06.488198233Z","buildId":"742e9056-7596-40d8-aebb-03a385eb9042","sourceToken":"eac1cfcc-da93-458f-9960-d8d7778c4fbb","buildName":"projects/900272218936/locations/us-central1/builds/742e9056-7596-40d8-aebb-03a385eb9042"},"done":true,"response":{"@type":"type.googleapis.com/google.cloud.functions.v1.CloudFunction","name":"projects/roadtrip-royale-dev-d2652/locations/us-central1/functions/sendFamilyInvite","httpsTrigger":{"url":"https://us-central1-roadtrip-royale-dev-d2652.cloudfunctions.net/sendFamilyInvite","securityLevel":"SECURE_ALWAYS"},"status":"ACTIVE","entryPoint":"sendFamilyInvite","timeout":"60s","availableMemoryMb":256,"serviceAccountEmail":"roadtrip-royale-dev-d2652@appspot.gserviceaccount.com","updateTime":"2025-12-17T18:48:51.404081897Z","versionId":"1","labels":{"deployment-callable":"true","firebase-functions-hash":"7ed776848df965fd162ccf2b17e5157713773c4d","deployment-tool":"cli-firebase"},"sourceUploadUrl":"https://storage.googleapis.com/uploads-995950081560.us-central1.cloudfunctions.appspot.com/d3e4617f-c584-410e-b8fc-d9c3cfc0c12d.zip","environmentVariables":{"FIREBASE_CONFIG":"{\"projectId\":\"roadtrip-royale-dev-d2652\",\"storageBucket\":\"roadtrip-royale-dev-d2652.firebasestorage.app\"}","GCLOUD_PROJECT":"roadtrip-royale-dev-d2652","EVENTARC_CLOUD_EVENT_SOURCE":"projects/roadtrip-royale-dev-d2652/locations/us-central1/functions/sendFamilyInvite"},"runtime":"nodejs20","ingressSettings":"ALLOW_ALL","buildId":"742e9056-7596-40d8-aebb-03a385eb9042","buildEnvironmentVariables":{"GOOGLE_NODE_RUN_SCRIPTS":""},"buildName":"projects/900272218936/locations/us-central1/builds/742e9056-7596-40d8-aebb-03a385eb9042","dockerRegistry":"ARTIFACT_REGISTRY","automaticUpdatePolicy":{},"buildServiceAccount":"projects/roadtrip-royale-dev-d2652/serviceAccounts/900272218936-compute@developer.gserviceaccount.com","satisfiesPzi":true}}
[debug] [2025-12-17T18:49:07.683Z] Got source token eac1cfcc-da93-458f-9960-d8d7778c4fbb for region us-central1
[debug] [2025-12-17T18:49:07.683Z] Checked if tokens are valid: true, expires at: 1766000738358
[debug] [2025-12-17T18:49:07.683Z] Checked if tokens are valid: true, expires at: 1766000738358
[debug] [2025-12-17T18:49:07.683Z] >>> [apiv2][query] POST https://cloudfunctions.googleapis.com/v1/projects/roadtrip-royale-dev-d2652/locations/us-central1/functions/sendFamilyInvite:setIamPolicy [none]
[debug] [2025-12-17T18:49:07.683Z] >>> [apiv2][body] POST https://cloudfunctions.googleapis.com/v1/projects/roadtrip-royale-dev-d2652/locations/us-central1/functions/sendFamilyInvite:setIamPolicy {"policy":{"bindings":[{"role":"roles/cloudfunctions.invoker","members":["allUsers"]}],"etag":"","version":3},"updateMask":"bindings,etag,version"}
[debug] [2025-12-17T18:49:07.690Z] [create-default-us-central1-expireInvitesAndCodes] Retrying task index 0
[debug] [2025-12-17T18:49:07.690Z] Checked if tokens are valid: true, expires at: 1766000738358
[debug] [2025-12-17T18:49:07.690Z] Checked if tokens are valid: true, expires at: 1766000738358
[debug] [2025-12-17T18:49:07.690Z] >>> [apiv2][query] GET https://cloudfunctions.googleapis.com/v1/operations/cHJvamVjdHMvcm9hZHRyaXAtcm95YWxlLWRldi1kMjY1Mi9sb2NhdGlvbnMvdXMtY2VudHJhbDEvb3BlcmF0aW9ucy9vcGVyYXRpb24tMTc2NTk5NzMzMTAyOC02NDYyYTRiOTcxYjA1LWFmZTc1MzZmLWUwNmY4OTcw [none]
[debug] [2025-12-17T18:49:07.691Z] <<< [apiv2][status] GET https://cloudfunctions.googleapis.com/v1/operations/cHJvamVjdHMvcm9hZHRyaXAtcm95YWxlLWRldi1kMjY1Mi9sb2NhdGlvbnMvdXMtY2VudHJhbDEvb3BlcmF0aW9ucy9vcGVyYXRpb24tMTc2NTk5NzMzMTAxNC02NDYyYTRiOTZlMTdlLWY5YjNjZTFlLWYwOTQ3NDc2 200
[debug] [2025-12-17T18:49:07.691Z] <<< [apiv2][body] GET https://cloudfunctions.googleapis.com/v1/operations/cHJvamVjdHMvcm9hZHRyaXAtcm95YWxlLWRldi1kMjY1Mi9sb2NhdGlvbnMvdXMtY2VudHJhbDEvb3BlcmF0aW9ucy9vcGVyYXRpb24tMTc2NTk5NzMzMTAxNC02NDYyYTRiOTZlMTdlLWY5YjNjZTFlLWYwOTQ3NDc2 {"name":"operations/cHJvamVjdHMvcm9hZHRyaXAtcm95YWxlLWRldi1kMjY1Mi9sb2NhdGlvbnMvdXMtY2VudHJhbDEvb3BlcmF0aW9ucy9vcGVyYXRpb24tMTc2NTk5NzMzMTAxNC02NDYyYTRiOTZlMTdlLWY5YjNjZTFlLWYwOTQ3NDc2","metadata":{"@type":"type.googleapis.com/google.cloud.functions.v1.OperationMetadataV1","target":"projects/roadtrip-royale-dev-d2652/locations/us-central1/functions/onAuthUserDeleted","type":"CREATE_FUNCTION","request":{"@type":"type.googleapis.com/google.cloud.functions.v1.CloudFunction","name":"projects/roadtrip-royale-dev-d2652/locations/us-central1/functions/onAuthUserDeleted","eventTrigger":{"eventType":"providers/firebase.auth/eventTypes/user.delete","resource":"projects/roadtrip-royale-dev-d2652","failurePolicy":{}},"entryPoint":"onAuthUserDeleted","updateTime":"1970-01-01T00:00:00Z","labels":{"deployment-tool":"cli-firebase","firebase-functions-hash":"7ed776848df965fd162ccf2b17e5157713773c4d"},"sourceUploadUrl":"https://storage.googleapis.com/uploads-995950081560.us-central1.cloudfunctions.appspot.com/d3e4617f-c584-410e-b8fc-d9c3cfc0c12d.zip?GoogleAccessId=service-900272218936@gcf-admin-robot.iam.gserviceaccount.com&Expires=1765999052&Signature=ZVoB%2BvLwqtAEitcDaZMHjVFx971YfVOKBAJlNy57P5EBVNCAPUHzOu4gg6R3cBdkNT0mbkPjDkKJPYMkjY5v4iZ%2BRlnvdGEOqZiSD0sbJ20i0xElss5EV9c7eIoitrkLH5aDhuLwmVX3XLbEyiZpSzy5XK6sK7ikawv%2FxsV5w%2Fy8cfcCG6KSTUXPDvMvMADSzkP25FVuy3gXjrL14zPEd15fMHF5BsU%2F6YmBNTFNFaiR3PxBjbtqRFozdKJEFlyiONvqn3pusSuKEBv3O2uGeIce48wacKz8kvZVlkqv0smUXLO6dqAGsoHoN1zV3dzieFV76WfnPiP36F4UiKeD8w%3D%3D","environmentVariables":{"FIREBASE_CONFIG":"{\"projectId\":\"roadtrip-royale-dev-d2652\",\"storageBucket\":\"roadtrip-royale-dev-d2652.firebasestorage.app\"}","GCLOUD_PROJECT":"roadtrip-royale-dev-d2652","EVENTARC_CLOUD_EVENT_SOURCE":"projects/roadtrip-royale-dev-d2652/locations/us-central1/functions/onAuthUserDeleted"},"runtime":"nodejs20","buildEnvironmentVariables":{"GOOGLE_NODE_RUN_SCRIPTS":""},"sourceToken":"eac1cfcc-da93-458f-9960-d8d7778c4fbb","dockerRegistry":"ARTIFACT_REGISTRY"},"versionId":"1","updateTime":"2025-12-17T18:48:51.394815298Z","buildId":"742e9056-7596-40d8-aebb-03a385eb9042","sourceToken":"eac1cfcc-da93-458f-9960-d8d7778c4fbb","buildName":"projects/900272218936/locations/us-central1/builds/742e9056-7596-40d8-aebb-03a385eb9042"}}
[debug] [2025-12-17T18:49:07.691Z] Got source token eac1cfcc-da93-458f-9960-d8d7778c4fbb for region us-central1
[debug] [2025-12-17T18:49:07.722Z] <<< [apiv2][status] GET https://cloudfunctions.googleapis.com/v1/operations/cHJvamVjdHMvcm9hZHRyaXAtcm95YWxlLWRldi1kMjY1Mi9sb2NhdGlvbnMvdXMtY2VudHJhbDEvb3BlcmF0aW9ucy9vcGVyYXRpb24tMTc2NTk5NzMzMTA0Mi02NDYyYTRiOTc1MDQwLWM0ZGExOWZhLTZkYWMyNDA5 200
[debug] [2025-12-17T18:49:07.723Z] <<< [apiv2][body] GET https://cloudfunctions.googleapis.com/v1/operations/cHJvamVjdHMvcm9hZHRyaXAtcm95YWxlLWRldi1kMjY1Mi9sb2NhdGlvbnMvdXMtY2VudHJhbDEvb3BlcmF0aW9ucy9vcGVyYXRpb24tMTc2NTk5NzMzMTA0Mi02NDYyYTRiOTc1MDQwLWM0ZGExOWZhLTZkYWMyNDA5 {"name":"operations/cHJvamVjdHMvcm9hZHRyaXAtcm95YWxlLWRldi1kMjY1Mi9sb2NhdGlvbnMvdXMtY2VudHJhbDEvb3BlcmF0aW9ucy9vcGVyYXRpb24tMTc2NTk5NzMzMTA0Mi02NDYyYTRiOTc1MDQwLWM0ZGExOWZhLTZkYWMyNDA5","metadata":{"@type":"type.googleapis.com/google.cloud.functions.v1.OperationMetadataV1","target":"projects/roadtrip-royale-dev-d2652/locations/us-central1/functions/sendFriendInvite","type":"CREATE_FUNCTION","request":{"@type":"type.googleapis.com/google.cloud.functions.v1.CloudFunction","name":"projects/roadtrip-royale-dev-d2652/locations/us-central1/functions/sendFriendInvite","httpsTrigger":{"securityLevel":"SECURE_ALWAYS"},"entryPoint":"sendFriendInvite","updateTime":"1970-01-01T00:00:00Z","labels":{"deployment-tool":"cli-firebase","deployment-callable":"true","firebase-functions-hash":"7ed776848df965fd162ccf2b17e5157713773c4d"},"sourceUploadUrl":"https://storage.googleapis.com/uploads-995950081560.us-central1.cloudfunctions.appspot.com/d3e4617f-c584-410e-b8fc-d9c3cfc0c12d.zip?GoogleAccessId=service-900272218936@gcf-admin-robot.iam.gserviceaccount.com&Expires=1765999052&Signature=ZVoB%2BvLwqtAEitcDaZMHjVFx971YfVOKBAJlNy57P5EBVNCAPUHzOu4gg6R3cBdkNT0mbkPjDkKJPYMkjY5v4iZ%2BRlnvdGEOqZiSD0sbJ20i0xElss5EV9c7eIoitrkLH5aDhuLwmVX3XLbEyiZpSzy5XK6sK7ikawv%2FxsV5w%2Fy8cfcCG6KSTUXPDvMvMADSzkP25FVuy3gXjrL14zPEd15fMHF5BsU%2F6YmBNTFNFaiR3PxBjbtqRFozdKJEFlyiONvqn3pusSuKEBv3O2uGeIce48wacKz8kvZVlkqv0smUXLO6dqAGsoHoN1zV3dzieFV76WfnPiP36F4UiKeD8w%3D%3D","environmentVariables":{"FIREBASE_CONFIG":"{\"projectId\":\"roadtrip-royale-dev-d2652\",\"storageBucket\":\"roadtrip-royale-dev-d2652.firebasestorage.app\"}","GCLOUD_PROJECT":"roadtrip-royale-dev-d2652","EVENTARC_CLOUD_EVENT_SOURCE":"projects/roadtrip-royale-dev-d2652/locations/us-central1/functions/sendFriendInvite"},"runtime":"nodejs20","buildEnvironmentVariables":{"GOOGLE_NODE_RUN_SCRIPTS":""},"sourceToken":"eac1cfcc-da93-458f-9960-d8d7778c4fbb","dockerRegistry":"ARTIFACT_REGISTRY"},"versionId":"1","updateTime":"2025-12-17T18:49:07.042493561Z","buildId":"742e9056-7596-40d8-aebb-03a385eb9042","sourceToken":"eac1cfcc-da93-458f-9960-d8d7778c4fbb","buildName":"projects/900272218936/locations/us-central1/builds/742e9056-7596-40d8-aebb-03a385eb9042"},"done":true,"response":{"@type":"type.googleapis.com/google.cloud.functions.v1.CloudFunction","name":"projects/roadtrip-royale-dev-d2652/locations/us-central1/functions/sendFriendInvite","httpsTrigger":{"url":"https://us-central1-roadtrip-royale-dev-d2652.cloudfunctions.net/sendFriendInvite","securityLevel":"SECURE_ALWAYS"},"status":"ACTIVE","entryPoint":"sendFriendInvite","timeout":"60s","availableMemoryMb":256,"serviceAccountEmail":"roadtrip-royale-dev-d2652@appspot.gserviceaccount.com","updateTime":"2025-12-17T18:48:51.375412984Z","versionId":"1","labels":{"deployment-tool":"cli-firebase","deployment-callable":"true","firebase-functions-hash":"7ed776848df965fd162ccf2b17e5157713773c4d"},"sourceUploadUrl":"https://storage.googleapis.com/uploads-995950081560.us-central1.cloudfunctions.appspot.com/d3e4617f-c584-410e-b8fc-d9c3cfc0c12d.zip","environmentVariables":{"FIREBASE_CONFIG":"{\"projectId\":\"roadtrip-royale-dev-d2652\",\"storageBucket\":\"roadtrip-royale-dev-d2652.firebasestorage.app\"}","GCLOUD_PROJECT":"roadtrip-royale-dev-d2652","EVENTARC_CLOUD_EVENT_SOURCE":"projects/roadtrip-royale-dev-d2652/locations/us-central1/functions/sendFriendInvite"},"runtime":"nodejs20","ingressSettings":"ALLOW_ALL","buildId":"742e9056-7596-40d8-aebb-03a385eb9042","buildEnvironmentVariables":{"GOOGLE_NODE_RUN_SCRIPTS":""},"buildName":"projects/900272218936/locations/us-central1/builds/742e9056-7596-40d8-aebb-03a385eb9042","dockerRegistry":"ARTIFACT_REGISTRY","automaticUpdatePolicy":{},"buildServiceAccount":"projects/roadtrip-royale-dev-d2652/serviceAccounts/900272218936-compute@developer.gserviceaccount.com","satisfiesPzi":true}}
[debug] [2025-12-17T18:49:07.723Z] Got source token eac1cfcc-da93-458f-9960-d8d7778c4fbb for region us-central1
[debug] [2025-12-17T18:49:07.723Z] Checked if tokens are valid: true, expires at: 1766000738358
[debug] [2025-12-17T18:49:07.723Z] Checked if tokens are valid: true, expires at: 1766000738358
[debug] [2025-12-17T18:49:07.723Z] >>> [apiv2][query] POST https://cloudfunctions.googleapis.com/v1/projects/roadtrip-royale-dev-d2652/locations/us-central1/functions/sendFriendInvite:setIamPolicy [none]
[debug] [2025-12-17T18:49:07.723Z] >>> [apiv2][body] POST https://cloudfunctions.googleapis.com/v1/projects/roadtrip-royale-dev-d2652/locations/us-central1/functions/sendFriendInvite:setIamPolicy {"policy":{"bindings":[{"role":"roles/cloudfunctions.invoker","members":["allUsers"]}],"etag":"","version":3},"updateMask":"bindings,etag,version"}
[debug] [2025-12-17T18:49:07.728Z] <<< [apiv2][status] GET https://cloudfunctions.googleapis.com/v1/operations/cHJvamVjdHMvcm9hZHRyaXAtcm95YWxlLWRldi1kMjY1Mi9sb2NhdGlvbnMvdXMtY2VudHJhbDEvb3BlcmF0aW9ucy9vcGVyYXRpb24tMTc2NTk5NzMzMTAwMi02NDYyYTRiOTZiM2VmLWU2MzZhOWRkLTIyYTc4MWU1 200
[debug] [2025-12-17T18:49:07.728Z] <<< [apiv2][body] GET https://cloudfunctions.googleapis.com/v1/operations/cHJvamVjdHMvcm9hZHRyaXAtcm95YWxlLWRldi1kMjY1Mi9sb2NhdGlvbnMvdXMtY2VudHJhbDEvb3BlcmF0aW9ucy9vcGVyYXRpb24tMTc2NTk5NzMzMTAwMi02NDYyYTRiOTZiM2VmLWU2MzZhOWRkLTIyYTc4MWU1 {"name":"operations/cHJvamVjdHMvcm9hZHRyaXAtcm95YWxlLWRldi1kMjY1Mi9sb2NhdGlvbnMvdXMtY2VudHJhbDEvb3BlcmF0aW9ucy9vcGVyYXRpb24tMTc2NTk5NzMzMTAwMi02NDYyYTRiOTZiM2VmLWU2MzZhOWRkLTIyYTc4MWU1","metadata":{"@type":"type.googleapis.com/google.cloud.functions.v1.OperationMetadataV1","target":"projects/roadtrip-royale-dev-d2652/locations/us-central1/functions/respondToFriendInvite","type":"CREATE_FUNCTION","request":{"@type":"type.googleapis.com/google.cloud.functions.v1.CloudFunction","name":"projects/roadtrip-royale-dev-d2652/locations/us-central1/functions/respondToFriendInvite","httpsTrigger":{"securityLevel":"SECURE_ALWAYS"},"entryPoint":"respondToFriendInvite","updateTime":"1970-01-01T00:00:00Z","labels":{"deployment-tool":"cli-firebase","deployment-callable":"true","firebase-functions-hash":"7ed776848df965fd162ccf2b17e5157713773c4d"},"sourceUploadUrl":"https://storage.googleapis.com/uploads-995950081560.us-central1.cloudfunctions.appspot.com/d3e4617f-c584-410e-b8fc-d9c3cfc0c12d.zip?GoogleAccessId=service-900272218936@gcf-admin-robot.iam.gserviceaccount.com&Expires=1765999052&Signature=ZVoB%2BvLwqtAEitcDaZMHjVFx971YfVOKBAJlNy57P5EBVNCAPUHzOu4gg6R3cBdkNT0mbkPjDkKJPYMkjY5v4iZ%2BRlnvdGEOqZiSD0sbJ20i0xElss5EV9c7eIoitrkLH5aDhuLwmVX3XLbEyiZpSzy5XK6sK7ikawv%2FxsV5w%2Fy8cfcCG6KSTUXPDvMvMADSzkP25FVuy3gXjrL14zPEd15fMHF5BsU%2F6YmBNTFNFaiR3PxBjbtqRFozdKJEFlyiONvqn3pusSuKEBv3O2uGeIce48wacKz8kvZVlkqv0smUXLO6dqAGsoHoN1zV3dzieFV76WfnPiP36F4UiKeD8w%3D%3D","environmentVariables":{"FIREBASE_CONFIG":"{\"projectId\":\"roadtrip-royale-dev-d2652\",\"storageBucket\":\"roadtrip-royale-dev-d2652.firebasestorage.app\"}","GCLOUD_PROJECT":"roadtrip-royale-dev-d2652","EVENTARC_CLOUD_EVENT_SOURCE":"projects/roadtrip-royale-dev-d2652/locations/us-central1/functions/respondToFriendInvite"},"runtime":"nodejs20","buildEnvironmentVariables":{"GOOGLE_NODE_RUN_SCRIPTS":""},"sourceToken":"eac1cfcc-da93-458f-9960-d8d7778c4fbb","dockerRegistry":"ARTIFACT_REGISTRY"},"versionId":"1","updateTime":"2025-12-17T18:49:05.863355716Z","buildId":"742e9056-7596-40d8-aebb-03a385eb9042","sourceToken":"eac1cfcc-da93-458f-9960-d8d7778c4fbb","buildName":"projects/900272218936/locations/us-central1/builds/742e9056-7596-40d8-aebb-03a385eb9042"},"done":true,"response":{"@type":"type.googleapis.com/google.cloud.functions.v1.CloudFunction","name":"projects/roadtrip-royale-dev-d2652/locations/us-central1/functions/respondToFriendInvite","httpsTrigger":{"url":"https://us-central1-roadtrip-royale-dev-d2652.cloudfunctions.net/respondToFriendInvite","securityLevel":"SECURE_ALWAYS"},"status":"ACTIVE","entryPoint":"respondToFriendInvite","timeout":"60s","availableMemoryMb":256,"serviceAccountEmail":"roadtrip-royale-dev-d2652@appspot.gserviceaccount.com","updateTime":"2025-12-17T18:48:51.354543979Z","versionId":"1","labels":{"deployment-tool":"cli-firebase","deployment-callable":"true","firebase-functions-hash":"7ed776848df965fd162ccf2b17e5157713773c4d"},"sourceUploadUrl":"https://storage.googleapis.com/uploads-995950081560.us-central1.cloudfunctions.appspot.com/d3e4617f-c584-410e-b8fc-d9c3cfc0c12d.zip","environmentVariables":{"FIREBASE_CONFIG":"{\"projectId\":\"roadtrip-royale-dev-d2652\",\"storageBucket\":\"roadtrip-royale-dev-d2652.firebasestorage.app\"}","GCLOUD_PROJECT":"roadtrip-royale-dev-d2652","EVENTARC_CLOUD_EVENT_SOURCE":"projects/roadtrip-royale-dev-d2652/locations/us-central1/functions/respondToFriendInvite"},"runtime":"nodejs20","ingressSettings":"ALLOW_ALL","buildId":"742e9056-7596-40d8-aebb-03a385eb9042","buildEnvironmentVariables":{"GOOGLE_NODE_RUN_SCRIPTS":""},"buildName":"projects/900272218936/locations/us-central1/builds/742e9056-7596-40d8-aebb-03a385eb9042","dockerRegistry":"ARTIFACT_REGISTRY","automaticUpdatePolicy":{},"buildServiceAccount":"projects/roadtrip-royale-dev-d2652/serviceAccounts/900272218936-compute@developer.gserviceaccount.com","satisfiesPzi":true}}
[debug] [2025-12-17T18:49:07.728Z] Got source token eac1cfcc-da93-458f-9960-d8d7778c4fbb for region us-central1
[debug] [2025-12-17T18:49:07.728Z] Checked if tokens are valid: true, expires at: 1766000738358
[debug] [2025-12-17T18:49:07.728Z] Checked if tokens are valid: true, expires at: 1766000738358
[debug] [2025-12-17T18:49:07.728Z] >>> [apiv2][query] POST https://cloudfunctions.googleapis.com/v1/projects/roadtrip-royale-dev-d2652/locations/us-central1/functions/respondToFriendInvite:setIamPolicy [none]
[debug] [2025-12-17T18:49:07.728Z] >>> [apiv2][body] POST https://cloudfunctions.googleapis.com/v1/projects/roadtrip-royale-dev-d2652/locations/us-central1/functions/respondToFriendInvite:setIamPolicy {"policy":{"bindings":[{"role":"roles/cloudfunctions.invoker","members":["allUsers"]}],"etag":"","version":3},"updateMask":"bindings,etag,version"}
[debug] [2025-12-17T18:49:07.759Z] <<< [apiv2][status] GET https://cloudfunctions.googleapis.com/v1/operations/cHJvamVjdHMvcm9hZHRyaXAtcm95YWxlLWRldi1kMjY1Mi9sb2NhdGlvbnMvdXMtY2VudHJhbDEvb3BlcmF0aW9ucy9vcGVyYXRpb24tMTc2NTk5NzMzMDk3MC02NDYyYTRiOTYzNWI5LTk2MDgyYjY2LWE0MzE2Zjdj 200
[debug] [2025-12-17T18:49:07.759Z] <<< [apiv2][body] GET https://cloudfunctions.googleapis.com/v1/operations/cHJvamVjdHMvcm9hZHRyaXAtcm95YWxlLWRldi1kMjY1Mi9sb2NhdGlvbnMvdXMtY2VudHJhbDEvb3BlcmF0aW9ucy9vcGVyYXRpb24tMTc2NTk5NzMzMDk3MC02NDYyYTRiOTYzNWI5LTk2MDgyYjY2LWE0MzE2Zjdj {"name":"operations/cHJvamVjdHMvcm9hZHRyaXAtcm95YWxlLWRldi1kMjY1Mi9sb2NhdGlvbnMvdXMtY2VudHJhbDEvb3BlcmF0aW9ucy9vcGVyYXRpb24tMTc2NTk5NzMzMDk3MC02NDYyYTRiOTYzNWI5LTk2MDgyYjY2LWE0MzE2Zjdj","metadata":{"@type":"type.googleapis.com/google.cloud.functions.v1.OperationMetadataV1","target":"projects/roadtrip-royale-dev-d2652/locations/us-central1/functions/redeemShareCode","type":"CREATE_FUNCTION","request":{"@type":"type.googleapis.com/google.cloud.functions.v1.CloudFunction","name":"projects/roadtrip-royale-dev-d2652/locations/us-central1/functions/redeemShareCode","httpsTrigger":{"securityLevel":"SECURE_ALWAYS"},"entryPoint":"redeemShareCode","updateTime":"1970-01-01T00:00:00Z","labels":{"deployment-tool":"cli-firebase","deployment-callable":"true","firebase-functions-hash":"7ed776848df965fd162ccf2b17e5157713773c4d"},"sourceUploadUrl":"https://storage.googleapis.com/uploads-995950081560.us-central1.cloudfunctions.appspot.com/d3e4617f-c584-410e-b8fc-d9c3cfc0c12d.zip?GoogleAccessId=service-900272218936@gcf-admin-robot.iam.gserviceaccount.com&Expires=1765999052&Signature=ZVoB%2BvLwqtAEitcDaZMHjVFx971YfVOKBAJlNy57P5EBVNCAPUHzOu4gg6R3cBdkNT0mbkPjDkKJPYMkjY5v4iZ%2BRlnvdGEOqZiSD0sbJ20i0xElss5EV9c7eIoitrkLH5aDhuLwmVX3XLbEyiZpSzy5XK6sK7ikawv%2FxsV5w%2Fy8cfcCG6KSTUXPDvMvMADSzkP25FVuy3gXjrL14zPEd15fMHF5BsU%2F6YmBNTFNFaiR3PxBjbtqRFozdKJEFlyiONvqn3pusSuKEBv3O2uGeIce48wacKz8kvZVlkqv0smUXLO6dqAGsoHoN1zV3dzieFV76WfnPiP36F4UiKeD8w%3D%3D","environmentVariables":{"FIREBASE_CONFIG":"{\"projectId\":\"roadtrip-royale-dev-d2652\",\"storageBucket\":\"roadtrip-royale-dev-d2652.firebasestorage.app\"}","GCLOUD_PROJECT":"roadtrip-royale-dev-d2652","EVENTARC_CLOUD_EVENT_SOURCE":"projects/roadtrip-royale-dev-d2652/locations/us-central1/functions/redeemShareCode"},"runtime":"nodejs20","buildEnvironmentVariables":{"GOOGLE_NODE_RUN_SCRIPTS":""},"sourceToken":"eac1cfcc-da93-458f-9960-d8d7778c4fbb","dockerRegistry":"ARTIFACT_REGISTRY"},"versionId":"1","updateTime":"2025-12-17T18:48:51.336976200Z","buildId":"742e9056-7596-40d8-aebb-03a385eb9042","sourceToken":"eac1cfcc-da93-458f-9960-d8d7778c4fbb","buildName":"projects/900272218936/locations/us-central1/builds/742e9056-7596-40d8-aebb-03a385eb9042"}}
[debug] [2025-12-17T18:49:07.759Z] Got source token eac1cfcc-da93-458f-9960-d8d7778c4fbb for region us-central1
[debug] [2025-12-17T18:49:07.762Z] <<< [apiv2][status] GET https://cloudfunctions.googleapis.com/v1/operations/cHJvamVjdHMvcm9hZHRyaXAtcm95YWxlLWRldi1kMjY1Mi9sb2NhdGlvbnMvdXMtY2VudHJhbDEvb3BlcmF0aW9ucy9vcGVyYXRpb24tMTc2NTk5NzMzMTAwMi02NDYyYTRiOTZiMzE2LWZhZGE0MWQ3LTE2NGM2Njcy 200
[debug] [2025-12-17T18:49:07.762Z] <<< [apiv2][body] GET https://cloudfunctions.googleapis.com/v1/operations/cHJvamVjdHMvcm9hZHRyaXAtcm95YWxlLWRldi1kMjY1Mi9sb2NhdGlvbnMvdXMtY2VudHJhbDEvb3BlcmF0aW9ucy9vcGVyYXRpb24tMTc2NTk5NzMzMTAwMi02NDYyYTRiOTZiMzE2LWZhZGE0MWQ3LTE2NGM2Njcy {"name":"operations/cHJvamVjdHMvcm9hZHRyaXAtcm95YWxlLWRldi1kMjY1Mi9sb2NhdGlvbnMvdXMtY2VudHJhbDEvb3BlcmF0aW9ucy9vcGVyYXRpb24tMTc2NTk5NzMzMTAwMi02NDYyYTRiOTZiMzE2LWZhZGE0MWQ3LTE2NGM2Njcy","metadata":{"@type":"type.googleapis.com/google.cloud.functions.v1.OperationMetadataV1","target":"projects/roadtrip-royale-dev-d2652/locations/us-central1/functions/createFamily","type":"CREATE_FUNCTION","request":{"@type":"type.googleapis.com/google.cloud.functions.v1.CloudFunction","name":"projects/roadtrip-royale-dev-d2652/locations/us-central1/functions/createFamily","httpsTrigger":{"securityLevel":"SECURE_ALWAYS"},"entryPoint":"createFamily","updateTime":"1970-01-01T00:00:00Z","labels":{"deployment-tool":"cli-firebase","deployment-callable":"true","firebase-functions-hash":"7ed776848df965fd162ccf2b17e5157713773c4d"},"sourceUploadUrl":"https://storage.googleapis.com/uploads-995950081560.us-central1.cloudfunctions.appspot.com/d3e4617f-c584-410e-b8fc-d9c3cfc0c12d.zip?GoogleAccessId=service-900272218936@gcf-admin-robot.iam.gserviceaccount.com&Expires=1765999052&Signature=ZVoB%2BvLwqtAEitcDaZMHjVFx971YfVOKBAJlNy57P5EBVNCAPUHzOu4gg6R3cBdkNT0mbkPjDkKJPYMkjY5v4iZ%2BRlnvdGEOqZiSD0sbJ20i0xElss5EV9c7eIoitrkLH5aDhuLwmVX3XLbEyiZpSzy5XK6sK7ikawv%2FxsV5w%2Fy8cfcCG6KSTUXPDvMvMADSzkP25FVuy3gXjrL14zPEd15fMHF5BsU%2F6YmBNTFNFaiR3PxBjbtqRFozdKJEFlyiONvqn3pusSuKEBv3O2uGeIce48wacKz8kvZVlkqv0smUXLO6dqAGsoHoN1zV3dzieFV76WfnPiP36F4UiKeD8w%3D%3D","environmentVariables":{"FIREBASE_CONFIG":"{\"projectId\":\"roadtrip-royale-dev-d2652\",\"storageBucket\":\"roadtrip-royale-dev-d2652.firebasestorage.app\"}","GCLOUD_PROJECT":"roadtrip-royale-dev-d2652","EVENTARC_CLOUD_EVENT_SOURCE":"projects/roadtrip-royale-dev-d2652/locations/us-central1/functions/createFamily"},"runtime":"nodejs20","buildEnvironmentVariables":{"GOOGLE_NODE_RUN_SCRIPTS":""},"sourceToken":"eac1cfcc-da93-458f-9960-d8d7778c4fbb","dockerRegistry":"ARTIFACT_REGISTRY"},"versionId":"1","updateTime":"2025-12-17T18:49:07.470928399Z","buildId":"742e9056-7596-40d8-aebb-03a385eb9042","sourceToken":"eac1cfcc-da93-458f-9960-d8d7778c4fbb","buildName":"projects/900272218936/locations/us-central1/builds/742e9056-7596-40d8-aebb-03a385eb9042"},"done":true,"response":{"@type":"type.googleapis.com/google.cloud.functions.v1.CloudFunction","name":"projects/roadtrip-royale-dev-d2652/locations/us-central1/functions/createFamily","httpsTrigger":{"url":"https://us-central1-roadtrip-royale-dev-d2652.cloudfunctions.net/createFamily","securityLevel":"SECURE_ALWAYS"},"status":"ACTIVE","entryPoint":"createFamily","timeout":"60s","availableMemoryMb":256,"serviceAccountEmail":"roadtrip-royale-dev-d2652@appspot.gserviceaccount.com","updateTime":"2025-12-17T18:48:51.409833943Z","versionId":"1","labels":{"deployment-callable":"true","firebase-functions-hash":"7ed776848df965fd162ccf2b17e5157713773c4d","deployment-tool":"cli-firebase"},"sourceUploadUrl":"https://storage.googleapis.com/uploads-995950081560.us-central1.cloudfunctions.appspot.com/d3e4617f-c584-410e-b8fc-d9c3cfc0c12d.zip","environmentVariables":{"FIREBASE_CONFIG":"{\"projectId\":\"roadtrip-royale-dev-d2652\",\"storageBucket\":\"roadtrip-royale-dev-d2652.firebasestorage.app\"}","GCLOUD_PROJECT":"roadtrip-royale-dev-d2652","EVENTARC_CLOUD_EVENT_SOURCE":"projects/roadtrip-royale-dev-d2652/locations/us-central1/functions/createFamily"},"runtime":"nodejs20","ingressSettings":"ALLOW_ALL","buildId":"742e9056-7596-40d8-aebb-03a385eb9042","buildEnvironmentVariables":{"GOOGLE_NODE_RUN_SCRIPTS":""},"buildName":"projects/900272218936/locations/us-central1/builds/742e9056-7596-40d8-aebb-03a385eb9042","dockerRegistry":"ARTIFACT_REGISTRY","automaticUpdatePolicy":{},"buildServiceAccount":"projects/roadtrip-royale-dev-d2652/serviceAccounts/900272218936-compute@developer.gserviceaccount.com","satisfiesPzi":true}}
[debug] [2025-12-17T18:49:07.762Z] Got source token eac1cfcc-da93-458f-9960-d8d7778c4fbb for region us-central1
[debug] [2025-12-17T18:49:07.762Z] Checked if tokens are valid: true, expires at: 1766000738358
[debug] [2025-12-17T18:49:07.762Z] Checked if tokens are valid: true, expires at: 1766000738358
[debug] [2025-12-17T18:49:07.762Z] >>> [apiv2][query] POST https://cloudfunctions.googleapis.com/v1/projects/roadtrip-royale-dev-d2652/locations/us-central1/functions/createFamily:setIamPolicy [none]
[debug] [2025-12-17T18:49:07.762Z] >>> [apiv2][body] POST https://cloudfunctions.googleapis.com/v1/projects/roadtrip-royale-dev-d2652/locations/us-central1/functions/createFamily:setIamPolicy {"policy":{"bindings":[{"role":"roles/cloudfunctions.invoker","members":["allUsers"]}],"etag":"","version":3},"updateMask":"bindings,etag,version"}
[debug] [2025-12-17T18:49:07.797Z] <<< [apiv2][status] GET https://cloudfunctions.googleapis.com/v1/operations/cHJvamVjdHMvcm9hZHRyaXAtcm95YWxlLWRldi1kMjY1Mi9sb2NhdGlvbnMvdXMtY2VudHJhbDEvb3BlcmF0aW9ucy9vcGVyYXRpb24tMTc2NTk5NzMzMTAyOC02NDYyYTRiOTcxYjA1LWFmZTc1MzZmLWUwNmY4OTcw 200
[debug] [2025-12-17T18:49:07.797Z] <<< [apiv2][body] GET https://cloudfunctions.googleapis.com/v1/operations/cHJvamVjdHMvcm9hZHRyaXAtcm95YWxlLWRldi1kMjY1Mi9sb2NhdGlvbnMvdXMtY2VudHJhbDEvb3BlcmF0aW9ucy9vcGVyYXRpb24tMTc2NTk5NzMzMTAyOC02NDYyYTRiOTcxYjA1LWFmZTc1MzZmLWUwNmY4OTcw {"name":"operations/cHJvamVjdHMvcm9hZHRyaXAtcm95YWxlLWRldi1kMjY1Mi9sb2NhdGlvbnMvdXMtY2VudHJhbDEvb3BlcmF0aW9ucy9vcGVyYXRpb24tMTc2NTk5NzMzMTAyOC02NDYyYTRiOTcxYjA1LWFmZTc1MzZmLWUwNmY4OTcw","metadata":{"@type":"type.googleapis.com/google.cloud.functions.v1.OperationMetadataV1","target":"projects/roadtrip-royale-dev-d2652/locations/us-central1/functions/expireInvitesAndCodes","type":"CREATE_FUNCTION","request":{"@type":"type.googleapis.com/google.cloud.functions.v1.CloudFunction","name":"projects/roadtrip-royale-dev-d2652/locations/us-central1/functions/expireInvitesAndCodes","eventTrigger":{"eventType":"google.pubsub.topic.publish","resource":"projects/roadtrip-royale-dev-d2652/topics/firebase-schedule-expireInvitesAndCodes-us-central1","failurePolicy":{}},"entryPoint":"expireInvitesAndCodes","updateTime":"1970-01-01T00:00:00Z","labels":{"deployment-tool":"cli-firebase","deployment-scheduled":"true","firebase-functions-hash":"7ed776848df965fd162ccf2b17e5157713773c4d"},"sourceUploadUrl":"https://storage.googleapis.com/uploads-995950081560.us-central1.cloudfunctions.appspot.com/d3e4617f-c584-410e-b8fc-d9c3cfc0c12d.zip?GoogleAccessId=service-900272218936@gcf-admin-robot.iam.gserviceaccount.com&Expires=1765999052&Signature=ZVoB%2BvLwqtAEitcDaZMHjVFx971YfVOKBAJlNy57P5EBVNCAPUHzOu4gg6R3cBdkNT0mbkPjDkKJPYMkjY5v4iZ%2BRlnvdGEOqZiSD0sbJ20i0xElss5EV9c7eIoitrkLH5aDhuLwmVX3XLbEyiZpSzy5XK6sK7ikawv%2FxsV5w%2Fy8cfcCG6KSTUXPDvMvMADSzkP25FVuy3gXjrL14zPEd15fMHF5BsU%2F6YmBNTFNFaiR3PxBjbtqRFozdKJEFlyiONvqn3pusSuKEBv3O2uGeIce48wacKz8kvZVlkqv0smUXLO6dqAGsoHoN1zV3dzieFV76WfnPiP36F4UiKeD8w%3D%3D","environmentVariables":{"FIREBASE_CONFIG":"{\"projectId\":\"roadtrip-royale-dev-d2652\",\"storageBucket\":\"roadtrip-royale-dev-d2652.firebasestorage.app\"}","GCLOUD_PROJECT":"roadtrip-royale-dev-d2652","EVENTARC_CLOUD_EVENT_SOURCE":"projects/roadtrip-royale-dev-d2652/locations/us-central1/functions/expireInvitesAndCodes"},"runtime":"nodejs20","buildEnvironmentVariables":{"GOOGLE_NODE_RUN_SCRIPTS":""},"sourceToken":"eac1cfcc-da93-458f-9960-d8d7778c4fbb","dockerRegistry":"ARTIFACT_REGISTRY"},"versionId":"1","updateTime":"2025-12-17T18:48:51.386885577Z","buildId":"742e9056-7596-40d8-aebb-03a385eb9042","sourceToken":"eac1cfcc-da93-458f-9960-d8d7778c4fbb","buildName":"projects/900272218936/locations/us-central1/builds/742e9056-7596-40d8-aebb-03a385eb9042"}}
[debug] [2025-12-17T18:49:07.797Z] Got source token eac1cfcc-da93-458f-9960-d8d7778c4fbb for region us-central1
[debug] [2025-12-17T18:49:07.811Z] <<< [apiv2][status] POST https://cloudfunctions.googleapis.com/v1/projects/roadtrip-royale-dev-d2652/locations/us-central1/functions/removeFamilyMember:setIamPolicy 200
[debug] [2025-12-17T18:49:07.811Z] <<< [apiv2][body] POST https://cloudfunctions.googleapis.com/v1/projects/roadtrip-royale-dev-d2652/locations/us-central1/functions/removeFamilyMember:setIamPolicy {"version":1,"etag":"BwZGKkyWd2Y=","bindings":[{"role":"roles/cloudfunctions.invoker","members":["allUsers"]}]}
[info] ✔  functions[removeFamilyMember(us-central1)] Successful create operation. 
[debug] [2025-12-17T18:49:07.812Z] <<< [apiv2][status] POST https://cloudfunctions.googleapis.com/v1/projects/roadtrip-royale-dev-d2652/locations/us-central1/functions/changeFamilyMemberRole:setIamPolicy 200
[debug] [2025-12-17T18:49:07.812Z] <<< [apiv2][body] POST https://cloudfunctions.googleapis.com/v1/projects/roadtrip-royale-dev-d2652/locations/us-central1/functions/changeFamilyMemberRole:setIamPolicy {"version":1,"etag":"BwZGKkyWXv0=","bindings":[{"role":"roles/cloudfunctions.invoker","members":["allUsers"]}]}
[info] ✔  functions[changeFamilyMemberRole(us-central1)] Successful create operation. 
[debug] [2025-12-17T18:49:07.912Z] <<< [apiv2][status] POST https://cloudfunctions.googleapis.com/v1/projects/roadtrip-royale-dev-d2652/locations/us-central1/functions/respondToFamilyInvite_UserStep:setIamPolicy 200
[debug] [2025-12-17T18:49:07.912Z] <<< [apiv2][body] POST https://cloudfunctions.googleapis.com/v1/projects/roadtrip-royale-dev-d2652/locations/us-central1/functions/respondToFamilyInvite_UserStep:setIamPolicy {"version":1,"etag":"BwZGKkyX/uA=","bindings":[{"role":"roles/cloudfunctions.invoker","members":["allUsers"]}]}
[info] ✔  functions[respondToFamilyInvite_UserStep(us-central1)] Successful create operation. 
[debug] [2025-12-17T18:49:07.912Z] <<< [apiv2][status] POST https://cloudfunctions.googleapis.com/v1/projects/roadtrip-royale-dev-d2652/locations/us-central1/functions/sendFamilyInvite:setIamPolicy 200
[debug] [2025-12-17T18:49:07.912Z] <<< [apiv2][body] POST https://cloudfunctions.googleapis.com/v1/projects/roadtrip-royale-dev-d2652/locations/us-central1/functions/sendFamilyInvite:setIamPolicy {"version":1,"etag":"BwZGKkyX7gI=","bindings":[{"role":"roles/cloudfunctions.invoker","members":["allUsers"]}]}
[info] ✔  functions[sendFamilyInvite(us-central1)] Successful create operation. 
[debug] [2025-12-17T18:49:08.010Z] <<< [apiv2][status] POST https://cloudfunctions.googleapis.com/v1/projects/roadtrip-royale-dev-d2652/locations/us-central1/functions/respondToFriendInvite:setIamPolicy 200
[debug] [2025-12-17T18:49:08.010Z] <<< [apiv2][body] POST https://cloudfunctions.googleapis.com/v1/projects/roadtrip-royale-dev-d2652/locations/us-central1/functions/respondToFriendInvite:setIamPolicy {"version":1,"etag":"BwZGKkyZZGo=","bindings":[{"role":"roles/cloudfunctions.invoker","members":["allUsers"]}]}
[info] ✔  functions[respondToFriendInvite(us-central1)] Successful create operation. 
[debug] [2025-12-17T18:49:08.023Z] <<< [apiv2][status] POST https://cloudfunctions.googleapis.com/v1/projects/roadtrip-royale-dev-d2652/locations/us-central1/functions/sendFriendInvite:setIamPolicy 200
[debug] [2025-12-17T18:49:08.023Z] <<< [apiv2][body] POST https://cloudfunctions.googleapis.com/v1/projects/roadtrip-royale-dev-d2652/locations/us-central1/functions/sendFriendInvite:setIamPolicy {"version":1,"etag":"BwZGKkyZoTI=","bindings":[{"role":"roles/cloudfunctions.invoker","members":["allUsers"]}]}
[info] ✔  functions[sendFriendInvite(us-central1)] Successful create operation. 
[debug] [2025-12-17T18:49:08.116Z] <<< [apiv2][status] POST https://cloudfunctions.googleapis.com/v1/projects/roadtrip-royale-dev-d2652/locations/us-central1/functions/createFamily:setIamPolicy 200
[debug] [2025-12-17T18:49:08.116Z] <<< [apiv2][body] POST https://cloudfunctions.googleapis.com/v1/projects/roadtrip-royale-dev-d2652/locations/us-central1/functions/createFamily:setIamPolicy {"version":1,"etag":"BwZGKkybCR4=","bindings":[{"role":"roles/cloudfunctions.invoker","members":["allUsers"]}]}
[info] ✔  functions[createFamily(us-central1)] Successful create operation. 
[debug] [2025-12-17T18:49:17.684Z] [create-default-us-central1-approveFamilyJoinRequest_CaptainStep] Retrying task index 0
[debug] [2025-12-17T18:49:17.684Z] Checked if tokens are valid: true, expires at: 1766000738358
[debug] [2025-12-17T18:49:17.684Z] Checked if tokens are valid: true, expires at: 1766000738358
[debug] [2025-12-17T18:49:17.684Z] >>> [apiv2][query] GET https://cloudfunctions.googleapis.com/v1/operations/cHJvamVjdHMvcm9hZHRyaXAtcm95YWxlLWRldi1kMjY1Mi9sb2NhdGlvbnMvdXMtY2VudHJhbDEvb3BlcmF0aW9ucy9vcGVyYXRpb24tMTc2NTk5NzMzMTAwMS02NDYyYTRiOTZhZmM2LTU2ZDdlNTE1LTA5MDg3M2Iy [none]
[debug] [2025-12-17T18:49:17.692Z] [create-default-us-central1-onAuthUserDeleted] Retrying task index 0
[debug] [2025-12-17T18:49:17.693Z] Checked if tokens are valid: true, expires at: 1766000738358
[debug] [2025-12-17T18:49:17.693Z] Checked if tokens are valid: true, expires at: 1766000738358
[debug] [2025-12-17T18:49:17.693Z] >>> [apiv2][query] GET https://cloudfunctions.googleapis.com/v1/operations/cHJvamVjdHMvcm9hZHRyaXAtcm95YWxlLWRldi1kMjY1Mi9sb2NhdGlvbnMvdXMtY2VudHJhbDEvb3BlcmF0aW9ucy9vcGVyYXRpb24tMTc2NTk5NzMzMTAxNC02NDYyYTRiOTZlMTdlLWY5YjNjZTFlLWYwOTQ3NDc2 [none]
[debug] [2025-12-17T18:49:17.760Z] [create-default-us-central1-redeemShareCode] Retrying task index 0
[debug] [2025-12-17T18:49:17.760Z] Checked if tokens are valid: true, expires at: 1766000738358
[debug] [2025-12-17T18:49:17.760Z] Checked if tokens are valid: true, expires at: 1766000738358
[debug] [2025-12-17T18:49:17.760Z] >>> [apiv2][query] GET https://cloudfunctions.googleapis.com/v1/operations/cHJvamVjdHMvcm9hZHRyaXAtcm95YWxlLWRldi1kMjY1Mi9sb2NhdGlvbnMvdXMtY2VudHJhbDEvb3BlcmF0aW9ucy9vcGVyYXRpb24tMTc2NTk5NzMzMDk3MC02NDYyYTRiOTYzNWI5LTk2MDgyYjY2LWE0MzE2Zjdj [none]
[debug] [2025-12-17T18:49:17.797Z] [create-default-us-central1-expireInvitesAndCodes] Retrying task index 0
[debug] [2025-12-17T18:49:17.797Z] Checked if tokens are valid: true, expires at: 1766000738358
[debug] [2025-12-17T18:49:17.797Z] Checked if tokens are valid: true, expires at: 1766000738358
[debug] [2025-12-17T18:49:17.797Z] >>> [apiv2][query] GET https://cloudfunctions.googleapis.com/v1/operations/cHJvamVjdHMvcm9hZHRyaXAtcm95YWxlLWRldi1kMjY1Mi9sb2NhdGlvbnMvdXMtY2VudHJhbDEvb3BlcmF0aW9ucy9vcGVyYXRpb24tMTc2NTk5NzMzMTAyOC02NDYyYTRiOTcxYjA1LWFmZTc1MzZmLWUwNmY4OTcw [none]
[debug] [2025-12-17T18:49:17.821Z] <<< [apiv2][status] GET https://cloudfunctions.googleapis.com/v1/operations/cHJvamVjdHMvcm9hZHRyaXAtcm95YWxlLWRldi1kMjY1Mi9sb2NhdGlvbnMvdXMtY2VudHJhbDEvb3BlcmF0aW9ucy9vcGVyYXRpb24tMTc2NTk5NzMzMTAxNC02NDYyYTRiOTZlMTdlLWY5YjNjZTFlLWYwOTQ3NDc2 200
[debug] [2025-12-17T18:49:17.821Z] <<< [apiv2][body] GET https://cloudfunctions.googleapis.com/v1/operations/cHJvamVjdHMvcm9hZHRyaXAtcm95YWxlLWRldi1kMjY1Mi9sb2NhdGlvbnMvdXMtY2VudHJhbDEvb3BlcmF0aW9ucy9vcGVyYXRpb24tMTc2NTk5NzMzMTAxNC02NDYyYTRiOTZlMTdlLWY5YjNjZTFlLWYwOTQ3NDc2 {"name":"operations/cHJvamVjdHMvcm9hZHRyaXAtcm95YWxlLWRldi1kMjY1Mi9sb2NhdGlvbnMvdXMtY2VudHJhbDEvb3BlcmF0aW9ucy9vcGVyYXRpb24tMTc2NTk5NzMzMTAxNC02NDYyYTRiOTZlMTdlLWY5YjNjZTFlLWYwOTQ3NDc2","metadata":{"@type":"type.googleapis.com/google.cloud.functions.v1.OperationMetadataV1","target":"projects/roadtrip-royale-dev-d2652/locations/us-central1/functions/onAuthUserDeleted","type":"CREATE_FUNCTION","request":{"@type":"type.googleapis.com/google.cloud.functions.v1.CloudFunction","name":"projects/roadtrip-royale-dev-d2652/locations/us-central1/functions/onAuthUserDeleted","eventTrigger":{"eventType":"providers/firebase.auth/eventTypes/user.delete","resource":"projects/roadtrip-royale-dev-d2652","failurePolicy":{}},"entryPoint":"onAuthUserDeleted","updateTime":"1970-01-01T00:00:00Z","labels":{"deployment-tool":"cli-firebase","firebase-functions-hash":"7ed776848df965fd162ccf2b17e5157713773c4d"},"sourceUploadUrl":"https://storage.googleapis.com/uploads-995950081560.us-central1.cloudfunctions.appspot.com/d3e4617f-c584-410e-b8fc-d9c3cfc0c12d.zip?GoogleAccessId=service-900272218936@gcf-admin-robot.iam.gserviceaccount.com&Expires=1765999052&Signature=ZVoB%2BvLwqtAEitcDaZMHjVFx971YfVOKBAJlNy57P5EBVNCAPUHzOu4gg6R3cBdkNT0mbkPjDkKJPYMkjY5v4iZ%2BRlnvdGEOqZiSD0sbJ20i0xElss5EV9c7eIoitrkLH5aDhuLwmVX3XLbEyiZpSzy5XK6sK7ikawv%2FxsV5w%2Fy8cfcCG6KSTUXPDvMvMADSzkP25FVuy3gXjrL14zPEd15fMHF5BsU%2F6YmBNTFNFaiR3PxBjbtqRFozdKJEFlyiONvqn3pusSuKEBv3O2uGeIce48wacKz8kvZVlkqv0smUXLO6dqAGsoHoN1zV3dzieFV76WfnPiP36F4UiKeD8w%3D%3D","environmentVariables":{"FIREBASE_CONFIG":"{\"projectId\":\"roadtrip-royale-dev-d2652\",\"storageBucket\":\"roadtrip-royale-dev-d2652.firebasestorage.app\"}","GCLOUD_PROJECT":"roadtrip-royale-dev-d2652","EVENTARC_CLOUD_EVENT_SOURCE":"projects/roadtrip-royale-dev-d2652/locations/us-central1/functions/onAuthUserDeleted"},"runtime":"nodejs20","buildEnvironmentVariables":{"GOOGLE_NODE_RUN_SCRIPTS":""},"sourceToken":"eac1cfcc-da93-458f-9960-d8d7778c4fbb","dockerRegistry":"ARTIFACT_REGISTRY"},"versionId":"1","updateTime":"2025-12-17T18:49:10.305560477Z","buildId":"742e9056-7596-40d8-aebb-03a385eb9042","sourceToken":"eac1cfcc-da93-458f-9960-d8d7778c4fbb","buildName":"projects/900272218936/locations/us-central1/builds/742e9056-7596-40d8-aebb-03a385eb9042"},"done":true,"response":{"@type":"type.googleapis.com/google.cloud.functions.v1.CloudFunction","name":"projects/roadtrip-royale-dev-d2652/locations/us-central1/functions/onAuthUserDeleted","eventTrigger":{"eventType":"providers/firebase.auth/eventTypes/user.delete","resource":"projects/roadtrip-royale-dev-d2652","service":"firebaseauth.googleapis.com","failurePolicy":{}},"status":"ACTIVE","entryPoint":"onAuthUserDeleted","timeout":"60s","availableMemoryMb":256,"serviceAccountEmail":"roadtrip-royale-dev-d2652@appspot.gserviceaccount.com","updateTime":"2025-12-17T18:48:51.381712332Z","versionId":"1","labels":{"firebase-functions-hash":"7ed776848df965fd162ccf2b17e5157713773c4d","deployment-tool":"cli-firebase"},"sourceUploadUrl":"https://storage.googleapis.com/uploads-995950081560.us-central1.cloudfunctions.appspot.com/d3e4617f-c584-410e-b8fc-d9c3cfc0c12d.zip","environmentVariables":{"FIREBASE_CONFIG":"{\"projectId\":\"roadtrip-royale-dev-d2652\",\"storageBucket\":\"roadtrip-royale-dev-d2652.firebasestorage.app\"}","GCLOUD_PROJECT":"roadtrip-royale-dev-d2652","EVENTARC_CLOUD_EVENT_SOURCE":"projects/roadtrip-royale-dev-d2652/locations/us-central1/functions/onAuthUserDeleted"},"runtime":"nodejs20","maxInstances":3000,"ingressSettings":"ALLOW_ALL","buildId":"742e9056-7596-40d8-aebb-03a385eb9042","buildEnvironmentVariables":{"GOOGLE_NODE_RUN_SCRIPTS":""},"buildName":"projects/900272218936/locations/us-central1/builds/742e9056-7596-40d8-aebb-03a385eb9042","dockerRegistry":"ARTIFACT_REGISTRY","automaticUpdatePolicy":{},"buildServiceAccount":"projects/roadtrip-royale-dev-d2652/serviceAccounts/900272218936-compute@developer.gserviceaccount.com","satisfiesPzi":true}}
[debug] [2025-12-17T18:49:17.821Z] Got source token eac1cfcc-da93-458f-9960-d8d7778c4fbb for region us-central1
[info] ✔  functions[onAuthUserDeleted(us-central1)] Successful create operation. 
[debug] [2025-12-17T18:49:17.838Z] <<< [apiv2][status] GET https://cloudfunctions.googleapis.com/v1/operations/cHJvamVjdHMvcm9hZHRyaXAtcm95YWxlLWRldi1kMjY1Mi9sb2NhdGlvbnMvdXMtY2VudHJhbDEvb3BlcmF0aW9ucy9vcGVyYXRpb24tMTc2NTk5NzMzMTAwMS02NDYyYTRiOTZhZmM2LTU2ZDdlNTE1LTA5MDg3M2Iy 200
[debug] [2025-12-17T18:49:17.838Z] <<< [apiv2][body] GET https://cloudfunctions.googleapis.com/v1/operations/cHJvamVjdHMvcm9hZHRyaXAtcm95YWxlLWRldi1kMjY1Mi9sb2NhdGlvbnMvdXMtY2VudHJhbDEvb3BlcmF0aW9ucy9vcGVyYXRpb24tMTc2NTk5NzMzMTAwMS02NDYyYTRiOTZhZmM2LTU2ZDdlNTE1LTA5MDg3M2Iy {"name":"operations/cHJvamVjdHMvcm9hZHRyaXAtcm95YWxlLWRldi1kMjY1Mi9sb2NhdGlvbnMvdXMtY2VudHJhbDEvb3BlcmF0aW9ucy9vcGVyYXRpb24tMTc2NTk5NzMzMTAwMS02NDYyYTRiOTZhZmM2LTU2ZDdlNTE1LTA5MDg3M2Iy","metadata":{"@type":"type.googleapis.com/google.cloud.functions.v1.OperationMetadataV1","target":"projects/roadtrip-royale-dev-d2652/locations/us-central1/functions/approveFamilyJoinRequest_CaptainStep","type":"CREATE_FUNCTION","request":{"@type":"type.googleapis.com/google.cloud.functions.v1.CloudFunction","name":"projects/roadtrip-royale-dev-d2652/locations/us-central1/functions/approveFamilyJoinRequest_CaptainStep","httpsTrigger":{"securityLevel":"SECURE_ALWAYS"},"entryPoint":"approveFamilyJoinRequest_CaptainStep","updateTime":"1970-01-01T00:00:00Z","labels":{"deployment-tool":"cli-firebase","deployment-callable":"true","firebase-functions-hash":"7ed776848df965fd162ccf2b17e5157713773c4d"},"sourceUploadUrl":"https://storage.googleapis.com/uploads-995950081560.us-central1.cloudfunctions.appspot.com/d3e4617f-c584-410e-b8fc-d9c3cfc0c12d.zip?GoogleAccessId=service-900272218936@gcf-admin-robot.iam.gserviceaccount.com&Expires=1765999052&Signature=ZVoB%2BvLwqtAEitcDaZMHjVFx971YfVOKBAJlNy57P5EBVNCAPUHzOu4gg6R3cBdkNT0mbkPjDkKJPYMkjY5v4iZ%2BRlnvdGEOqZiSD0sbJ20i0xElss5EV9c7eIoitrkLH5aDhuLwmVX3XLbEyiZpSzy5XK6sK7ikawv%2FxsV5w%2Fy8cfcCG6KSTUXPDvMvMADSzkP25FVuy3gXjrL14zPEd15fMHF5BsU%2F6YmBNTFNFaiR3PxBjbtqRFozdKJEFlyiONvqn3pusSuKEBv3O2uGeIce48wacKz8kvZVlkqv0smUXLO6dqAGsoHoN1zV3dzieFV76WfnPiP36F4UiKeD8w%3D%3D","environmentVariables":{"FIREBASE_CONFIG":"{\"projectId\":\"roadtrip-royale-dev-d2652\",\"storageBucket\":\"roadtrip-royale-dev-d2652.firebasestorage.app\"}","GCLOUD_PROJECT":"roadtrip-royale-dev-d2652","EVENTARC_CLOUD_EVENT_SOURCE":"projects/roadtrip-royale-dev-d2652/locations/us-central1/functions/approveFamilyJoinRequest_CaptainStep"},"runtime":"nodejs20","buildEnvironmentVariables":{"GOOGLE_NODE_RUN_SCRIPTS":""},"sourceToken":"eac1cfcc-da93-458f-9960-d8d7778c4fbb","dockerRegistry":"ARTIFACT_REGISTRY"},"versionId":"1","updateTime":"2025-12-17T18:49:08.211333754Z","buildId":"742e9056-7596-40d8-aebb-03a385eb9042","sourceToken":"eac1cfcc-da93-458f-9960-d8d7778c4fbb","buildName":"projects/900272218936/locations/us-central1/builds/742e9056-7596-40d8-aebb-03a385eb9042"},"done":true,"response":{"@type":"type.googleapis.com/google.cloud.functions.v1.CloudFunction","name":"projects/roadtrip-royale-dev-d2652/locations/us-central1/functions/approveFamilyJoinRequest_CaptainStep","httpsTrigger":{"url":"https://us-central1-roadtrip-royale-dev-d2652.cloudfunctions.net/approveFamilyJoinRequest_CaptainStep","securityLevel":"SECURE_ALWAYS"},"status":"ACTIVE","entryPoint":"approveFamilyJoinRequest_CaptainStep","timeout":"60s","availableMemoryMb":256,"serviceAccountEmail":"roadtrip-royale-dev-d2652@appspot.gserviceaccount.com","updateTime":"2025-12-17T18:48:51.368122258Z","versionId":"1","labels":{"firebase-functions-hash":"7ed776848df965fd162ccf2b17e5157713773c4d","deployment-tool":"cli-firebase","deployment-callable":"true"},"sourceUploadUrl":"https://storage.googleapis.com/uploads-995950081560.us-central1.cloudfunctions.appspot.com/d3e4617f-c584-410e-b8fc-d9c3cfc0c12d.zip","environmentVariables":{"FIREBASE_CONFIG":"{\"projectId\":\"roadtrip-royale-dev-d2652\",\"storageBucket\":\"roadtrip-royale-dev-d2652.firebasestorage.app\"}","GCLOUD_PROJECT":"roadtrip-royale-dev-d2652","EVENTARC_CLOUD_EVENT_SOURCE":"projects/roadtrip-royale-dev-d2652/locations/us-central1/functions/approveFamilyJoinRequest_CaptainStep"},"runtime":"nodejs20","ingressSettings":"ALLOW_ALL","buildId":"742e9056-7596-40d8-aebb-03a385eb9042","buildEnvironmentVariables":{"GOOGLE_NODE_RUN_SCRIPTS":""},"buildName":"projects/900272218936/locations/us-central1/builds/742e9056-7596-40d8-aebb-03a385eb9042","dockerRegistry":"ARTIFACT_REGISTRY","automaticUpdatePolicy":{},"buildServiceAccount":"projects/roadtrip-royale-dev-d2652/serviceAccounts/900272218936-compute@developer.gserviceaccount.com","satisfiesPzi":true}}
[debug] [2025-12-17T18:49:17.838Z] Got source token eac1cfcc-da93-458f-9960-d8d7778c4fbb for region us-central1
[debug] [2025-12-17T18:49:17.838Z] Checked if tokens are valid: true, expires at: 1766000738358
[debug] [2025-12-17T18:49:17.838Z] Checked if tokens are valid: true, expires at: 1766000738358
[debug] [2025-12-17T18:49:17.838Z] >>> [apiv2][query] POST https://cloudfunctions.googleapis.com/v1/projects/roadtrip-royale-dev-d2652/locations/us-central1/functions/approveFamilyJoinRequest_CaptainStep:setIamPolicy [none]
[debug] [2025-12-17T18:49:17.838Z] >>> [apiv2][body] POST https://cloudfunctions.googleapis.com/v1/projects/roadtrip-royale-dev-d2652/locations/us-central1/functions/approveFamilyJoinRequest_CaptainStep:setIamPolicy {"policy":{"bindings":[{"role":"roles/cloudfunctions.invoker","members":["allUsers"]}],"etag":"","version":3},"updateMask":"bindings,etag,version"}
[debug] [2025-12-17T18:49:17.887Z] <<< [apiv2][status] GET https://cloudfunctions.googleapis.com/v1/operations/cHJvamVjdHMvcm9hZHRyaXAtcm95YWxlLWRldi1kMjY1Mi9sb2NhdGlvbnMvdXMtY2VudHJhbDEvb3BlcmF0aW9ucy9vcGVyYXRpb24tMTc2NTk5NzMzMDk3MC02NDYyYTRiOTYzNWI5LTk2MDgyYjY2LWE0MzE2Zjdj 200
[debug] [2025-12-17T18:49:17.887Z] <<< [apiv2][body] GET https://cloudfunctions.googleapis.com/v1/operations/cHJvamVjdHMvcm9hZHRyaXAtcm95YWxlLWRldi1kMjY1Mi9sb2NhdGlvbnMvdXMtY2VudHJhbDEvb3BlcmF0aW9ucy9vcGVyYXRpb24tMTc2NTk5NzMzMDk3MC02NDYyYTRiOTYzNWI5LTk2MDgyYjY2LWE0MzE2Zjdj {"name":"operations/cHJvamVjdHMvcm9hZHRyaXAtcm95YWxlLWRldi1kMjY1Mi9sb2NhdGlvbnMvdXMtY2VudHJhbDEvb3BlcmF0aW9ucy9vcGVyYXRpb24tMTc2NTk5NzMzMDk3MC02NDYyYTRiOTYzNWI5LTk2MDgyYjY2LWE0MzE2Zjdj","metadata":{"@type":"type.googleapis.com/google.cloud.functions.v1.OperationMetadataV1","target":"projects/roadtrip-royale-dev-d2652/locations/us-central1/functions/redeemShareCode","type":"CREATE_FUNCTION","request":{"@type":"type.googleapis.com/google.cloud.functions.v1.CloudFunction","name":"projects/roadtrip-royale-dev-d2652/locations/us-central1/functions/redeemShareCode","httpsTrigger":{"securityLevel":"SECURE_ALWAYS"},"entryPoint":"redeemShareCode","updateTime":"1970-01-01T00:00:00Z","labels":{"deployment-tool":"cli-firebase","deployment-callable":"true","firebase-functions-hash":"7ed776848df965fd162ccf2b17e5157713773c4d"},"sourceUploadUrl":"https://storage.googleapis.com/uploads-995950081560.us-central1.cloudfunctions.appspot.com/d3e4617f-c584-410e-b8fc-d9c3cfc0c12d.zip?GoogleAccessId=service-900272218936@gcf-admin-robot.iam.gserviceaccount.com&Expires=1765999052&Signature=ZVoB%2BvLwqtAEitcDaZMHjVFx971YfVOKBAJlNy57P5EBVNCAPUHzOu4gg6R3cBdkNT0mbkPjDkKJPYMkjY5v4iZ%2BRlnvdGEOqZiSD0sbJ20i0xElss5EV9c7eIoitrkLH5aDhuLwmVX3XLbEyiZpSzy5XK6sK7ikawv%2FxsV5w%2Fy8cfcCG6KSTUXPDvMvMADSzkP25FVuy3gXjrL14zPEd15fMHF5BsU%2F6YmBNTFNFaiR3PxBjbtqRFozdKJEFlyiONvqn3pusSuKEBv3O2uGeIce48wacKz8kvZVlkqv0smUXLO6dqAGsoHoN1zV3dzieFV76WfnPiP36F4UiKeD8w%3D%3D","environmentVariables":{"FIREBASE_CONFIG":"{\"projectId\":\"roadtrip-royale-dev-d2652\",\"storageBucket\":\"roadtrip-royale-dev-d2652.firebasestorage.app\"}","GCLOUD_PROJECT":"roadtrip-royale-dev-d2652","EVENTARC_CLOUD_EVENT_SOURCE":"projects/roadtrip-royale-dev-d2652/locations/us-central1/functions/redeemShareCode"},"runtime":"nodejs20","buildEnvironmentVariables":{"GOOGLE_NODE_RUN_SCRIPTS":""},"sourceToken":"eac1cfcc-da93-458f-9960-d8d7778c4fbb","dockerRegistry":"ARTIFACT_REGISTRY"},"versionId":"1","updateTime":"2025-12-17T18:49:07.830183123Z","buildId":"742e9056-7596-40d8-aebb-03a385eb9042","sourceToken":"eac1cfcc-da93-458f-9960-d8d7778c4fbb","buildName":"projects/900272218936/locations/us-central1/builds/742e9056-7596-40d8-aebb-03a385eb9042"},"done":true,"response":{"@type":"type.googleapis.com/google.cloud.functions.v1.CloudFunction","name":"projects/roadtrip-royale-dev-d2652/locations/us-central1/functions/redeemShareCode","httpsTrigger":{"url":"https://us-central1-roadtrip-royale-dev-d2652.cloudfunctions.net/redeemShareCode","securityLevel":"SECURE_ALWAYS"},"status":"ACTIVE","entryPoint":"redeemShareCode","timeout":"60s","availableMemoryMb":256,"serviceAccountEmail":"roadtrip-royale-dev-d2652@appspot.gserviceaccount.com","updateTime":"2025-12-17T18:48:51.330902977Z","versionId":"1","labels":{"firebase-functions-hash":"7ed776848df965fd162ccf2b17e5157713773c4d","deployment-tool":"cli-firebase","deployment-callable":"true"},"sourceUploadUrl":"https://storage.googleapis.com/uploads-995950081560.us-central1.cloudfunctions.appspot.com/d3e4617f-c584-410e-b8fc-d9c3cfc0c12d.zip","environmentVariables":{"FIREBASE_CONFIG":"{\"projectId\":\"roadtrip-royale-dev-d2652\",\"storageBucket\":\"roadtrip-royale-dev-d2652.firebasestorage.app\"}","GCLOUD_PROJECT":"roadtrip-royale-dev-d2652","EVENTARC_CLOUD_EVENT_SOURCE":"projects/roadtrip-royale-dev-d2652/locations/us-central1/functions/redeemShareCode"},"runtime":"nodejs20","ingressSettings":"ALLOW_ALL","buildId":"742e9056-7596-40d8-aebb-03a385eb9042","buildEnvironmentVariables":{"GOOGLE_NODE_RUN_SCRIPTS":""},"buildName":"projects/900272218936/locations/us-central1/builds/742e9056-7596-40d8-aebb-03a385eb9042","dockerRegistry":"ARTIFACT_REGISTRY","automaticUpdatePolicy":{},"buildServiceAccount":"projects/roadtrip-royale-dev-d2652/serviceAccounts/900272218936-compute@developer.gserviceaccount.com","satisfiesPzi":true}}
[debug] [2025-12-17T18:49:17.887Z] Got source token eac1cfcc-da93-458f-9960-d8d7778c4fbb for region us-central1
[debug] [2025-12-17T18:49:17.887Z] Checked if tokens are valid: true, expires at: 1766000738358
[debug] [2025-12-17T18:49:17.887Z] Checked if tokens are valid: true, expires at: 1766000738358
[debug] [2025-12-17T18:49:17.887Z] >>> [apiv2][query] POST https://cloudfunctions.googleapis.com/v1/projects/roadtrip-royale-dev-d2652/locations/us-central1/functions/redeemShareCode:setIamPolicy [none]
[debug] [2025-12-17T18:49:17.887Z] >>> [apiv2][body] POST https://cloudfunctions.googleapis.com/v1/projects/roadtrip-royale-dev-d2652/locations/us-central1/functions/redeemShareCode:setIamPolicy {"policy":{"bindings":[{"role":"roles/cloudfunctions.invoker","members":["allUsers"]}],"etag":"","version":3},"updateMask":"bindings,etag,version"}
[debug] [2025-12-17T18:49:17.929Z] <<< [apiv2][status] GET https://cloudfunctions.googleapis.com/v1/operations/cHJvamVjdHMvcm9hZHRyaXAtcm95YWxlLWRldi1kMjY1Mi9sb2NhdGlvbnMvdXMtY2VudHJhbDEvb3BlcmF0aW9ucy9vcGVyYXRpb24tMTc2NTk5NzMzMTAyOC02NDYyYTRiOTcxYjA1LWFmZTc1MzZmLWUwNmY4OTcw 200
[debug] [2025-12-17T18:49:17.929Z] <<< [apiv2][body] GET https://cloudfunctions.googleapis.com/v1/operations/cHJvamVjdHMvcm9hZHRyaXAtcm95YWxlLWRldi1kMjY1Mi9sb2NhdGlvbnMvdXMtY2VudHJhbDEvb3BlcmF0aW9ucy9vcGVyYXRpb24tMTc2NTk5NzMzMTAyOC02NDYyYTRiOTcxYjA1LWFmZTc1MzZmLWUwNmY4OTcw {"name":"operations/cHJvamVjdHMvcm9hZHRyaXAtcm95YWxlLWRldi1kMjY1Mi9sb2NhdGlvbnMvdXMtY2VudHJhbDEvb3BlcmF0aW9ucy9vcGVyYXRpb24tMTc2NTk5NzMzMTAyOC02NDYyYTRiOTcxYjA1LWFmZTc1MzZmLWUwNmY4OTcw","metadata":{"@type":"type.googleapis.com/google.cloud.functions.v1.OperationMetadataV1","target":"projects/roadtrip-royale-dev-d2652/locations/us-central1/functions/expireInvitesAndCodes","type":"CREATE_FUNCTION","request":{"@type":"type.googleapis.com/google.cloud.functions.v1.CloudFunction","name":"projects/roadtrip-royale-dev-d2652/locations/us-central1/functions/expireInvitesAndCodes","eventTrigger":{"eventType":"google.pubsub.topic.publish","resource":"projects/roadtrip-royale-dev-d2652/topics/firebase-schedule-expireInvitesAndCodes-us-central1","failurePolicy":{}},"entryPoint":"expireInvitesAndCodes","updateTime":"1970-01-01T00:00:00Z","labels":{"deployment-tool":"cli-firebase","deployment-scheduled":"true","firebase-functions-hash":"7ed776848df965fd162ccf2b17e5157713773c4d"},"sourceUploadUrl":"https://storage.googleapis.com/uploads-995950081560.us-central1.cloudfunctions.appspot.com/d3e4617f-c584-410e-b8fc-d9c3cfc0c12d.zip?GoogleAccessId=service-900272218936@gcf-admin-robot.iam.gserviceaccount.com&Expires=1765999052&Signature=ZVoB%2BvLwqtAEitcDaZMHjVFx971YfVOKBAJlNy57P5EBVNCAPUHzOu4gg6R3cBdkNT0mbkPjDkKJPYMkjY5v4iZ%2BRlnvdGEOqZiSD0sbJ20i0xElss5EV9c7eIoitrkLH5aDhuLwmVX3XLbEyiZpSzy5XK6sK7ikawv%2FxsV5w%2Fy8cfcCG6KSTUXPDvMvMADSzkP25FVuy3gXjrL14zPEd15fMHF5BsU%2F6YmBNTFNFaiR3PxBjbtqRFozdKJEFlyiONvqn3pusSuKEBv3O2uGeIce48wacKz8kvZVlkqv0smUXLO6dqAGsoHoN1zV3dzieFV76WfnPiP36F4UiKeD8w%3D%3D","environmentVariables":{"FIREBASE_CONFIG":"{\"projectId\":\"roadtrip-royale-dev-d2652\",\"storageBucket\":\"roadtrip-royale-dev-d2652.firebasestorage.app\"}","GCLOUD_PROJECT":"roadtrip-royale-dev-d2652","EVENTARC_CLOUD_EVENT_SOURCE":"projects/roadtrip-royale-dev-d2652/locations/us-central1/functions/expireInvitesAndCodes"},"runtime":"nodejs20","buildEnvironmentVariables":{"GOOGLE_NODE_RUN_SCRIPTS":""},"sourceToken":"eac1cfcc-da93-458f-9960-d8d7778c4fbb","dockerRegistry":"ARTIFACT_REGISTRY"},"versionId":"1","updateTime":"2025-12-17T18:49:08.390990887Z","buildId":"742e9056-7596-40d8-aebb-03a385eb9042","sourceToken":"eac1cfcc-da93-458f-9960-d8d7778c4fbb","buildName":"projects/900272218936/locations/us-central1/builds/742e9056-7596-40d8-aebb-03a385eb9042"},"done":true,"response":{"@type":"type.googleapis.com/google.cloud.functions.v1.CloudFunction","name":"projects/roadtrip-royale-dev-d2652/locations/us-central1/functions/expireInvitesAndCodes","eventTrigger":{"eventType":"google.pubsub.topic.publish","resource":"projects/roadtrip-royale-dev-d2652/topics/firebase-schedule-expireInvitesAndCodes-us-central1","service":"pubsub.googleapis.com","failurePolicy":{}},"status":"ACTIVE","entryPoint":"expireInvitesAndCodes","timeout":"60s","availableMemoryMb":256,"serviceAccountEmail":"roadtrip-royale-dev-d2652@appspot.gserviceaccount.com","updateTime":"2025-12-17T18:48:51.380757970Z","versionId":"1","labels":{"deployment-tool":"cli-firebase","deployment-scheduled":"true","firebase-functions-hash":"7ed776848df965fd162ccf2b17e5157713773c4d"},"sourceUploadUrl":"https://storage.googleapis.com/uploads-995950081560.us-central1.cloudfunctions.appspot.com/d3e4617f-c584-410e-b8fc-d9c3cfc0c12d.zip","environmentVariables":{"FIREBASE_CONFIG":"{\"projectId\":\"roadtrip-royale-dev-d2652\",\"storageBucket\":\"roadtrip-royale-dev-d2652.firebasestorage.app\"}","GCLOUD_PROJECT":"roadtrip-royale-dev-d2652","EVENTARC_CLOUD_EVENT_SOURCE":"projects/roadtrip-royale-dev-d2652/locations/us-central1/functions/expireInvitesAndCodes"},"runtime":"nodejs20","maxInstances":3000,"ingressSettings":"ALLOW_ALL","buildId":"742e9056-7596-40d8-aebb-03a385eb9042","buildEnvironmentVariables":{"GOOGLE_NODE_RUN_SCRIPTS":""},"buildName":"projects/900272218936/locations/us-central1/builds/742e9056-7596-40d8-aebb-03a385eb9042","dockerRegistry":"ARTIFACT_REGISTRY","automaticUpdatePolicy":{},"buildServiceAccount":"projects/roadtrip-royale-dev-d2652/serviceAccounts/900272218936-compute@developer.gserviceaccount.com","satisfiesPzi":true}}
[debug] [2025-12-17T18:49:17.929Z] Got source token eac1cfcc-da93-458f-9960-d8d7778c4fbb for region us-central1
[debug] [2025-12-17T18:49:17.930Z] Checked if tokens are valid: true, expires at: 1766000738358
[debug] [2025-12-17T18:49:17.930Z] Checked if tokens are valid: true, expires at: 1766000738358
[debug] [2025-12-17T18:49:17.930Z] >>> [apiv2][query] GET https://cloudscheduler.googleapis.com/v1/projects/roadtrip-royale-dev-d2652/locations/us-central1/jobs/firebase-schedule-expireInvitesAndCodes-us-central1 [none]
[debug] [2025-12-17T18:49:18.110Z] <<< [apiv2][status] POST https://cloudfunctions.googleapis.com/v1/projects/roadtrip-royale-dev-d2652/locations/us-central1/functions/approveFamilyJoinRequest_CaptainStep:setIamPolicy 200
[debug] [2025-12-17T18:49:18.110Z] <<< [apiv2][body] POST https://cloudfunctions.googleapis.com/v1/projects/roadtrip-royale-dev-d2652/locations/us-central1/functions/approveFamilyJoinRequest_CaptainStep:setIamPolicy {"version":1,"etag":"BwZGKk0zkR0=","bindings":[{"role":"roles/cloudfunctions.invoker","members":["allUsers"]}]}
[info] ✔  functions[approveFamilyJoinRequest_CaptainStep(us-central1)] Successful create operation. 
[debug] [2025-12-17T18:49:18.111Z] <<< [apiv2][status] POST https://cloudfunctions.googleapis.com/v1/projects/roadtrip-royale-dev-d2652/locations/us-central1/functions/redeemShareCode:setIamPolicy 200
[debug] [2025-12-17T18:49:18.111Z] <<< [apiv2][body] POST https://cloudfunctions.googleapis.com/v1/projects/roadtrip-royale-dev-d2652/locations/us-central1/functions/redeemShareCode:setIamPolicy {"version":1,"etag":"BwZGKk0zk1Y=","bindings":[{"role":"roles/cloudfunctions.invoker","members":["allUsers"]}]}
[info] ✔  functions[redeemShareCode(us-central1)] Successful create operation. 
[debug] [2025-12-17T18:49:18.170Z] <<< [apiv2][status] GET https://cloudscheduler.googleapis.com/v1/projects/roadtrip-royale-dev-d2652/locations/us-central1/jobs/firebase-schedule-expireInvitesAndCodes-us-central1 404
[debug] [2025-12-17T18:49:18.170Z] <<< [apiv2][body] GET https://cloudscheduler.googleapis.com/v1/projects/roadtrip-royale-dev-d2652/locations/us-central1/jobs/firebase-schedule-expireInvitesAndCodes-us-central1 {"error":{"code":404,"message":"Job not found.","status":"NOT_FOUND"}}
[debug] [2025-12-17T18:49:18.171Z] Checked if tokens are valid: true, expires at: 1766000738358
[debug] [2025-12-17T18:49:18.171Z] Checked if tokens are valid: true, expires at: 1766000738358
[debug] [2025-12-17T18:49:18.171Z] >>> [apiv2][query] POST https://cloudscheduler.googleapis.com/v1/projects/roadtrip-royale-dev-d2652/locations/us-central1/jobs [none]
[debug] [2025-12-17T18:49:18.171Z] >>> [apiv2][body] POST https://cloudscheduler.googleapis.com/v1/projects/roadtrip-royale-dev-d2652/locations/us-central1/jobs {"timeZone":"America/Los_Angeles","name":"projects/roadtrip-royale-dev-d2652/locations/us-central1/jobs/firebase-schedule-expireInvitesAndCodes-us-central1","pubsubTarget":{"topicName":"projects/roadtrip-royale-dev-d2652/topics/firebase-schedule-expireInvitesAndCodes-us-central1","attributes":{"scheduled":"true"}},"schedule":"every 5 minutes","retryConfig":{"maxDoublings":null,"retryCount":null,"maxBackoffDuration":null,"minBackoffDuration":null,"maxRetryDuration":null}}
